"","plot_year","spp","cover"
"1","BOB001_2021","ACMGLA",5.9
"2","BOB001_2021","ACMWRA",9.6
"3","BOB001_2021","ADFA",6
"4","BOB001_2021","ASTGAM",0.5
"5","BOB001_2021","EMMPEN",0.6
"6","BOB001_2021","ERICAL",31
"7","BOB001_2021","TRIMIC",13.7
"8","BOB001_2021","UROLIN",0.1
"9","BOB001_2022","ACMBRA",0.3
"10","BOB001_2022","ACMGLA",2
"11","BOB001_2022","ACMWRA",68
"12","BOB001_2022","ASTGAM",11
"13","BOB001_2022","ERICAL",117
"14","BOB001_2022","TRIBIF",0.5
"15","BOB001_2022","TRIMIC",23.1
"16","BOB001_2022","UROLIN",0.1
"17","BOB002_2021","ACMGLA",0.5
"18","BOB002_2021","ACMWRA",2
"19","BOB002_2021","ADFA",2
"20","BOB002_2021","ALLGIL",1.5
"21","BOB002_2021","ASTGAM",0.9
"22","BOB002_2021","CALBRE",4.6
"23","BOB002_2021","CHLPOM",33
"24","BOB002_2021","EMMPEN",1.8
"25","BOB002_2021","FESOCT",0.1
"26","BOB002_2021","NEMHET",8
"27","BOB002_2021","TRIMIC",0.3
"28","BOB002_2022","ACMWRA",0.05
"29","BOB002_2022","ALLGIL",0.3
"30","BOB002_2022","CALBRE",0
"31","BOB002_2022","CALMEN",0.05
"32","BOB002_2022","CHLPOM",38.05
"33","BOB002_2022","CYNGRA",0
"34","BOB002_2022","DAUPUS",0.1
"35","BOB002_2022","EMMPEN",0.1
"36","BOB002_2022","GALAPA",0.1
"37","BOB002_2022","MARWAT",2
"38","BOB002_2022","MIMAUR",6
"39","BOB002_2022","PHADIS",2
"40","BOB002_2022","RANHEB",0.1
"41","BOB002_2022","SANCRA",0
"42","BOB002_2022","TRIBIF",0.05
"43","BOB002_2022","TRILAX",0
"44","BOB002_2022","TRIMIC",0.05
"45","BOB003_2021","ALLGIL",0.1
"46","BOB003_2021","CALBRE",11.5
"47","BOB003_2021","CHLPOM",26
"48","BOB003_2021","CRACON",0.1
"49","BOB003_2021","EMMPEN",0.7
"50","BOB003_2021","FESOCT",4
"51","BOB003_2021","HESMIC",0.1
"52","BOB003_2021","LEPCAL",16
"53","BOB003_2021","MARFAB",8
"54","BOB003_2021","NEMHET",59.1
"55","BOB003_2021","TRIMIC",1.5
"56","BOB003_2022","ACMGLA",0.05
"57","BOB003_2022","ADFA",1
"58","BOB003_2022","ALLGIL",1
"59","BOB003_2022","AMSMEN",4
"60","BOB003_2022","CALBRE",4
"61","BOB003_2022","CHLPOM",35.2
"62","BOB003_2022","CRACON",1.2
"63","BOB003_2022","DAUPUS",0.6
"64","BOB003_2022","EMMPEN",0.1
"65","BOB003_2022","EPIBRA",1
"66","BOB003_2022","MARFAB",2
"67","BOB003_2022","MARWAT",1
"68","BOB003_2022","PENTRI",1
"69","BOB003_2022","RANHEB",0.05
"70","BOB003_2022","THYCUR",3.3
"71","BOB003_2022","TRIMIC",0.1
"72","BOB004_2021","ACMBRA",0.1
"73","BOB004_2021","ACMGLA",0.4
"74","BOB004_2021","ADFA",42.5
"75","BOB004_2021","ALLGIL",2.6
"76","BOB004_2021","CALBRE",0.5
"77","BOB004_2021","CHLPOM",2
"78","BOB004_2021","CRACON",0.8
"79","BOB004_2021","ERILAN",0.4
"80","BOB004_2021","FESOCT",0.5
"81","BOB004_2021","LOGFIL",0.2
"82","BOB004_2022","ACMBRA",15
"83","BOB004_2022","ACMGLA",12
"84","BOB004_2022","ADFA",160.1
"85","BOB004_2022","ALLGIL",0.1
"86","BOB004_2022","CHLPOM",7.1
"87","BOB004_2022","CRYPTANTHA",0.1
"88","BOB004_2022","ERICAL",5
"89","BOB005_2021","ACMBRA",1.3
"90","BOB005_2021","ACMGLA",31.21
"91","BOB005_2021","ADFA",15
"92","BOB005_2021","CHLPOM",22
"93","BOB005_2021","MADGRA",0.1
"94","BOB005_2022","ACMBRA",9
"95","BOB005_2022","ADFA",36
"96","BOB005_2022","ASTGAM",1
"97","BOB005_2022","CHLPOM",10
"98","BOB005_2022","CRACON",0.05
"99","BOB005_2022","ERICAL",25
"100","BOB005_2022","UROLIN",1.6
"101","BOB006_2021","ACMGLA",2.5
"102","BOB006_2021","ACMWRA",6.7
"103","BOB006_2021","ASTGAM",5.5
"104","BOB006_2021","CALBRE",0.6
"105","BOB006_2021","ERICAL",34.5
"106","BOB006_2021","LUPNAN",0.2
"107","BOB006_2022","ACMBRA",10
"108","BOB006_2022","ACMGLA",8
"109","BOB006_2022","ACMWRA",3
"110","BOB006_2022","ASTGAM",30.1
"111","BOB006_2022","ERICAL",44
"112","BOB007_2021","ADFA",5
"113","BOB007_2021","AMSMEN",0.3
"114","BOB007_2021","CALPUR",8
"115","BOB007_2021","CLAPAR",0.5
"116","BOB007_2021","DICVOL",7
"117","BOB007_2021","ESCCAE",2
"118","BOB007_2021","FESMIC",0.6
"119","BOB007_2021","GALAPA",0.2
"120","BOB007_2021","GALPOR",0.5
"121","BOB007_2021","HEAR",6
"122","BOB007_2021","LEPCAL",59
"123","BOB007_2021","MADGRA",1
"124","BOB007_2021","RANHEB",4.3
"125","BOB007_2021","TOXDIV",32
"126","BOB007_2021","TOXFRE",4.4
"127","BOB007_2022","ADFA",20
"128","BOB007_2022","AMSMEN",10.2
"129","BOB007_2022","DAUPUS",0.1
"130","BOB007_2022","GALAPA",1.5
"131","BOB007_2022","HEAR",20
"132","BOB007_2022","LEPCAL",150
"133","BOB007_2022","MADGRA",3.5
"134","BOB007_2022","MADSAT",1.5
"135","BOB007_2022","RANHEB",3
"136","BOB007_2022","TOXDIV",68
"137","BOB007_2022","TOXFRE",7.1
"138","BOB008_2021","ADFA",1
"139","BOB008_2021","ANTVEX",0.4
"140","BOB008_2021","CALPUR",6.6
"141","BOB008_2021","CLAPAR",15.5
"142","BOB008_2021","CLELAS",18
"143","BOB008_2021","DICVOL",2.8
"144","BOB008_2021","GALAPA",0.9
"145","BOB008_2021","LEPCAL",0.4
"146","BOB008_2021","NEMHET",11.5
"147","BOB008_2021","NEMMEN",1
"148","BOB008_2021","POASEC",1.1
"149","BOB008_2021","QUWI",0.3
"150","BOB008_2021","RANHEB",0.5
"151","BOB008_2021","SYMMOL",6.5
"152","BOB008_2021","TOXDIV",6
"153","BOB008_2021","TOXFRE",9.6
"154","BOB008_2021","TRILAX",0.7
"155","BOB008_2022","ACMWRA",0.1
"156","BOB008_2022","ADFA",1
"157","BOB008_2022","CALAMA",1
"158","BOB008_2022","CALPUR",3.5
"159","BOB008_2022","CAROLI",0.1
"160","BOB008_2022","CLAPAR",3.5
"161","BOB008_2022","CLELAS",30
"162","BOB008_2022","DAUPUS",0.3
"163","BOB008_2022","FESMIC",4
"164","BOB008_2022","FRADIP",8
"165","BOB008_2022","GALAPA",12
"166","BOB008_2022","KOEMAC",2
"167","BOB008_2022","LEPCAL",85
"168","BOB008_2022","MADGRA",1.5
"169","BOB008_2022","NEMHET",75
"170","BOB008_2022","RANHEB",1
"171","BOB008_2022","SANCRA",0.2
"172","BOB008_2022","SYMMOL",12
"173","BOB008_2022","THYCUR",0.1
"174","BOB008_2022","TOXDIV",4
"175","BOB008_2022","TOXFRE",2.5
"176","BOB008_2022","TRIMIC",0.1
"177","BOB009_2021","ACMBRA",0.7
"178","BOB009_2021","ACMGLA",1.1
"179","BOB009_2021","ADFA",39
"180","BOB009_2021","ASTGAM",0.5
"181","BOB009_2021","CALBRE",0.4
"182","BOB009_2021","CHLPOM",3
"183","BOB009_2021","DAUPUS",3.3
"184","BOB009_2021","EMMPEN",3.1
"185","BOB009_2021","ERICAL",14
"186","BOB009_2021","SILANT",0.2
"187","BOB009_2022","ACMBRA",9.55
"188","BOB009_2022","ACMGLA",5.5
"189","BOB009_2022","ADFA",10
"190","BOB009_2022","DAUPUS",0.1
"191","BOB009_2022","ERICAL",55.05
"192","BOB009_2022","STILEP",12
"193","BOB010_2021","ACMBRA",10
"194","BOB010_2021","ACMGLA",0.1
"195","BOB010_2021","ADFA",24
"196","BOB010_2021","ALLGIL",0.8
"197","BOB010_2021","ASTGAM",0.1
"198","BOB010_2021","DAUPUS",0.9
"199","BOB010_2021","DIPCAP",0.5
"200","BOB010_2021","EMMPEN",0.7
"201","BOB010_2021","ERICAL",13
"202","BOB010_2021","STILEP",1.5
"203","BOB010_2021","THYCUR",0.2
"204","BOB010_2021","TRIMIC",10
"205","BOB010_2022","ACMBRA",66
"206","BOB010_2022","ADFA",37
"207","BOB010_2022","AMSMEN",0.1
"208","BOB010_2022","CHLPOM",0.05
"209","BOB010_2022","DIPCAP",1
"210","BOB010_2022","ERICAL",21
"211","BOB010_2022","ESCCAE",0.05
"212","BOB010_2022","STILEP",5
"213","BOB010_2022","THYCUR",2.1
"214","BOB010_2022","TRIMIC",3
"215","BOB011_2021","ACMBRA",7.5
"216","BOB011_2021","ACMGLA",4
"217","BOB011_2021","ADFA",19
"218","BOB011_2021","APIANG",1.2
"219","BOB011_2021","CALBRE",0.5
"220","BOB011_2021","CHLPOM",43
"221","BOB011_2021","EMMPEN",0.8
"222","BOB011_2021","ESCCAE",5.3
"223","BOB011_2022","ACMBRA",44.5
"224","BOB011_2022","ACMGLA",11
"225","BOB011_2022","ADFA",0.2
"226","BOB011_2022","CHLPOM",25
"227","BOB011_2022","ESCCAE",50
"228","BOB011_2022","RAFCAL",0.5
"229","BOB011_2022","UROLIN",0.6
"230","BOB012_2021","ACMGLA",0.1
"231","BOB012_2021","ACMWRA",28
"232","BOB012_2021","ADFA",26
"233","BOB012_2021","AGOGRA",0.1
"234","BOB012_2021","ALLGIL",0.3
"235","BOB012_2021","ANTVEX",2.5
"236","BOB012_2021","APIANG",0.5
"237","BOB012_2021","CHLPOM",14
"238","BOB012_2021","DICVOL",0.5
"239","BOB012_2021","DIPCAP",0.5
"240","BOB012_2021","ERICAL",34
"241","BOB012_2021","ESCCAE",7.5
"242","BOB012_2021","LUPSUC",0.3
"243","BOB012_2021","MADGRA",0.2
"244","BOB012_2021","STILEP",0.5
"245","BOB012_2021","STIPUL",2
"246","BOB012_2021","TRICIL",1.5
"247","BOB012_2021","TRILAX",1
"248","BOB012_2022","ACMAME",18
"249","BOB012_2022","ACMWRA",81
"250","BOB012_2022","ADFA",15
"251","BOB012_2022","CHLPOM",15.5
"252","BOB012_2022","DIPCAP",0.5
"253","BOB012_2022","EMMPEN",0.1
"254","BOB012_2022","ERICAL",85
"255","BOB012_2022","ESCCAE",7
"256","BOB012_2022","LUPSUC",2
"257","BOB012_2022","RAFCAL",2
"258","BOB012_2022","SALCOL",0.3
"259","BOB012_2022","STILEP",5
"260","BOB012_2022","TRICIL",1.6
"261","BOB012_2022","TRILAX",1
"262","BOB012_2022","TRIMIC",3
"263","BOB012_2022","UROLIN",1
"264","BOB013_2021","ACMWRA",2.5
"265","BOB013_2021","AMSMEN",1.7
"266","BOB013_2021","CALBRE",0.2
"267","BOB013_2021","CHLPOM",11.8
"268","BOB013_2021","CLAUNG",1
"269","BOB013_2021","COLGRA",0.4
"270","BOB013_2021","CYNGRA",0
"271","BOB013_2021","DAUPUS",0.3
"272","BOB013_2021","DIPCAP",0.2
"273","BOB013_2021","ESCCAE",0.1
"274","BOB013_2021","GALPOR",0.1
"275","BOB013_2021","LEPCAL",26
"276","BOB013_2021","MADGRA",0.1
"277","BOB013_2021","MARFAB",5
"278","BOB013_2021","MARWAT",0.3
"279","BOB013_2021","MICCAL",0.8
"280","BOB013_2021","PENTRI",1
"281","BOB013_2021","PLECTRITIS",2.8
"282","BOB013_2021","RANHEB",0.7
"283","BOB013_2021","RIBMAL",2
"284","BOB013_2021","STILEP",25
"285","BOB013_2021","THYCUR",0.2
"286","BOB013_2021","TOXDIV",21.5
"287","BOB013_2021","TRIBIF",3.1
"288","BOB013_2021","TRIMIC",2.8
"289","BOB013_2021","YABMIC",0.6
"290","BOB013_2022","ACMWRA",3.3
"291","BOB013_2022","AMSMEN",13
"292","BOB013_2022","CHLPOM",1
"293","BOB013_2022","CLAPUR",0.3
"294","BOB013_2022","DAUPUS",0.5
"295","BOB013_2022","DIPCAP",0.2
"296","BOB013_2022","ESCCAE",3
"297","BOB013_2022","LEPBIC",5
"298","BOB013_2022","LEPCAL",19
"299","BOB013_2022","LUPNAN",3
"300","BOB013_2022","LUPSUC",30
"301","BOB013_2022","MADGRA",0.2
"302","BOB013_2022","MARFAB",20
"303","BOB013_2022","MARWAT",0.2
"304","BOB013_2022","MELICA",5
"305","BOB013_2022","PENTRI",0.2
"306","BOB013_2022","PLECTRITIS",3
"307","BOB013_2022","RANHEB",4
"308","BOB013_2022","STILEP",16
"309","BOB013_2022","THYCUR",2
"310","BOB013_2022","TOXDIV",11
"311","BOB013_2022","TRIBIF",0.6
"312","BOB013_2022","TRIMIC",4
"313","BOB014_2021","ACMGLA",0.3
"314","BOB014_2021","ANTVEX",0.2
"315","BOB014_2021","APIANG",3.5
"316","BOB014_2021","CEACUN",0.3
"317","BOB014_2021","CHLPOM",56.1
"318","BOB014_2021","CLELAS",6
"319","BOB014_2021","DICVOL",3.5
"320","BOB014_2021","EMMPEN",1.8
"321","BOB014_2021","ERICAL",0.4
"322","BOB014_2021","HEAR",10
"323","BOB014_2021","LEPCAL",9
"324","BOB014_2021","LUPSUC",0.6
"325","BOB014_2021","MARWAT",10
"326","BOB014_2021","QUEBER",13
"327","BOB014_2021","RANHEB",2.7
"328","BOB014_2021","TOXDIV",30
"329","BOB014_2021","TOXFRE",3.7
"330","BOB014_2021","TRILAX",2.2
"331","BOB014_2022","ADFA",5.5
"332","BOB014_2022","ANTVEX",0.2
"333","BOB014_2022","APIANG",0.3
"334","BOB014_2022","CHLPOM",3.1
"335","BOB014_2022","CLAPUR",0.2
"336","BOB014_2022","CLELAS",6
"337","BOB014_2022","DAUPUS",0.05
"338","BOB014_2022","DICVOL",0.1
"339","BOB014_2022","EMMPEN",5
"340","BOB014_2022","ERICAL",3
"341","BOB014_2022","HEAR",20
"342","BOB014_2022","LEPCAL",62
"343","BOB014_2022","LUPSUC",1
"344","BOB014_2022","MARWAT",11
"345","BOB014_2022","QUEBER",35
"346","BOB014_2022","RAFCAL",5.4
"347","BOB014_2022","RANHEB",0.2
"348","BOB014_2022","TOXDIV",15
"349","BOB014_2022","TOXFRE",0.6
"350","BOB014_2022","UROLIN",0.2
"351","BOB015_2021","ACMWRA",0.6
"352","BOB015_2021","ADFA",13
"353","BOB015_2021","CYNGRA",22
"354","BOB015_2021","DAUPUS",1.3
"355","BOB015_2021","DICVOL",4.8
"356","BOB015_2021","GALPOR",13
"357","BOB015_2021","LEPCAL",88
"358","BOB015_2021","MADGRA",0.1
"359","BOB015_2021","NEMHET",0.6
"360","BOB015_2021","SANCRA",0.2
"361","BOB015_2021","TOXDIV",7
"362","BOB015_2021","TOXFRE",9
"363","BOB015_2021","TRILAX",4
"364","BOB015_2022","ACMWRA",2.3
"365","BOB015_2022","ADFA",6
"366","BOB015_2022","CALAMA",0.5
"367","BOB015_2022","CLAPUR",0.05
"368","BOB015_2022","CYNGRA",30
"369","BOB015_2022","DAUPUS",0.7
"370","BOB015_2022","DICVOL",0.3
"371","BOB015_2022","ERICAL",5
"372","BOB015_2022","FESMIC",0
"373","BOB015_2022","HEAR",5
"374","BOB015_2022","LEPCAL",153
"375","BOB015_2022","MADGRA",0.1
"376","BOB015_2022","MARWAT",3
"377","BOB015_2022","NEMHET",0.3
"378","BOB015_2022","TOXFRE",0.6
"379","BOB016_2021","AMSMEN",2.6
"380","BOB016_2021","CAROLI",0.3
"381","BOB016_2021","CHLPOM",1.5
"382","BOB016_2021","COLSPA",0.1
"383","BOB016_2021","DAUPUS",0.4
"384","BOB016_2021","DICVOL",6.3
"385","BOB016_2021","EMMPEN",0.6
"386","BOB016_2021","ERICAL",28.2
"387","BOB016_2021","GALPOR",0.3
"388","BOB016_2021","HEAR",5
"389","BOB016_2021","LEPCAL",44
"390","BOB016_2021","MARWAT",4.5
"391","BOB016_2021","MIMAUR",0.2
"392","BOB016_2021","NEMHET",0.5
"393","BOB016_2021","RAFCAL",0.8
"394","BOB016_2021","RANHEB",3.5
"395","BOB016_2021","STILEP",4
"396","BOB016_2021","THYCUR",0.2
"397","BOB016_2021","TOXDIV",10
"398","BOB016_2021","TOXFRE",4
"399","BOB016_2021","TRILAX",5
"400","BOB016_2022","ACMBRA",0.5
"401","BOB016_2022","ACMWRA",0.8
"402","BOB016_2022","ADFA",0.1
"403","BOB016_2022","AMSMEN",8
"404","BOB016_2022","CHLPOM",0.2
"405","BOB016_2022","DAUPUS",0.2
"406","BOB016_2022","ERICAL",42.5
"407","BOB016_2022","GALPOR",15
"408","BOB016_2022","LEPCAL",74
"409","BOB016_2022","MADGRA",1.5
"410","BOB016_2022","MARWAT",4
"411","BOB016_2022","RANHEB",0.1
"412","BOB016_2022","STILEP",4
"413","BOB016_2022","THYCUR",3
"414","BOB016_2022","TOXDIV",5
"415","BOB016_2022","TOXFRE",0.6
"416","BOB017_2021","ACMGLA",0.6
"417","BOB017_2021","APHOCC",1
"418","BOB017_2021","CHLPOM",8
"419","BOB017_2021","COLSPA",0.8
"420","BOB017_2021","DAUPUS",0.1
"421","BOB017_2021","ERICAL",60
"422","BOB017_2021","ESCCAE",1
"423","BOB017_2021","RAFCAL",0.1
"424","BOB017_2021","SALCOL",0.1
"425","BOB017_2021","SILANT",1.1
"426","BOB017_2022","ACMGLA",25.05
"427","BOB017_2022","ACMWRA",2
"428","BOB017_2022","ADFA",17
"429","BOB017_2022","CHLPOM",0.05
"430","BOB017_2022","ERICAL",140
"431","BOB017_2022","LEPCAL",1
"432","BOB017_2022","SALCOL",0.05
"433","BOB018_2021","ACMGLA",0.3
"434","BOB018_2021","ADFA",31
"435","BOB018_2021","CALBRE",1
"436","BOB018_2021","DAUPUS",0.8
"437","BOB018_2021","EMMPEN",0.5
"438","BOB018_2021","ERICAL",39.2
"439","BOB018_2021","ERILAN",21
"440","BOB018_2021","ESCCAE",9.5
"441","BOB018_2021","NEMHET",0.8
"442","BOB018_2021","RAFCAL",0.1
"443","BOB018_2021","SILANT",0.1
"444","BOB018_2022","ACMGLA",0.05
"445","BOB018_2022","ADFA",68
"446","BOB018_2022","ERICAL",61
"447","BOB018_2022","ESCCAE",0.3
"448","BOB018_2022","THYCUR",0.05
"449","BOB019_2021","CAROLI",2
"450","BOB019_2021","CLAPAR",0.8
"451","BOB019_2021","COLSPA",0.1
"452","BOB019_2021","DICVOL",5
"453","BOB019_2021","DIPCAP",1
"454","BOB019_2021","EMMPEN",0.5
"455","BOB019_2021","KOEMAC",5
"456","BOB019_2021","LEPCAL",40.5
"457","BOB019_2021","MADGRA",3.5
"458","BOB019_2021","MARWAT",0.9
"459","BOB019_2021","QUEBER",1
"460","BOB019_2021","SYMMOL",0.1
"461","BOB019_2021","TOXDIV",3
"462","BOB019_2021","TRILAX",1.5
"463","BOB019_2022","ACMWRA",0.55
"464","BOB019_2022","AMSMEN",2
"465","BOB019_2022","CASATT",0.2
"466","BOB019_2022","KOEMAC",5
"467","BOB019_2022","LEPCAL",94
"468","BOB019_2022","MADGRA",3.1
"469","BOB019_2022","MARFAB",2
"470","BOB019_2022","MARWAT",5
"471","BOB019_2022","SOLXAN",0.3
"472","BOB019_2022","THYCUR",0.2
"473","BOB019_2022","TOXDIV",12
"474","BOB019_2022","TOXFRE",0.1
"475","BOB019_2022","TRILAX",0.1
"476","CCC001_2021","ACMGLA",0.3
"477","CCC001_2021","CALPUR",2.1
"478","CCC001_2021","CEAOLI",1.7
"479","CCC001_2021","CLELAS",32
"480","CCC001_2021","COLHET",0.1
"481","CCC001_2021","COLSPA",1.2
"482","CCC001_2021","DICVOL",35.5
"483","CCC001_2021","DIPCAP",4.5
"484","CCC001_2021","ERICAL",0.1
"485","CCC001_2021","GALAPA",3.9
"486","CCC001_2021","GALPOR",0.6
"487","CCC001_2021","GITSPE",0.1
"488","CCC001_2021","HEAR",0.2
"489","CCC001_2021","POASEC",0.1
"490","CCC001_2021","PRIHEN",0.7
"491","CCC001_2021","QUWI",0.3
"492","CCC001_2021","RANHEB",2.1
"493","CCC001_2021","SANCRA",0.2
"494","CCC001_2021","SYMMOL",0.5
"495","CCC001_2021","TOXDIV",1
"496","CCC001_2021","TRILAX",1.5
"497","CCC001_2022","ANTVEX",0.1
"498","CCC001_2022","CAROLI",8.5
"499","CCC001_2022","CLAPAR",85
"500","CCC001_2022","CLELAS",72.05
"501","CCC001_2022","COLHET",0.5
"502","CCC001_2022","DICVOL",2.3
"503","CCC001_2022","GALAPA",70
"504","CCC001_2022","GALPOR",15
"505","CCC001_2022","MADELE",1
"506","CCC001_2022","MADSAT",1
"507","CCC001_2022","POASEC",0.5
"508","CCC001_2022","PRIHEN",2
"509","CCC001_2022","QUWI",5.5
"510","CCC001_2022","RAFCAL",4.5
"511","CCC001_2022","RANHEB",15.7
"512","CCC001_2022","SYMMOL",2.2
"513","CCC001_2022","THYCUR",0.5
"514","CCC001_2022","TOXDIV",3
"515","CCC001_2022","UROLIN",3
"516","CCC002_2021","ARCMAN",0.2
"517","CCC002_2021","CALPUR",0.3
"518","CCC002_2021","CLELAS",0.5
"519","CCC002_2021","DESDAN",3
"520","CCC002_2021","DICVOL",20
"521","CCC002_2021","EPIBRA",0.1
"522","CCC002_2021","ERICAL",0.1
"523","CCC002_2021","GALPOR",0.8
"524","CCC002_2021","GITSPE",0.1
"525","CCC002_2021","HELCAL",1
"526","CCC002_2021","HOLDIS",0.3
"527","CCC002_2021","MONVIL",2.1
"528","CCC002_2021","PIPERIA",0.1
"529","CCC002_2021","PRIHEN",2.3
"530","CCC002_2021","QUWI",3.3
"531","CCC002_2021","RANHEB",0.2
"532","CCC002_2022","CAROLI",0.2
"533","CCC002_2022","CLAPAR",0.5
"534","CCC002_2022","CLAPUR",0.8
"535","CCC002_2022","CLELAS",5
"536","CCC002_2022","DAUPUS",0.1
"537","CCC002_2022","DICVOL",5.3
"538","CCC002_2022","GALAPA",2.1
"539","CCC002_2022","HELCAL",4
"540","CCC002_2022","HESMIC",2
"541","CCC002_2022","HOLDIS",1
"542","CCC002_2022","MONVIL",9.1
"543","CCC002_2022","PIPERIA",0.9
"544","CCC002_2022","POASEC",4
"545","CCC002_2022","PRIHEN",7
"546","CCC002_2022","QUWI",46.7
"547","CCC002_2022","RAFCAL",1
"548","CCC002_2022","RANHEB",13.5
"549","CCC002_2022","TOXDIV",4
"550","CCC002_2022","UROLIN",1
"551","CCC003_2021","ADFA",5.1
"552","CCC003_2021","CALBRE",0.9
"553","CCC003_2021","CEACUN",1
"554","CCC003_2021","ERICAL",0.1
"555","CCC003_2022","ACMGLA",9.9
"556","CCC003_2022","ACMWRA",16
"557","CCC003_2022","ADFA",16.4
"558","CCC003_2022","ANTVEX",5.5
"559","CCC003_2022","CALBRE",3
"560","CCC003_2022","CEACUN",11.5
"561","CCC003_2022","EMMPEN",15
"562","CCC003_2022","ERICAL",16
"563","CCC004_2021","ACHMIL",1
"564","CCC004_2021","AESCAL",0.5
"565","CCC004_2021","CALPUR",1.2
"566","CCC004_2021","CEAOLI",3.2
"567","CCC004_2021","CLAPAR",42
"568","CCC004_2021","CLAUNG",11
"569","CCC004_2021","CLELAS",0.3
"570","CCC004_2021","DICFOR",2.8
"571","CCC004_2021","EMMPEN",1.4
"572","CCC004_2021","ERICAL",0.4
"573","CCC004_2021","GALAPA",12.3
"574","CCC004_2021","GALPOR",0.4
"575","CCC004_2021","LEPCAL",4.4
"576","CCC004_2021","MARWAT",8.5
"577","CCC004_2021","NEMHET",5
"578","CCC004_2021","POASEC",0.8
"579","CCC004_2021","QUWI",2
"580","CCC004_2021","RANHEB",0.5
"581","CCC004_2021","SANCRA",20.1
"582","CCC004_2021","TOXDIV",6.1
"583","CCC004_2022","APIANG",0.1
"584","CCC004_2022","CALPUR",1
"585","CCC004_2022","CLAPAR",240
"586","CCC004_2022","CLAPUR",82.5
"587","CCC004_2022","CLELAS",1
"588","CCC004_2022","EPIBRA",0.6
"589","CCC004_2022","GALAPA",21
"590","CCC004_2022","LEPCAL",2
"591","CCC004_2022","MADSAT",1
"592","CCC004_2022","MARWAT",20
"593","CCC004_2022","NEMHET",22
"594","CCC004_2022","POASEC",7
"595","CCC004_2022","QUWI",17
"596","CCC004_2022","RANHEB",0.5
"597","CCC004_2022","SANCRA",1
"598","CCC004_2022","THYCUR",0.2
"599","CCC004_2022","TOXDIV",18
"600","CCC005_2021","ACMGLA",0.6
"601","CCC005_2021","ADFA",0.1
"602","CCC005_2021","APIANG",26
"603","CCC005_2021","CHLPOM",11
"604","CCC005_2021","DICVOL",0.5
"605","CCC005_2021","ERICAL",0.4
"606","CCC005_2021","LEPCAL",0.1
"607","CCC005_2021","TRIMIC",0.3
"608","CCC005_2022","ACMGLA",49.5
"609","CCC005_2022","ACMWRA",115
"610","CCC005_2022","ADFA",7.1
"611","CCC005_2022","ANTVEX",52
"612","CCC005_2022","APIANG",3.7
"613","CCC005_2022","BRODIEA",4
"614","CCC005_2022","CALBRE",6
"615","CCC005_2022","CAMINT",3.5
"616","CCC005_2022","CEACUN",2
"617","CCC005_2022","EMMPEN",2
"618","CCC005_2022","ERICAL",2
"619","CCC005_2022","LEPCAL",11
"620","CCC005_2022","PHAIMB",1.5
"621","CCC005_2022","RAFCAL",28
"622","CCC005_2022","TRIBIF",1.5
"623","CCC005_2022","TRIMIC",8
"624","CCC006_2021","ACMGLA",0.1
"625","CCC006_2021","ADFA",19.5
"626","CCC006_2021","CEACUN",0.4
"627","CCC006_2022","ADFA",52
"628","CCC006_2022","CEACUN",0.2
"629","CCC006_2022","ERICAL",0.1
"630","CCC007_2021","ACMWRA",4.2
"631","CCC007_2021","AMSMEN",4.5
"632","CCC007_2021","DAUPUS",3.1
"633","CCC007_2021","ERICAL",2
"634","CCC007_2021","GALPOR",0.4
"635","CCC007_2021","LUPNAN",0.3
"636","CCC007_2021","LUPSUC",0.6
"637","CCC007_2021","MADELE",0.1
"638","CCC007_2021","PLAERE",0.4
"639","CCC007_2021","TOXDIV",4
"640","CCC007_2021","TRICIL",0.7
"641","CCC007_2021","TRILAX",2
"642","CCC007_2021","TRIMIC2",0.6
"643","CCC007_2022","ACMWRA",8.1
"644","CCC007_2022","AMSMEN",1.5
"645","CCC007_2022","ANTVEX",0.1
"646","CCC007_2022","CLACON",0.1
"647","CCC007_2022","DAUPUS",4.3
"648","CCC007_2022","ERICAL",2.5
"649","CCC007_2022","GALPOR",0.3
"650","CCC007_2022","LUPNAN",3
"651","CCC007_2022","LUPSUC",2.5
"652","CCC007_2022","MADELE",0.3
"653","CCC007_2022","PLAERE",5.5
"654","CCC007_2022","TOXDIV",7
"655","CCC007_2022","TRICIL",0.1
"656","CCC007_2022","TRIMIC",5.5
"657","CCC007_2022","TRIMIC2",0.4
"658","CCC008_2021","ACMGLA",2.1
"659","CCC008_2021","ACMWRA",3
"660","CCC008_2021","ADFA",8.4
"661","CCC008_2021","ANTVEX",20.5
"662","CCC008_2021","APIANG",0.5
"663","CCC008_2021","ASTGAM",7
"664","CCC008_2021","CALBRE",15.4
"665","CCC008_2021","CAULAS",1.6
"666","CCC008_2021","CHLPOM",0.3
"667","CCC008_2021","DAUPUS",7.8
"668","CCC008_2021","DICVOL",1
"669","CCC008_2021","ERICAL",7.5
"670","CCC008_2021","ESCCAE",0.1
"671","CCC008_2021","GILCAP",30.3
"672","CCC008_2021","RAFCAL",3
"673","CCC008_2021","STILEP",1
"674","CCC008_2021","TRIMIC2",0.3
"675","CCC008_2022","ACMGLA",3.5
"676","CCC008_2022","ACMWRA",12
"677","CCC008_2022","ADFA",40.3
"678","CCC008_2022","ANTVEX",9.5
"679","CCC008_2022","APIANG",1
"680","CCC008_2022","ASTGAM",0.5
"681","CCC008_2022","CHLPOM",3
"682","CCC008_2022","CRACON",0.7
"683","CCC008_2022","DAUPUS",21.2
"684","CCC008_2022","DICVOL",0.7
"685","CCC008_2022","EMMPEN",1
"686","CCC008_2022","ERICAL",3
"687","CCC008_2022","ESCCAE",4
"688","CCC008_2022","GILCAP",21.1
"689","CCC008_2022","RAFCAL",9.5
"690","CCC008_2022","TRILAX",1
"691","CCC008_2022","TRIMIC",8
"692","CCC008_2022","TRIMIC2",0.2
"693","CCC009_2021","ACMGLA",1.9
"694","CCC009_2021","ACMWRA",26
"695","CCC009_2021","ADFA",11.5
"696","CCC009_2021","ANTVEX",4.6
"697","CCC009_2021","APIANG",0.2
"698","CCC009_2021","CALBRE",23
"699","CCC009_2021","CALSPL",1
"700","CCC009_2021","DAUPUS",0.3
"701","CCC009_2021","EMMPEN",7.1
"702","CCC009_2021","ERICAL",4.5
"703","CCC009_2021","ERILAN",0.1
"704","CCC009_2021","ESCCAE",92
"705","CCC009_2021","GILCAP",29.9
"706","CCC009_2021","STRGLA",0.1
"707","CCC009_2021","TRIMIC",17.8
"708","CCC009_2022","ACMGLA",3.3
"709","CCC009_2022","ACMWRA",82
"710","CCC009_2022","ADFA",13
"711","CCC009_2022","ANTVEX",6.2
"712","CCC009_2022","ASTGAM",2.5
"713","CCC009_2022","CRYPTANTHA",1
"714","CCC009_2022","DICVOL",0.3
"715","CCC009_2022","DIPCAP",0.1
"716","CCC009_2022","EMMPEN",1
"717","CCC009_2022","ERICAL",5
"718","CCC009_2022","ESCCAE",49
"719","CCC009_2022","GILCAP",45
"720","CCC009_2022","RAFCAL",6
"721","CCC009_2022","TRIMIC",50
"722","CCC009_2022","UROLIN",0.5
"723","CCC010_2021","APIANG",0.1
"724","CCC010_2021","CAULAS",0.7
"725","CCC010_2021","CLACON",0.5
"726","CCC010_2021","CLAPAR",8.1
"727","CCC010_2021","CLELAS",1.5
"728","CCC010_2021","COLSPA",0.1
"729","CCC010_2021","DICVOL",6
"730","CCC010_2021","ERICAL",2.4
"731","CCC010_2021","FESMIC",0.5
"732","CCC010_2021","GALAPA",0.2
"733","CCC010_2021","GALPOR",0.7
"734","CCC010_2021","GILCAP",2.9
"735","CCC010_2021","LATVES",0.1
"736","CCC010_2021","MADGRA",0.1
"737","CCC010_2021","MONVIL",0.3
"738","CCC010_2021","NEMHET",30.5
"739","CCC010_2021","PLECTRITIS",0.3
"740","CCC010_2021","QUEBER",38.3
"741","CCC010_2021","SANCRA",9
"742","CCC010_2021","TOXDIV",6.6
"743","CCC010_2021","UROLIN",0.1
"744","CCC010_2022","CLAPAR",0.1
"745","CCC010_2022","CLAPUR",0.9
"746","CCC010_2022","DAUPUS",25.5
"747","CCC010_2022","DICVOL",3
"748","CCC010_2022","GALPOR",0.3
"749","CCC010_2022","KOEMAC",0.5
"750","CCC010_2022","LATVES",3
"751","CCC010_2022","MADGRA",14
"752","CCC010_2022","MARWAT",2
"753","CCC010_2022","MICCAL",0.4
"754","CCC010_2022","MIMAUR",13.5
"755","CCC010_2022","MONVIL",6
"756","CCC010_2022","NEMHET",26
"757","CCC010_2022","QUWI",20
"758","CCC010_2022","RANHEB",2
"759","CCC010_2022","SANCRA",5.7
"760","CCC010_2022","THYCUR",3.1
"761","CCC010_2022","TOXDIV",20
"762","CCC011_2021","ACMGLA",0.7
"763","CCC011_2021","ACMWRA",1.2
"764","CCC011_2021","ADFA",18
"765","CCC011_2021","ANTVEX",0.1
"766","CCC011_2021","ATHPUS",0.2
"767","CCC011_2021","CEACUN",0.1
"768","CCC011_2021","CERBET",0.1
"769","CCC011_2021","CLACON",0.5
"770","CCC011_2021","CLAGRA",0.7
"771","CCC011_2021","CLELAS",7
"772","CCC011_2021","COLSPA",0.1
"773","CCC011_2021","DAUPUS",0.3
"774","CCC011_2021","DICVOL",4.5
"775","CCC011_2021","EMMPEN",0.2
"776","CCC011_2021","ERICAL",10
"777","CCC011_2021","ERILAN",0.5
"778","CCC011_2021","GALPOR",0.1
"779","CCC011_2021","GILCAP",42.3
"780","CCC011_2021","HESMIC",3.7
"781","CCC011_2021","LATVES",1.5
"782","CCC011_2021","LOMUTR",1.5
"783","CCC011_2021","LUPNAN",0.4
"784","CCC011_2021","MADELE",0.2
"785","CCC011_2021","MICCAL",0.6
"786","CCC011_2021","PLECTRITIS",0.1
"787","CCC011_2021","QUEBER",30
"788","CCC011_2021","SANCRA",12.7
"789","CCC011_2021","TOXDIV",9
"790","CCC011_2021","TRILAX",0.8
"791","CCC011_2021","UROLIN",0.4
"792","CCC011_2021","WYEANG",3.2
"793","CCC011_2022","ACHMIL",0.1
"794","CCC011_2022","ACMBRA",0.1
"795","CCC011_2022","ACMGLA",6.5
"796","CCC011_2022","ACMWRA",18.5
"797","CCC011_2022","ADFA",77.2
"798","CCC011_2022","ANTVEX",0.5
"799","CCC011_2022","ASTGAM",0.5
"800","CCC011_2022","CASAFF",1
"801","CCC011_2022","CLAPUR",1.4
"802","CCC011_2022","CLELAS",2
"803","CCC011_2022","DAUPUS",2.9
"804","CCC011_2022","ERICAL",26
"805","CCC011_2022","ERILAN",0.8
"806","CCC011_2022","GALPOR",1.2
"807","CCC011_2022","GILCAP",85
"808","CCC011_2022","HESMIC",1
"809","CCC011_2022","LATVES",5
"810","CCC011_2022","LUPNAN",5.5
"811","CCC011_2022","MELIMP",1.5
"812","CCC011_2022","MICCAL",11
"813","CCC011_2022","SANBIP",4.6
"814","CCC011_2022","TOXDIV",20
"815","CCC011_2022","TRILAX",4.9
"816","CCC011_2022","WYEANG",13
"817","CCC012_2021","APIANG",0.3
"818","CCC012_2021","ASCSOL",1
"819","CCC012_2021","ATHPUS",1
"820","CCC012_2021","CALPUR",3.5
"821","CCC012_2021","CLAGRA",0.3
"822","CCC012_2021","CLAPAR",7.4
"823","CCC012_2021","CLAUNG",15
"824","CCC012_2021","COLLINSIA",6.1
"825","CCC012_2021","COLSPA",0.2
"826","CCC012_2021","DAUPUS",0.7
"827","CCC012_2021","DICVOL",2.5
"828","CCC012_2021","EPIMIN",0.1
"829","CCC012_2021","GALAPA",7.8
"830","CCC012_2021","GALPOR",0.2
"831","CCC012_2021","LATVES",4
"832","CCC012_2021","MADELE",0.6
"833","CCC012_2021","MADGRA",0.4
"834","CCC012_2021","NEMHET",5.5
"835","CCC012_2021","PENTRI",2.5
"836","CCC012_2021","RANHEB",0.3
"837","CCC012_2021","RHAILI",3
"838","CCC012_2021","SANCRA",0.7
"839","CCC012_2021","THYCUR",0.4
"840","CCC012_2021","TOXDIV",1.5
"841","CCC012_2021","TRILAX",3
"842","CCC012_2021","UROLIN",0.1
"843","CCC012_2021","YABMIC",0.3
"844","CCC012_2022","AMSMEN",5
"845","CCC012_2022","CALPUR",2.5
"846","CCC012_2022","CLACON",25
"847","CCC012_2022","CLAPAR",2.2
"848","CCC012_2022","CLAPUR",24
"849","CCC012_2022","GALAPA",30
"850","CCC012_2022","GILCAP",10
"851","CCC012_2022","LATVES",7
"852","CCC012_2022","MADGRA",1.2
"853","CCC012_2022","MICCAL",0.1
"854","CCC012_2022","NEMHET",36
"855","CCC012_2022","PENTRI",6
"856","CCC012_2022","RHAILI",5
"857","CCC012_2022","SANCRA",3
"858","CCC012_2022","THYCUR",12
"859","CCC012_2022","TOXDIV",1
"860","CCC012_2022","TRIBIF",2.5
"861","CCC012_2022","TRILAX",6
"862","CCC012_2022","TRIMIC",1
"863","COL007_2021","ACMGLA",0.2
"864","COL007_2021","ACMWRA",1
"865","COL007_2021","APIANG",24.1
"866","COL007_2021","CALBRE",1
"867","COL007_2021","DAUPUS",0.1
"868","COL007_2021","DIPCAP",4
"869","COL007_2021","EMMPEN",2
"870","COL007_2021","ERINUD",6
"871","COL007_2021","ESCCAE",9
"872","COL007_2021","GALAPA",0
"873","COL007_2021","LATVES",2
"874","COL007_2021","LEPCAL",1
"875","COL007_2021","MIMAUR",40
"876","COL007_2021","RANHEB",2
"877","COL007_2021","THYCUR",0.5
"878","COL007_2021","TOXFRE",0
"879","COL007_2021","TRIMIC",6
"880","COL007_2021","TRIWIL",1
"881","COL007_2021","UROLIN",0
"882","COL007_2022","ACMWRA",4.8
"883","COL007_2022","ADFA",1
"884","COL007_2022","CLAUNG",0.7
"885","COL007_2022","DIPCAP",0.2
"886","COL007_2022","ERICAL",2.5
"887","COL007_2022","ERIDAS",1.9
"888","COL007_2022","ESCCAE",2.2
"889","COL007_2022","GILCAP",4.1
"890","COL007_2022","LATVES",4
"891","COL007_2022","LEPCAL",5
"892","COL007_2022","MIMAUR",6
"893","COL007_2022","RAFCAL",4.1
"894","COL007_2022","TRIMIC",1
"895","COL012_2021","ACMGLA",0
"896","COL012_2021","ADFA",1
"897","COL012_2021","ALLGIL",35
"898","COL012_2021","APIANG",0
"899","COL012_2021","CALAMA",1.1
"900","COL012_2021","CALBRE",80
"901","COL012_2021","CALPUR",0.1
"902","COL012_2021","CHLPOM",10
"903","COL012_2021","CLAPAR",15
"904","COL012_2021","DAUPUS",0
"905","COL012_2021","DIPCAP",2
"906","COL012_2021","EMMPEN",8
"907","COL012_2021","EPIBRA",0
"908","COL012_2021","ERICAL",10.1
"909","COL012_2021","ERILAN",0
"910","COL012_2021","GALAPA",0.1
"911","COL012_2021","GILCAP",7
"912","COL012_2021","MADIA",0.1
"913","COL012_2021","NEMHET",4
"914","COL012_2021","QUWI",4
"915","COL012_2021","RANHEB",1
"916","COL012_2021","TRIMIC",0.1
"917","COL012_2022","ACMGLA",0.1
"918","COL012_2022","ADFA",31
"919","COL012_2022","ALLGIL",2
"920","COL012_2022","CALAMA",2
"921","COL012_2022","CALBRE",2.2
"922","COL012_2022","CHLPOM",25.1
"923","COL012_2022","DAUPUS",1
"924","COL012_2022","DIPCAP",2.2
"925","COL012_2022","EMMPEN",0.2
"926","COL012_2022","ERICAL",30
"927","COL012_2022","ERILAN",4.5
"928","COL012_2022","GILCAP",15.3
"929","COL012_2022","NEMHET",3
"930","COL012_2022","PENTRI",1.3
"931","COL012_2022","TRILAX",1.7
"932","COL012_2022","UROLIN",0.2
"933","COL013_2021","ACMBRA",0
"934","COL013_2021","ACMGLA",0.1
"935","COL013_2021","ADFA",0
"936","COL013_2021","APIANG",1
"937","COL013_2021","CALBRE",0
"938","COL013_2021","CALPUR",0.5
"939","COL013_2021","DIPCAP",4
"940","COL013_2021","EMMPEN",26
"941","COL013_2021","ERICAL",19
"942","COL013_2021","ESCCAE",70
"943","COL013_2021","GALAPA",0
"944","COL013_2021","GILCAP",19
"945","COL013_2021","PELMUC",0
"946","COL013_2021","RAFCAL",0
"947","COL013_2021","TRIMIC",0
"948","COL013_2022","ACMBRA",5
"949","COL013_2022","ACMGLA",0.1
"950","COL013_2022","ADFA",30
"951","COL013_2022","CALPUR",14
"952","COL013_2022","DIPCAP",0.1
"953","COL013_2022","EMMPEN",5.1
"954","COL013_2022","ERICAL",44
"955","COL013_2022","ESCCAE",60.1
"956","COL013_2022","GILCAP",25.05
"957","COL013_2022","HEAR",30
"958","COL013_2022","MIMAUR",10
"959","COL013_2022","PELMUC",1
"960","COL013_2022","SOLXAN",6
"961","COL013_2022","TRIMIC",11
"962","COL013_2022","UROLIN",1
"963","COL014_2021","ACMGLA",0
"964","COL014_2021","APIANG",2
"965","COL014_2021","CALPUR",22
"966","COL014_2021","CAROLI",0.5
"967","COL014_2021","CLAPAR",18.2
"968","COL014_2021","CLARKIA",0
"969","COL014_2021","CYNGRA",2
"970","COL014_2021","DICVOL",1
"971","COL014_2021","EMMPEN",1
"972","COL014_2021","GALAPA",0.4
"973","COL014_2021","GALPOR",0
"974","COL014_2021","MARWAT",2
"975","COL014_2021","NEMHET",30
"976","COL014_2021","QUEBER",6
"977","COL014_2021","RANHEB",1.1
"978","COL014_2021","TOXDIV",7.3
"979","COL014_2022","ACHMIL",1
"980","COL014_2022","APIANG",6.3
"981","COL014_2022","CALPUR",24.3
"982","COL014_2022","CAROLI",0.1
"983","COL014_2022","CLAPAR",92.2
"984","COL014_2022","DICVOL",0.5
"985","COL014_2022","DIPCAP",0.2
"986","COL014_2022","EPIBRA",0.1
"987","COL014_2022","GALAPA",30.2
"988","COL014_2022","MADSAT",6
"989","COL014_2022","MARWAT",2
"990","COL014_2022","NEMHET",55.2
"991","COL014_2022","QUEBER",139
"992","COL014_2022","RANHEB",16.5
"993","COL014_2022","SYMALB",7
"994","COL014_2022","THYCUR",2.5
"995","COL014_2022","TOXDIV",14
"996","COL017_2021","ADFA",0.5
"997","COL017_2021","ANTVEX",2
"998","COL017_2021","APHOCC",0.1
"999","COL017_2021","APIANG",4.1
"1000","COL017_2021","CALPUR",5
"1001","COL017_2021","DAUPUS",0.2
"1002","COL017_2021","EMMPEN",11.5
"1003","COL017_2021","ESCCAE",1.6
"1004","COL017_2021","GALAPA",6
"1005","COL017_2021","GILCAP",13.3
"1006","COL017_2021","HEAR",2
"1007","COL017_2021","LEPCAL",1
"1008","COL017_2021","MADGRA",0
"1009","COL017_2021","MICCAL",0.5
"1010","COL017_2021","NEMHET",0.6
"1011","COL017_2021","PHAIMB",2
"1012","COL017_2021","RAFCAL",0.2
"1013","COL017_2021","RANHEB",0.2
"1014","COL017_2021","STRGLA",0.2
"1015","COL017_2021","THYCUR",0.5
"1016","COL017_2021","TRIMIC",0.5
"1017","COL017_2021","UROLIN",0
"1018","COL017_2022","ADFA",65
"1019","COL017_2022","CALPUR",4
"1020","COL017_2022","CLACON",20
"1021","COL017_2022","CLAPUR",0.2
"1022","COL017_2022","CRYPTANTHA",0.1
"1023","COL017_2022","DAUPUS",3.2
"1024","COL017_2022","DIPCAP",1.2
"1025","COL017_2022","EMMPEN",0.1
"1026","COL017_2022","ESCCAE",20.3
"1027","COL017_2022","GALPOR",1.5
"1028","COL017_2022","GILCAP",32
"1029","COL017_2022","HEAR",10
"1030","COL017_2022","MADGRA",2
"1031","COL017_2022","MICCAL",0.2
"1032","COL017_2022","MIMAUR",1
"1033","COL017_2022","PELAND",1
"1034","COL017_2022","PENTRI",0.3
"1035","COL017_2022","PHAIMB",0.2
"1036","COL017_2022","QUEBER",1
"1037","COL017_2022","RAFCAL",2.6
"1038","COL017_2022","TOXDIV",1.3
"1039","COL017_2022","TRIMIC",5
"1040","COL018_2021","ACMWRA",1.1
"1041","COL018_2021","CALPUR",1.2
"1042","COL018_2021","DIPCAP",0
"1043","COL018_2021","EMMPEN",5.2
"1044","COL018_2021","ERICAL",6
"1045","COL018_2021","ESCCAE",58.1
"1046","COL018_2021","GALAPA",0.1
"1047","COL018_2021","GALPOR",0.1
"1048","COL018_2021","TRIMIC",0.6
"1049","COL018_2022","ACMWRA",5.8
"1050","COL018_2022","ANTVEX",0.7
"1051","COL018_2022","EMMPEN",4.5
"1052","COL018_2022","ERICAL",4
"1053","COL018_2022","ERIDAS",2
"1054","COL018_2022","ESCCAE",6.5
"1055","COL018_2022","LUPSUC",2
"1056","COL018_2022","RAFCAL",6.1
"1057","COL018_2022","SALCOL",0.7
"1058","QUA001_2021","ACMWRA",0
"1059","QUA001_2021","ADFA",15
"1060","QUA001_2021","CALPUR",4
"1061","QUA001_2021","DIPCAP",1
"1062","QUA001_2021","EMMPEN",6
"1063","QUA001_2021","LATVES",0.5
"1064","QUA001_2021","LEPCAL",5
"1065","QUA001_2021","LUPSUC",2
"1066","QUA002_2021","ACMGLA",0
"1067","QUA002_2021","ADFA",7
"1068","QUA002_2021","CALPUR",5
"1069","QUA002_2021","DIPCAP",0.5
"1070","QUA002_2021","ERICAL",10
"1071","QUA002_2021","HEAR",0
"1072","QUA002_2021","LUPSUC",24
"1073","QUA002_2021","SCRCAL",1
"1074","QUA002_2021","TRIMIC",0
"1075","QUA002_2022","ACMBRA",1
"1076","QUA002_2022","ACMGLA",25.1
"1077","QUA002_2022","ADFA",53
"1078","QUA002_2022","ANTVEX",0.1
"1079","QUA002_2022","CALPUR",38
"1080","QUA002_2022","DIPCAP",0.1
"1081","QUA002_2022","ERICAL",39
"1082","QUA002_2022","LEPCAL",12
"1083","QUA002_2022","LUPSUC",201
"1084","QUA002_2022","RAFCAL",1
"1085","QUA003_2021","ACMGLA",0
"1086","QUA003_2021","ADFA",0
"1087","QUA003_2021","ANTVEX",10
"1088","QUA003_2021","CALPUR",13
"1089","QUA003_2021","DIPCAP",0
"1090","QUA003_2021","EMMPEN",1
"1091","QUA003_2021","EPIBRA",1
"1092","QUA003_2021","ESCCAE",0.5
"1093","QUA003_2021","LUPNAN",0
"1094","QUA003_2021","LUPSUC",17
"1095","QUA003_2021","TRIMIC",0
"1096","QUA003_2022","ACMBRA",1
"1097","QUA003_2022","ACMGLA",22.5
"1098","QUA003_2022","ANTVEX",0.2
"1099","QUA003_2022","CALPUR",106
"1100","QUA003_2022","DIPCAP",2
"1101","QUA003_2022","EMMPEN",7.2
"1102","QUA003_2022","EPIBRA",0.2
"1103","QUA003_2022","ESCCAE",0.1
"1104","QUA003_2022","LUPSUC",104
"1105","QUA003_2022","RAFCAL",35
"1106","QUA003_2022","STILEP",37
"1107","QUA003_2022","STRGLA",1
"1108","QUA003_2022","UROLIN",3
"1109","QUA004_2021","ADFA",4
"1110","QUA004_2021","CEACUN",0
"1111","QUA004_2021","DIPCAP",1
"1112","QUA004_2021","GALAPA",0.5
"1113","QUA004_2021","LATVES",2
"1114","QUA004_2021","TOXDIV",1
"1115","QUA004_2022","ACMGLA",55
"1116","QUA004_2022","ADFA",40.2
"1117","QUA004_2022","CEACUN",10
"1118","QUA004_2022","DAUPUS",0.1
"1119","QUA004_2022","DICVOL",0.1
"1120","QUA004_2022","DIPCAP",0.1
"1121","QUA004_2022","EMMPEN",10.1
"1122","QUA004_2022","GALAPA",0.2
"1123","QUA004_2022","LATVES",35
"1124","QUA004_2022","MADGRA",0.1
"1125","QUA004_2022","MADSAT",25
"1126","QUA004_2022","SANCRA",5
"1127","QUA004_2022","TRIMIC",3.5
"1128","QUA005_2021","ACMGLA",0
"1129","QUA005_2021","ADFA",12
"1130","QUA005_2021","CALBRE",3
"1131","QUA005_2021","CAROLI",0.1
"1132","QUA005_2021","DIPCAP",6
"1133","QUA005_2021","EMMPEN",8
"1134","QUA005_2021","ERICAL",5
"1135","QUA005_2021","GALAPA",1
"1136","QUA005_2021","MARWAT",5
"1137","QUA005_2021","RAFCAL",5
"1138","QUA005_2021","SCRCAL",0
"1139","QUA005_2021","TOXDIV",0.1
"1140","QUA005_2022","ACMBRA",0.2
"1141","QUA005_2022","ACMGLA",51
"1142","QUA005_2022","ACMWRA",0.3
"1143","QUA005_2022","ADFA",10
"1144","QUA005_2022","ANTVEX",2
"1145","QUA005_2022","APIANG",10.4
"1146","QUA005_2022","CALBRE",36
"1147","QUA005_2022","DICVOL",0.5
"1148","QUA005_2022","DIPCAP",2
"1149","QUA005_2022","EMMPEN",101
"1150","QUA005_2022","ERICAL",40
"1151","QUA005_2022","GALAPA",15.5
"1152","QUA005_2022","LATVES",0.1
"1153","QUA005_2022","RAFCAL",15
"1154","QUA005_2022","STILEP",30
"1155","QUA005_2022","TOXDIV",0.3
"1156","QUA006_2021","ACMGLA",0
"1157","QUA006_2021","ADFA",2
"1158","QUA006_2021","DIPCAP",1
"1159","QUA006_2021","EMMPEN",9.5
"1160","QUA006_2021","ESCCAE",0.5
"1161","QUA006_2021","GALAPA",0.5
"1162","QUA006_2021","SCRCAL",0.1
"1163","QUA006_2021","STILEP",0
"1164","QUA006_2022","ACMBRA",5
"1165","QUA006_2022","ACMGLA",1
"1166","QUA006_2022","ADFA",10.1
"1167","QUA006_2022","ANTVEX",0.1
"1168","QUA006_2022","APIANG",3
"1169","QUA006_2022","DIPCAP",3
"1170","QUA006_2022","EMMPEN",210
"1171","QUA006_2022","ESCCAE",5.5
"1172","QUA006_2022","LATVES",1
"1173","QUA006_2022","LEPCAL",4
"1174","QUA006_2022","RAFCAL",15
"1175","QUA006_2022","STILEP",6
"1176","QUA006_2022","TOXDIV",4.5
"1177","QUA008_2021","ACMBRA",2
"1178","QUA008_2021","ACMGLA",3
"1179","QUA008_2021","ACMWRA",0
"1180","QUA008_2021","ADFA",5
"1181","QUA008_2021","CALPUR",8
"1182","QUA008_2021","DIPCAP",2
"1183","QUA008_2022","ACMGLA",52
"1184","QUA008_2022","ADFA",1.1
"1185","QUA008_2022","ASTGAM",3
"1186","QUA008_2022","CALPUR",130
"1187","QUA008_2022","EMMPEN",31
"1188","QUA008_2022","RAFCAL",1
"1189","QUA008_2022","STILEP",9
"1190","QUA009_2021","ACMGLA",4
"1191","QUA009_2021","ADFA",27
"1192","QUA009_2021","DIPCAP",2
"1193","QUA009_2021","EMMPEN",0
"1194","QUA009_2021","LUPSUC",9
"1195","QUA009_2022","ACMGLA",103.5
"1196","QUA009_2022","ADFA",46.1
"1197","QUA009_2022","CALPUR",30
"1198","QUA009_2022","EMMPEN",46.5
"1199","QUA009_2022","LUPSUC",76
"1200","QUA009_2022","RAFCAL",10
"1201","QUA010_2021","ACMGLA",2
"1202","QUA010_2021","ACMWRA",0
"1203","QUA010_2021","ADFA",3
"1204","QUA010_2021","ANTVEX",0
"1205","QUA010_2021","CALPUR",24
"1206","QUA010_2021","DIPCAP",5.5
"1207","QUA010_2021","EMMPEN",5.5
"1208","QUA010_2021","ESCCAE",17.5
"1209","QUA010_2021","LUPSUC",42
"1210","QUA010_2022","ACMGLA",25.2
"1211","QUA010_2022","ADFA",12.1
"1212","QUA010_2022","ANTVEX",0.1
"1213","QUA010_2022","APIANG",0.1
"1214","QUA010_2022","CALPUR",47
"1215","QUA010_2022","DIPCAP",0.9
"1216","QUA010_2022","EMMPEN",0.3
"1217","QUA010_2022","ESCCAE",36
"1218","QUA010_2022","LUPSUC",71
"1219","QUA011_2021","ACMGLA",1
"1220","QUA011_2021","ADFA",0
"1221","QUA011_2021","CALAMA",1
"1222","QUA011_2021","CALPUR",0.5
"1223","QUA011_2021","TOXFRE",1.5
"1224","QUA011_2021","TRIMIC",0
"1225","QUA011_2022","ACMGLA",10.1
"1226","QUA011_2022","ADFA",91
"1227","QUA011_2022","APIANG",0.1
"1228","QUA011_2022","CALAMA",9.1
"1229","QUA011_2022","CALPUR",165
"1230","QUA011_2022","DAUPUS",1.4
"1231","QUA011_2022","EMMPEN",93
"1232","QUA011_2022","RAFCAL",4
"1233","QUA011_2022","STILEP",6
"1234","QUA011_2022","TOXDIV",6
"1235","QUA011_2022","UROLIN",0.5
"1236","QUA015_2021","ACMGLA",6.5
"1237","QUA015_2021","ADFA",11
"1238","QUA015_2021","APHOCC",0
"1239","QUA015_2021","ASTGAM",0
"1240","QUA015_2021","CALMEN",0.1
"1241","QUA015_2021","CALPUR",5
"1242","QUA015_2021","CEACUN",0.1
"1243","QUA015_2021","CERBET",0.1
"1244","QUA015_2021","GALPOR",0
"1245","QUA015_2021","LEPCAL",0.1
"1246","QUA015_2021","TOXFRE",7.5
"1247","QUA015_2021","TRIMIC",3
"1248","QUA015_2022","ACMGLA",32.1
"1249","QUA015_2022","ADFA",8.1
"1250","QUA015_2022","CALPUR",0.5
"1251","QUA015_2022","CEACUN",3
"1252","QUA015_2022","CROSCO",0.5
"1253","QUA015_2022","DAUPUS",0.5
"1254","QUA015_2022","DICVOL",2
"1255","QUA015_2022","EMMPEN",59
"1256","QUA015_2022","ERICAL",12
"1257","QUA015_2022","LUPSUC",1
"1258","QUA015_2022","MIMAUR",0.1
"1259","QUA015_2022","RAFCAL",22
"1260","QUA015_2022","TOXFRE",0.5
"1261","QUA015_2022","TRIMIC",2
"1262","QUA016_2021","ACMGLA",0
"1263","QUA016_2021","ADFA",0
"1264","QUA016_2021","CALPUR",1
"1265","QUA016_2021","CEACUN",0
"1266","QUA016_2021","CLAPAR",2.5
"1267","QUA016_2021","DICVOL",7
"1268","QUA016_2021","LEPCAL",0
"1269","QUA016_2021","RANHEB",0.2
"1270","QUA016_2021","TOXFRE",4
"1271","QUA016_2022","ADFA",5
"1272","QUA016_2022","APIANG",0.1
"1273","QUA016_2022","CALPUR",26
"1274","QUA016_2022","CAROLI",3.1
"1275","QUA016_2022","CEAOLI",1.5
"1276","QUA016_2022","CLAPAR",15.5
"1277","QUA016_2022","CROSCO",19
"1278","QUA016_2022","DAUPUS",1
"1279","QUA016_2022","DICVOL",0.3
"1280","QUA016_2022","EMMPEN",19.05
"1281","QUA016_2022","LEPCAL",4
"1282","QUA016_2022","MIMAUR",0.1
"1283","QUA016_2022","RAFCAL",4
"1284","QUA016_2022","TOXDIV",20
"1285","QUA016_2022","TOXFRE",0.2
"1286","QUA016_2022","TRIMIC",0.5
"1287","QUA016_2022","UROLIN",4
"1288","QUA020_2021","ACMGLA",0.1
"1289","QUA020_2021","ADFA",20
"1290","QUA020_2021","APIANG",0
"1291","QUA020_2021","CALAMA",0
"1292","QUA020_2021","CALPUR",3.2
"1293","QUA020_2021","CEACUN",1.2
"1294","QUA020_2021","CERBET",0.1
"1295","QUA020_2021","DAUPUS",0.3
"1296","QUA020_2021","DICVOL",0.2
"1297","QUA020_2021","GALAPA",0.1
"1298","QUA020_2021","GALPOR",0.1
"1299","QUA020_2021","RANHEB",0.1
"1300","QUA020_2021","TOXDIV",0
"1301","QUA020_2021","TOXFRE",7.1
"1302","QUA020_2021","TRILAX",0.5
"1303","QUA020_2022","ACMGLA",6
"1304","QUA020_2022","ADFA",30.5
"1305","QUA020_2022","CALPUR",35.5
"1306","QUA020_2022","CAROLI",1
"1307","QUA020_2022","CEACUN",6.5
"1308","QUA020_2022","CHLPOM",4.5
"1309","QUA020_2022","CRACON",0.5
"1310","QUA020_2022","DAUPUS",0.5
"1311","QUA020_2022","DICVOL",0.5
"1312","QUA020_2022","EMMPEN",20.5
"1313","QUA020_2022","MADSAT",1
"1314","QUA020_2022","MICCAL",2
"1315","QUA020_2022","RANHEB",0.2
"1316","QUA020_2022","UROLIN",0.1
"1317","QUA021_2021","ADFA",0.2
"1318","QUA021_2021","CALAMA",0.46
"1319","QUA021_2021","CALPUR",26.6
"1320","QUA021_2021","CAROLI",0.2
"1321","QUA021_2021","CEACUN",0.7
"1322","QUA021_2021","CLAPAR",1.1
"1323","QUA021_2021","CLELAS",0.1
"1324","QUA021_2021","DICVOL",12.5
"1325","QUA021_2021","LEPCAL",2.1
"1326","QUA021_2021","MELTOR",1
"1327","QUA021_2021","NEMMEN",0.6
"1328","QUA021_2021","RANHEB",0.1
"1329","QUA021_2021","STARIG",1
"1330","QUA021_2021","TOXDIV",2
"1331","QUA021_2021","TOXFRE",5.5
"1332","QUA021_2021","TRILAX",1.5
"1333","QUA021_2022","ADFA",0.5
"1334","QUA021_2022","APIANG",0.1
"1335","QUA021_2022","CALPUR",72
"1336","QUA021_2022","CAROLI",16
"1337","QUA021_2022","CEACUN",4
"1338","QUA021_2022","CLAPAR",68.1
"1339","QUA021_2022","CLELAS",2
"1340","QUA021_2022","EMMPEN",25.5
"1341","QUA021_2022","GALAPA",2.1
"1342","QUA021_2022","LEPCAL",17.5
"1343","QUA021_2022","MADSAT",5
"1344","QUA021_2022","QUWI",45
"1345","QUA021_2022","RAFCAL",0.2
"1346","QUA021_2022","RANHEB",0.5
"1347","QUA021_2022","STAALB",1.5
"1348","QUA021_2022","TOXDIV",10
"1349","QUA021_2022","TOXFRE",2.5
"1350","QUA021_2022","UROLIN",8.5
"1351","QUA022_2021","ADFA",0
"1352","QUA022_2021","CALBRE",1
"1353","QUA022_2021","CEACUN",0
"1354","QUA022_2021","CEAOLI",0
"1355","QUA022_2021","CHLPOM",4
"1356","QUA022_2021","EMMPEN",0.1
"1357","QUA022_2021","LEPCAL",0.1
"1358","QUA022_2021","MARFAB",4
"1359","QUA022_2021","TOXFRE",1
"1360","QUA022_2022","ADFA",20
"1361","QUA022_2022","APIANG",1.6
"1362","QUA022_2022","CALPUR",7
"1363","QUA022_2022","CHLPOM",15
"1364","QUA022_2022","EMMPEN",92
"1365","QUA022_2022","MARFAB",12
"1366","QUA022_2022","MICCAL",3.3
"1367","QUA022_2022","TRIMIC",3
"1368","QUA024_2022","ACMGLA",10
"1369","QUA024_2022","ADFA",20
"1370","QUA024_2022","APIANG",4
"1371","QUA024_2022","CALAMA",2
"1372","QUA024_2022","CALPUR",100.2
"1373","QUA024_2022","CAROLI",1
"1374","QUA024_2022","CLAPAR",14
"1375","QUA024_2022","CYNGRA",15
"1376","QUA024_2022","DICVOL",2.1
"1377","QUA024_2022","DIPCAP",0.4
"1378","QUA024_2022","EMMPEN",24
"1379","QUA024_2022","GALAPA",1.1
"1380","QUA024_2022","GALPOR",5
"1381","QUA024_2022","HEAR",2
"1382","QUA024_2022","LEPCAL",0.1
"1383","QUA024_2022","LUPSUC",49
"1384","QUA024_2022","MADSAT",0.2
"1385","QUA024_2022","RAFCAL",1
"1386","QUA024_2022","TOXFRE",0.5
"1387","QUA024_2022","TRIMIC",0.3
"1388","QUA025_2022","ACMGLA",11
"1389","QUA025_2022","ADFA",8.5
"1390","QUA025_2022","CALPUR",101
"1391","QUA025_2022","EMMPEN",65
"1392","QUA025_2022","GALAPA",5
"1393","QUA025_2022","LEPCAL",4
"1394","QUA025_2022","LUPSUC",32.5
"1395","QUA025_2022","QUEBER",1
"1396","QUA025_2022","RAFCAL",11
"1397","QUA025_2022","TOXDIV",5
"1398","QUA025_2022","TOXFRE",1
