"","PlotID","year","quad","native.nonnative","shanDiv","num_burn","cool.warm_slope","Mean_diam_cm","mean_diam_mm"
"1","BOB001","2021","Q1","NATIVE_shanDiv",0.383505481756644,5,"cool",0.2425,2.425
"2","BOB001","2021","Q1","NONNATIVE_shanDiv",0.926712346015001,5,"cool",0.2425,2.425
"3","BOB001","2021","Q2","NATIVE_shanDiv",0.703320645229516,5,"cool",0.2425,2.425
"4","BOB001","2021","Q2","NONNATIVE_shanDiv",1.30598932887314,5,"cool",0.2425,2.425
"5","BOB001","2021","Q3","NATIVE_shanDiv",0.14618463369029,5,"cool",0.2425,2.425
"6","BOB001","2021","Q3","NONNATIVE_shanDiv",1.10684555858536,5,"cool",0.2425,2.425
"7","BOB001","2021","Q4","NATIVE_shanDiv",0.901997462592349,5,"cool",0.2425,2.425
"8","BOB001","2021","Q4","NONNATIVE_shanDiv",1.27692896990828,5,"cool",0.2425,2.425
"9","BOB001","2021","Q5","NATIVE_shanDiv",0.739910842385369,5,"cool",0.2425,2.425
"10","BOB001","2021","Q5","NONNATIVE_shanDiv",1.17121307204792,5,"cool",0.2425,2.425
"11","BOB001","2022","Q1","NATIVE_shanDiv",0.544283732969439,5,"cool",0.2425,2.425
"12","BOB001","2022","Q1","NONNATIVE_shanDiv",0.709729214408766,5,"cool",0.2425,2.425
"13","BOB001","2022","Q2","NATIVE_shanDiv",1.13738788906672,5,"cool",0.2425,2.425
"14","BOB001","2022","Q2","NONNATIVE_shanDiv",0.801818552543337,5,"cool",0.2425,2.425
"15","BOB001","2022","Q3","NATIVE_shanDiv",1.19290187050885,5,"cool",0.2425,2.425
"16","BOB001","2022","Q3","NONNATIVE_shanDiv",0.10534349424313,5,"cool",0.2425,2.425
"17","BOB001","2022","Q4","NATIVE_shanDiv",0.57005109972055,5,"cool",0.2425,2.425
"18","BOB001","2022","Q4","NONNATIVE_shanDiv",0.906514572601936,5,"cool",0.2425,2.425
"19","BOB001","2022","Q5","NATIVE_shanDiv",0.540204142388861,5,"cool",0.2425,2.425
"20","BOB001","2022","Q5","NONNATIVE_shanDiv",0.96308926422291,5,"cool",0.2425,2.425
"21","BOB002","2021","Q1","NATIVE_shanDiv",1.21497126582017,5,"cool",0.22,2.2
"22","BOB002","2021","Q1","NONNATIVE_shanDiv",1.67604328986838,5,"cool",0.22,2.2
"23","BOB002","2021","Q2","NATIVE_shanDiv",0.481602378793864,5,"cool",0.22,2.2
"24","BOB002","2021","Q2","NONNATIVE_shanDiv",1.39052290188965,5,"cool",0.22,2.2
"25","BOB002","2021","Q3","NATIVE_shanDiv",1.40185390192099,5,"cool",0.22,2.2
"26","BOB002","2021","Q3","NONNATIVE_shanDiv",1.24306393724833,5,"cool",0.22,2.2
"27","BOB002","2021","Q4","NATIVE_shanDiv",0.77028783521595,5,"cool",0.22,2.2
"28","BOB002","2021","Q4","NONNATIVE_shanDiv",1.23509995446469,5,"cool",0.22,2.2
"29","BOB002","2021","Q5","NATIVE_shanDiv",0.304636097349238,5,"cool",0.22,2.2
"30","BOB002","2021","Q5","NONNATIVE_shanDiv",1.31367144264569,5,"cool",0.22,2.2
"31","BOB002","2022","Q1","NATIVE_shanDiv",1.10051807127849,5,"cool",0.22,2.2
"32","BOB002","2022","Q1","NONNATIVE_shanDiv",1.51827005304625,5,"cool",0.22,2.2
"33","BOB002","2022","Q2","NATIVE_shanDiv",0.994353691762369,5,"cool",0.22,2.2
"34","BOB002","2022","Q2","NONNATIVE_shanDiv",0.599240038185862,5,"cool",0.22,2.2
"35","BOB002","2022","Q3","NATIVE_shanDiv",0.525083453734932,5,"cool",0.22,2.2
"36","BOB002","2022","Q3","NONNATIVE_shanDiv",1.03233069814779,5,"cool",0.22,2.2
"37","BOB002","2022","Q4","NATIVE_shanDiv",0.0347958228399346,5,"cool",0.22,2.2
"38","BOB002","2022","Q4","NONNATIVE_shanDiv",1.15039405300734,5,"cool",0.22,2.2
"39","BOB002","2022","Q5","NATIVE_shanDiv",1.09861228866811,5,"cool",0.22,2.2
"40","BOB002","2022","Q5","NONNATIVE_shanDiv",0.67983213751895,5,"cool",0.22,2.2
"41","BOB003","2021","Q1","NATIVE_shanDiv",1.02943436907498,5,"cool",0.3075,3.075
"42","BOB003","2021","Q1","NONNATIVE_shanDiv",1.46546974492623,5,"cool",0.3075,3.075
"43","BOB003","2021","Q2","NATIVE_shanDiv",0.895332665968091,5,"cool",0.3075,3.075
"44","BOB003","2021","Q2","NONNATIVE_shanDiv",0.983899503261416,5,"cool",0.3075,3.075
"45","BOB003","2021","Q3","NATIVE_shanDiv",0.187543087799697,5,"cool",0.3075,3.075
"46","BOB003","2021","Q3","NONNATIVE_shanDiv",1.14390969585211,5,"cool",0.3075,3.075
"47","BOB003","2021","Q4","NATIVE_shanDiv",1.16714869355095,5,"cool",0.3075,3.075
"48","BOB003","2021","Q4","NONNATIVE_shanDiv",0.918919396927614,5,"cool",0.3075,3.075
"49","BOB003","2021","Q5","NATIVE_shanDiv",0.545594573969184,5,"cool",0.3075,3.075
"50","BOB003","2021","Q5","NONNATIVE_shanDiv",1.31491899485959,5,"cool",0.3075,3.075
"51","BOB003","2022","Q1","NATIVE_shanDiv",0.811227824803091,5,"cool",0.3075,3.075
"52","BOB003","2022","Q1","NONNATIVE_shanDiv",1.03733705533498,5,"cool",0.3075,3.075
"53","BOB003","2022","Q2","NATIVE_shanDiv",1.1441192331192,5,"cool",0.3075,3.075
"54","BOB003","2022","Q2","NONNATIVE_shanDiv",1.79756975526899,5,"cool",0.3075,3.075
"55","BOB003","2022","Q3","NATIVE_shanDiv",0.547691018082236,5,"cool",0.3075,3.075
"56","BOB003","2022","Q3","NONNATIVE_shanDiv",1.03806341444582,5,"cool",0.3075,3.075
"57","BOB003","2022","Q4","NATIVE_shanDiv",1.25308877222639,5,"cool",0.3075,3.075
"58","BOB003","2022","Q4","NONNATIVE_shanDiv",1.23950578095465,5,"cool",0.3075,3.075
"59","BOB003","2022","Q5","NATIVE_shanDiv",0,5,"cool",0.3075,3.075
"60","BOB003","2022","Q5","NONNATIVE_shanDiv",1.37706984715841,5,"cool",0.3075,3.075
"61","BOB004","2021","Q1","NATIVE_shanDiv",0.367649477400142,5,"warm",0.1975,1.975
"62","BOB004","2021","Q1","NONNATIVE_shanDiv",0.966641289267091,5,"warm",0.1975,1.975
"63","BOB004","2021","Q2","NATIVE_shanDiv",1.28357039299348,5,"warm",0.1975,1.975
"64","BOB004","2021","Q2","NONNATIVE_shanDiv",1.10390295745098,5,"warm",0.1975,1.975
"65","BOB004","2021","Q3","NATIVE_shanDiv",0.280768063227331,5,"warm",0.1975,1.975
"66","BOB004","2021","Q3","NONNATIVE_shanDiv",1.28938084741748,5,"warm",0.1975,1.975
"67","BOB004","2021","Q4","NATIVE_shanDiv",1.39304801317359,5,"warm",0.1975,1.975
"68","BOB004","2021","Q4","NONNATIVE_shanDiv",0.875300645462452,5,"warm",0.1975,1.975
"69","BOB004","2021","Q5","NATIVE_shanDiv",0.097367637779633,5,"warm",0.1975,1.975
"70","BOB004","2021","Q5","NONNATIVE_shanDiv",1.24700067743741,5,"warm",0.1975,1.975
"71","BOB004","2022","Q1","NATIVE_shanDiv",1.00047713437149,5,"warm",0.1975,1.975
"72","BOB004","2022","Q1","NONNATIVE_shanDiv",1.64221663269097,5,"warm",0.1975,1.975
"73","BOB004","2022","Q2","NATIVE_shanDiv",0.728130343534305,5,"warm",0.1975,1.975
"74","BOB004","2022","Q2","NONNATIVE_shanDiv",1.20669194066558,5,"warm",0.1975,1.975
"75","BOB004","2022","Q3","NATIVE_shanDiv",0.142505867392738,5,"warm",0.1975,1.975
"76","BOB004","2022","Q3","NONNATIVE_shanDiv",1.00467328444713,5,"warm",0.1975,1.975
"77","BOB004","2022","Q4","NATIVE_shanDiv",0.51380602635033,5,"warm",0.1975,1.975
"78","BOB004","2022","Q4","NONNATIVE_shanDiv",0.896257064250249,5,"warm",0.1975,1.975
"79","BOB004","2022","Q5","NATIVE_shanDiv",0.607551641455901,5,"warm",0.1975,1.975
"80","BOB004","2022","Q5","NONNATIVE_shanDiv",0.221754280447946,5,"warm",0.1975,1.975
"81","BOB005","2021","Q1","NATIVE_shanDiv",0,5,"warm",0.21,2.1
"82","BOB005","2021","Q1","NONNATIVE_shanDiv",0.799106723210216,5,"warm",0.21,2.1
"83","BOB005","2021","Q2","NATIVE_shanDiv",0.471863600175838,5,"warm",0.21,2.1
"84","BOB005","2021","Q2","NONNATIVE_shanDiv",0.952781215118087,5,"warm",0.21,2.1
"85","BOB005","2021","Q3","NATIVE_shanDiv",0.114665282202906,5,"warm",0.21,2.1
"86","BOB005","2021","Q3","NONNATIVE_shanDiv",1.1741367617412,5,"warm",0.21,2.1
"87","BOB005","2021","Q4","NATIVE_shanDiv",0.823719731511831,5,"warm",0.21,2.1
"88","BOB005","2021","Q4","NONNATIVE_shanDiv",0.871771630411466,5,"warm",0.21,2.1
"89","BOB005","2021","Q5","NATIVE_shanDiv",0,5,"warm",0.21,2.1
"90","BOB005","2021","Q5","NONNATIVE_shanDiv",1.13125403115926,5,"warm",0.21,2.1
"91","BOB005","2022","Q1","NATIVE_shanDiv",0.598269588585257,5,"warm",0.21,2.1
"92","BOB005","2022","Q1","NONNATIVE_shanDiv",0.859967281035505,5,"warm",0.21,2.1
"93","BOB005","2022","Q2","NATIVE_shanDiv",0.0513965054820118,5,"warm",0.21,2.1
"94","BOB005","2022","Q2","NONNATIVE_shanDiv",0.947886017081993,5,"warm",0.21,2.1
"95","BOB005","2022","Q3","NATIVE_shanDiv",0.790906433968707,5,"warm",0.21,2.1
"96","BOB005","2022","Q3","NONNATIVE_shanDiv",1.32937148825053,5,"warm",0.21,2.1
"97","BOB005","2022","Q4","NATIVE_shanDiv",0.954270379769744,5,"warm",0.21,2.1
"98","BOB005","2022","Q4","NONNATIVE_shanDiv",1.24102986260635,5,"warm",0.21,2.1
"99","BOB005","2022","Q5","NATIVE_shanDiv",0,5,"warm",0.21,2.1
"100","BOB005","2022","Q5","NONNATIVE_shanDiv",1.18522444888397,5,"warm",0.21,2.1
"101","BOB006","2021","Q1","NATIVE_shanDiv",0,5,"warm",0.169444444444444,1.69444444444444
"102","BOB006","2021","Q1","NONNATIVE_shanDiv",0.857119010650501,5,"warm",0.169444444444444,1.69444444444444
"103","BOB006","2021","Q2","NATIVE_shanDiv",0.562335144618808,5,"warm",0.169444444444444,1.69444444444444
"104","BOB006","2021","Q2","NONNATIVE_shanDiv",0.26556433825027,5,"warm",0.169444444444444,1.69444444444444
"105","BOB006","2021","Q3","NATIVE_shanDiv",0.500402423538188,5,"warm",0.169444444444444,1.69444444444444
"106","BOB006","2021","Q3","NONNATIVE_shanDiv",0.623153306291007,5,"warm",0.169444444444444,1.69444444444444
"107","BOB006","2021","Q4","NATIVE_shanDiv",0.402381719987598,5,"warm",0.169444444444444,1.69444444444444
"108","BOB006","2021","Q4","NONNATIVE_shanDiv",0.749837952165316,5,"warm",0.169444444444444,1.69444444444444
"109","BOB006","2021","Q5","NATIVE_shanDiv",1.15837712767257,5,"warm",0.169444444444444,1.69444444444444
"110","BOB006","2021","Q5","NONNATIVE_shanDiv",1.27936658610866,5,"warm",0.169444444444444,1.69444444444444
"111","BOB006","2022","Q1","NATIVE_shanDiv",0,5,"warm",0.169444444444444,1.69444444444444
"112","BOB006","2022","Q1","NONNATIVE_shanDiv",0.350393451046811,5,"warm",0.169444444444444,1.69444444444444
"113","BOB006","2022","Q2","NATIVE_shanDiv",0.693147180559945,5,"warm",0.169444444444444,1.69444444444444
"114","BOB006","2022","Q2","NONNATIVE_shanDiv",0.265994323155875,5,"warm",0.169444444444444,1.69444444444444
"115","BOB006","2022","Q3","NATIVE_shanDiv",0.943348392329039,5,"warm",0.169444444444444,1.69444444444444
"116","BOB006","2022","Q3","NONNATIVE_shanDiv",0.110100081923397,5,"warm",0.169444444444444,1.69444444444444
"117","BOB006","2022","Q4","NATIVE_shanDiv",1.10597270001494,5,"warm",0.169444444444444,1.69444444444444
"118","BOB006","2022","Q4","NONNATIVE_shanDiv",1.20543417193333,5,"warm",0.169444444444444,1.69444444444444
"119","BOB006","2022","Q5","NATIVE_shanDiv",0.950752796831454,5,"warm",0.169444444444444,1.69444444444444
"120","BOB006","2022","Q5","NONNATIVE_shanDiv",1.20645371928549,5,"warm",0.169444444444444,1.69444444444444
"121","BOB007","2021","Q1","NATIVE_shanDiv",0.855485603233411,3,"cool",0.15,1.5
"122","BOB007","2021","Q1","NONNATIVE_shanDiv",1.21542025748399,3,"cool",0.15,1.5
"123","BOB007","2021","Q2","NATIVE_shanDiv",0.850218145193698,3,"cool",0.15,1.5
"124","BOB007","2021","Q2","NONNATIVE_shanDiv",0.787878116183887,3,"cool",0.15,1.5
"125","BOB007","2021","Q3","NATIVE_shanDiv",1.5754015423339,3,"cool",0.15,1.5
"126","BOB007","2021","Q3","NONNATIVE_shanDiv",0.620213366386404,3,"cool",0.15,1.5
"127","BOB007","2021","Q4","NATIVE_shanDiv",0.992371416094104,3,"cool",0.15,1.5
"128","BOB007","2021","Q4","NONNATIVE_shanDiv",0.217901238865375,3,"cool",0.15,1.5
"129","BOB007","2021","Q5","NATIVE_shanDiv",1.60216972490721,3,"cool",0.15,1.5
"130","BOB007","2021","Q5","NONNATIVE_shanDiv",1.27929075357366,3,"cool",0.15,1.5
"131","BOB007","2022","Q1","NATIVE_shanDiv",0.636514168294813,3,"cool",0.15,1.5
"132","BOB007","2022","Q1","NONNATIVE_shanDiv",1.24903275032754,3,"cool",0.15,1.5
"133","BOB007","2022","Q2","NATIVE_shanDiv",0.71291114499149,3,"cool",0.15,1.5
"134","BOB007","2022","Q2","NONNATIVE_shanDiv",0.326442040956666,3,"cool",0.15,1.5
"135","BOB007","2022","Q3","NATIVE_shanDiv",1.34573558586338,3,"cool",0.15,1.5
"136","BOB007","2022","Q3","NONNATIVE_shanDiv",0.866273129400243,3,"cool",0.15,1.5
"137","BOB007","2022","Q4","NATIVE_shanDiv",0.711146982655696,3,"cool",0.15,1.5
"138","BOB007","2022","Q4","NONNATIVE_shanDiv",0.594244034652252,3,"cool",0.15,1.5
"139","BOB007","2022","Q5","NATIVE_shanDiv",1.23346238137203,3,"cool",0.15,1.5
"140","BOB007","2022","Q5","NONNATIVE_shanDiv",1.02543573026607,3,"cool",0.15,1.5
"141","BOB008","2021","Q1","NATIVE_shanDiv",1.18461650004393,3,"cool",0.3125,3.125
"142","BOB008","2021","Q1","NONNATIVE_shanDiv",0.576374800547415,3,"cool",0.3125,3.125
"143","BOB008","2021","Q2","NATIVE_shanDiv",1.52167782749431,3,"cool",0.3125,3.125
"144","BOB008","2021","Q2","NONNATIVE_shanDiv",0.927028082142995,3,"cool",0.3125,3.125
"145","BOB008","2021","Q3","NATIVE_shanDiv",1.76055761287594,3,"cool",0.3125,3.125
"146","BOB008","2021","Q3","NONNATIVE_shanDiv",1.11369964346563,3,"cool",0.3125,3.125
"147","BOB008","2021","Q4","NATIVE_shanDiv",1.33241224348879,3,"cool",0.3125,3.125
"148","BOB008","2021","Q4","NONNATIVE_shanDiv",0,3,"cool",0.3125,3.125
"149","BOB008","2021","Q5","NATIVE_shanDiv",1.52416487167481,3,"cool",0.3125,3.125
"150","BOB008","2021","Q5","NONNATIVE_shanDiv",0.556646903582107,3,"cool",0.3125,3.125
"151","BOB008","2022","Q1","NATIVE_shanDiv",0.573057370200292,3,"cool",0.3125,3.125
"152","BOB008","2022","Q1","NONNATIVE_shanDiv",0.766288428533257,3,"cool",0.3125,3.125
"153","BOB008","2022","Q2","NATIVE_shanDiv",1.73643713979907,3,"cool",0.3125,3.125
"154","BOB008","2022","Q2","NONNATIVE_shanDiv",1.12623014545819,3,"cool",0.3125,3.125
"155","BOB008","2022","Q3","NATIVE_shanDiv",0.78637268674094,3,"cool",0.3125,3.125
"156","BOB008","2022","Q3","NONNATIVE_shanDiv",1.06095447108865,3,"cool",0.3125,3.125
"157","BOB008","2022","Q4","NATIVE_shanDiv",1.63817074593635,3,"cool",0.3125,3.125
"158","BOB008","2022","Q4","NONNATIVE_shanDiv",0.93662949730619,3,"cool",0.3125,3.125
"159","BOB008","2022","Q5","NATIVE_shanDiv",0.956936544482559,3,"cool",0.3125,3.125
"160","BOB008","2022","Q5","NONNATIVE_shanDiv",0.514653165428929,3,"cool",0.3125,3.125
"161","BOB009","2021","Q1","NATIVE_shanDiv",0.772052354677676,3,"warm",0.1325,1.325
"162","BOB009","2021","Q1","NONNATIVE_shanDiv",0.691268213389561,3,"warm",0.1325,1.325
"163","BOB009","2021","Q2","NATIVE_shanDiv",1.24972287429467,3,"warm",0.1325,1.325
"164","BOB009","2021","Q2","NONNATIVE_shanDiv",0.669689525668837,3,"warm",0.1325,1.325
"165","BOB009","2021","Q3","NATIVE_shanDiv",0.727586981196,3,"warm",0.1325,1.325
"166","BOB009","2021","Q3","NONNATIVE_shanDiv",1.36387197876094,3,"warm",0.1325,1.325
"167","BOB009","2021","Q4","NATIVE_shanDiv",0.636514168294813,3,"warm",0.1325,1.325
"168","BOB009","2021","Q4","NONNATIVE_shanDiv",1.0975283732329,3,"warm",0.1325,1.325
"169","BOB009","2021","Q5","NATIVE_shanDiv",0.414765547817007,3,"warm",0.1325,1.325
"170","BOB009","2021","Q5","NONNATIVE_shanDiv",1.03601558606918,3,"warm",0.1325,1.325
"171","BOB009","2022","Q1","NATIVE_shanDiv",0.297340050679109,3,"warm",0.1325,1.325
"172","BOB009","2022","Q1","NONNATIVE_shanDiv",0.977205940848573,3,"warm",0.1325,1.325
"173","BOB009","2022","Q2","NATIVE_shanDiv",0.606754401076675,3,"warm",0.1325,1.325
"174","BOB009","2022","Q2","NONNATIVE_shanDiv",0.819045174148899,3,"warm",0.1325,1.325
"175","BOB009","2022","Q3","NATIVE_shanDiv",0.529260188646291,3,"warm",0.1325,1.325
"176","BOB009","2022","Q3","NONNATIVE_shanDiv",0.778259572955217,3,"warm",0.1325,1.325
"177","BOB009","2022","Q4","NATIVE_shanDiv",0,3,"warm",0.1325,1.325
"178","BOB009","2022","Q4","NONNATIVE_shanDiv",1.52260157902607,3,"warm",0.1325,1.325
"179","BOB009","2022","Q5","NATIVE_shanDiv",1.05938459334224,3,"warm",0.1325,1.325
"180","BOB009","2022","Q5","NONNATIVE_shanDiv",1.01077616470063,3,"warm",0.1325,1.325
"181","BOB010","2021","Q1","NATIVE_shanDiv",0.556646903582107,3,"warm",0.1175,1.175
"182","BOB010","2021","Q1","NONNATIVE_shanDiv",0.519460009620606,3,"warm",0.1175,1.175
"183","BOB010","2021","Q2","NATIVE_shanDiv",0.759547391474863,3,"warm",0.1175,1.175
"184","BOB010","2021","Q2","NONNATIVE_shanDiv",1.11511774491286,3,"warm",0.1175,1.175
"185","BOB010","2021","Q3","NATIVE_shanDiv",0.596672687089769,3,"warm",0.1175,1.175
"186","BOB010","2021","Q3","NONNATIVE_shanDiv",1.19336100452709,3,"warm",0.1175,1.175
"187","BOB010","2021","Q4","NATIVE_shanDiv",1.40863271328908,3,"warm",0.1175,1.175
"188","BOB010","2021","Q4","NONNATIVE_shanDiv",0.966938488355223,3,"warm",0.1175,1.175
"189","BOB010","2021","Q5","NATIVE_shanDiv",0.200367081083881,3,"warm",0.1175,1.175
"190","BOB010","2021","Q5","NONNATIVE_shanDiv",0.421535353642037,3,"warm",0.1175,1.175
"191","BOB010","2022","Q1","NATIVE_shanDiv",0.0836497046105892,3,"warm",0.1175,1.175
"192","BOB010","2022","Q1","NONNATIVE_shanDiv",0.965942678761875,3,"warm",0.1175,1.175
"193","BOB010","2022","Q2","NATIVE_shanDiv",0.636514168294813,3,"warm",0.1175,1.175
"194","BOB010","2022","Q2","NONNATIVE_shanDiv",0.79818327500018,3,"warm",0.1175,1.175
"195","BOB010","2022","Q3","NATIVE_shanDiv",0.940209287364174,3,"warm",0.1175,1.175
"196","BOB010","2022","Q3","NONNATIVE_shanDiv",1.60612218070562,3,"warm",0.1175,1.175
"197","BOB010","2022","Q4","NATIVE_shanDiv",0.84109894650904,3,"warm",0.1175,1.175
"198","BOB010","2022","Q4","NONNATIVE_shanDiv",1.31142411983994,3,"warm",0.1175,1.175
"199","BOB010","2022","Q5","NATIVE_shanDiv",0.51380602635033,3,"warm",0.1175,1.175
"200","BOB010","2022","Q5","NONNATIVE_shanDiv",0.685982792475606,3,"warm",0.1175,1.175
"201","BOB011","2021","Q1","NATIVE_shanDiv",0.153134667350542,4,"warm",0.1375,1.375
"202","BOB011","2021","Q1","NONNATIVE_shanDiv",1.09489528602085,4,"warm",0.1375,1.375
"203","BOB011","2021","Q2","NATIVE_shanDiv",0.945413403319381,4,"warm",0.1375,1.375
"204","BOB011","2021","Q2","NONNATIVE_shanDiv",0.864822869862747,4,"warm",0.1375,1.375
"205","BOB011","2021","Q3","NATIVE_shanDiv",0.925129083572082,4,"warm",0.1375,1.375
"206","BOB011","2021","Q3","NONNATIVE_shanDiv",1.19037357490129,4,"warm",0.1375,1.375
"207","BOB011","2021","Q4","NATIVE_shanDiv",0.709729214408766,4,"warm",0.1375,1.375
"208","BOB011","2021","Q4","NONNATIVE_shanDiv",0.953820097139637,4,"warm",0.1375,1.375
"209","BOB011","2021","Q5","NATIVE_shanDiv",1.21439280397506,4,"warm",0.1375,1.375
"210","BOB011","2021","Q5","NONNATIVE_shanDiv",1.10320597725627,4,"warm",0.1375,1.375
"211","BOB011","2022","Q1","NATIVE_shanDiv",0.620703856814176,4,"warm",0.1375,1.375
"212","BOB011","2022","Q1","NONNATIVE_shanDiv",1.32560550415711,4,"warm",0.1375,1.375
"213","BOB011","2022","Q2","NATIVE_shanDiv",0.721046016528637,4,"warm",0.1375,1.375
"214","BOB011","2022","Q2","NONNATIVE_shanDiv",1.39522118832663,4,"warm",0.1375,1.375
"215","BOB011","2022","Q3","NATIVE_shanDiv",0.0555460752688918,4,"warm",0.1375,1.375
"216","BOB011","2022","Q3","NONNATIVE_shanDiv",0.760634997015918,4,"warm",0.1375,1.375
"217","BOB011","2022","Q4","NATIVE_shanDiv",0.603593031676502,4,"warm",0.1375,1.375
"218","BOB011","2022","Q4","NONNATIVE_shanDiv",1.06360721914713,4,"warm",0.1375,1.375
"219","BOB011","2022","Q5","NATIVE_shanDiv",0.496326567283384,4,"warm",0.1375,1.375
"220","BOB011","2022","Q5","NONNATIVE_shanDiv",1.11896001862898,4,"warm",0.1375,1.375
"221","BOB012","2021","Q1","NATIVE_shanDiv",0.901914505969347,4,"warm",0.1025,1.025
"222","BOB012","2021","Q1","NONNATIVE_shanDiv",1.09215517684204,4,"warm",0.1025,1.025
"223","BOB012","2021","Q2","NATIVE_shanDiv",0.791448539078375,4,"warm",0.1025,1.025
"224","BOB012","2021","Q2","NONNATIVE_shanDiv",1.19033672973594,4,"warm",0.1025,1.025
"225","BOB012","2021","Q3","NATIVE_shanDiv",0.562335144618808,4,"warm",0.1025,1.025
"226","BOB012","2021","Q3","NONNATIVE_shanDiv",1.1205331944913,4,"warm",0.1025,1.025
"227","BOB012","2021","Q4","NATIVE_shanDiv",1.05541495472759,4,"warm",0.1025,1.025
"228","BOB012","2021","Q4","NONNATIVE_shanDiv",1.13893159625594,4,"warm",0.1025,1.025
"229","BOB012","2021","Q5","NATIVE_shanDiv",1.76257258086682,4,"warm",0.1025,1.025
"230","BOB012","2021","Q5","NONNATIVE_shanDiv",0.525987424282705,4,"warm",0.1025,1.025
"231","BOB012","2022","Q1","NATIVE_shanDiv",1.02243493751905,4,"warm",0.1025,1.025
"232","BOB012","2022","Q1","NONNATIVE_shanDiv",1.02125360952369,4,"warm",0.1025,1.025
"233","BOB012","2022","Q2","NATIVE_shanDiv",1.19784913592457,4,"warm",0.1025,1.025
"234","BOB012","2022","Q2","NONNATIVE_shanDiv",1.63137604258208,4,"warm",0.1025,1.025
"235","BOB012","2022","Q3","NATIVE_shanDiv",0.856997754778065,4,"warm",0.1025,1.025
"236","BOB012","2022","Q3","NONNATIVE_shanDiv",1.20884816906066,4,"warm",0.1025,1.025
"237","BOB012","2022","Q4","NATIVE_shanDiv",1.34253102898543,4,"warm",0.1025,1.025
"238","BOB012","2022","Q4","NONNATIVE_shanDiv",1.41069762566093,4,"warm",0.1025,1.025
"239","BOB012","2022","Q5","NATIVE_shanDiv",1.12894498335335,4,"warm",0.1025,1.025
"240","BOB012","2022","Q5","NONNATIVE_shanDiv",1.34678209290247,4,"warm",0.1025,1.025
"241","BOB013","2021","Q1","NATIVE_shanDiv",1.51203993134562,4,"cool",0.1175,1.175
"242","BOB013","2021","Q1","NONNATIVE_shanDiv",0.869053734745326,4,"cool",0.1175,1.175
"243","BOB013","2021","Q2","NATIVE_shanDiv",0.629732260277055,4,"cool",0.1175,1.175
"244","BOB013","2021","Q2","NONNATIVE_shanDiv",0.287754230873382,4,"cool",0.1175,1.175
"245","BOB013","2021","Q3","NATIVE_shanDiv",1.19190388792254,4,"cool",0.1175,1.175
"246","BOB013","2021","Q3","NONNATIVE_shanDiv",0.723253717153795,4,"cool",0.1175,1.175
"247","BOB013","2021","Q4","NATIVE_shanDiv",1.24280129019427,4,"cool",0.1175,1.175
"248","BOB013","2021","Q4","NONNATIVE_shanDiv",1.21569038455862,4,"cool",0.1175,1.175
"249","BOB013","2021","Q5","NATIVE_shanDiv",1.59698160368476,4,"cool",0.1175,1.175
"250","BOB013","2021","Q5","NONNATIVE_shanDiv",1.02574928384909,4,"cool",0.1175,1.175
"251","BOB013","2022","Q1","NATIVE_shanDiv",1.39148728766096,4,"cool",0.1175,1.175
"252","BOB013","2022","Q1","NONNATIVE_shanDiv",1.06372561830074,4,"cool",0.1175,1.175
"253","BOB013","2022","Q2","NATIVE_shanDiv",0.706306061076297,4,"cool",0.1175,1.175
"254","BOB013","2022","Q2","NONNATIVE_shanDiv",0.187838749540748,4,"cool",0.1175,1.175
"255","BOB013","2022","Q3","NATIVE_shanDiv",1.28374187300564,4,"cool",0.1175,1.175
"256","BOB013","2022","Q3","NONNATIVE_shanDiv",0.823154420291593,4,"cool",0.1175,1.175
"257","BOB013","2022","Q4","NATIVE_shanDiv",1.28318811861134,4,"cool",0.1175,1.175
"258","BOB013","2022","Q4","NONNATIVE_shanDiv",1.13543205310057,4,"cool",0.1175,1.175
"259","BOB013","2022","Q5","NATIVE_shanDiv",1.65565410405386,4,"cool",0.1175,1.175
"260","BOB013","2022","Q5","NONNATIVE_shanDiv",0.0664234246616453,4,"cool",0.1175,1.175
"261","BOB014","2021","Q1","NATIVE_shanDiv",1.17826158915577,4,"cool",0.178125,1.78125
"262","BOB014","2021","Q1","NONNATIVE_shanDiv",0.900256051268537,4,"cool",0.178125,1.78125
"263","BOB014","2021","Q2","NATIVE_shanDiv",1.16926242364077,4,"cool",0.178125,1.78125
"264","BOB014","2021","Q2","NONNATIVE_shanDiv",0.677845364887067,4,"cool",0.178125,1.78125
"265","BOB014","2021","Q3","NATIVE_shanDiv",1.19514849638334,4,"cool",0.178125,1.78125
"266","BOB014","2021","Q3","NONNATIVE_shanDiv",0.849525928958152,4,"cool",0.178125,1.78125
"267","BOB014","2021","Q4","NATIVE_shanDiv",0.867241889324316,4,"cool",0.178125,1.78125
"268","BOB014","2021","Q4","NONNATIVE_shanDiv",1.21226137247341,4,"cool",0.178125,1.78125
"269","BOB014","2021","Q5","NATIVE_shanDiv",0.982065219727426,4,"cool",0.178125,1.78125
"270","BOB014","2021","Q5","NONNATIVE_shanDiv",1.01716435092483,4,"cool",0.178125,1.78125
"271","BOB014","2022","Q1","NATIVE_shanDiv",1.01435841502598,4,"cool",0.178125,1.78125
"272","BOB014","2022","Q1","NONNATIVE_shanDiv",0.98014620397744,4,"cool",0.178125,1.78125
"273","BOB014","2022","Q2","NATIVE_shanDiv",0.89655333280141,4,"cool",0.178125,1.78125
"274","BOB014","2022","Q2","NONNATIVE_shanDiv",0.78811765831313,4,"cool",0.178125,1.78125
"275","BOB014","2022","Q3","NATIVE_shanDiv",1.05108131914205,4,"cool",0.178125,1.78125
"276","BOB014","2022","Q3","NONNATIVE_shanDiv",1.02125520604824,4,"cool",0.178125,1.78125
"277","BOB014","2022","Q4","NATIVE_shanDiv",0.923137405271925,4,"cool",0.178125,1.78125
"278","BOB014","2022","Q4","NONNATIVE_shanDiv",1.12764887606857,4,"cool",0.178125,1.78125
"279","BOB014","2022","Q5","NATIVE_shanDiv",1.6154269008271,4,"cool",0.178125,1.78125
"280","BOB014","2022","Q5","NONNATIVE_shanDiv",0.918940952777088,4,"cool",0.178125,1.78125
"281","BOB015","2021","Q1","NATIVE_shanDiv",0.399257900751351,4,"cool",0.122222222222222,1.22222222222222
"282","BOB015","2021","Q1","NONNATIVE_shanDiv",0.84539461831057,4,"cool",0.122222222222222,1.22222222222222
"283","BOB015","2021","Q2","NATIVE_shanDiv",1.00153640531477,4,"cool",0.122222222222222,1.22222222222222
"284","BOB015","2021","Q2","NONNATIVE_shanDiv",0.790527254675288,4,"cool",0.122222222222222,1.22222222222222
"285","BOB015","2021","Q3","NATIVE_shanDiv",1.21295314016447,4,"cool",0.122222222222222,1.22222222222222
"286","BOB015","2021","Q3","NONNATIVE_shanDiv",0.849468273549001,4,"cool",0.122222222222222,1.22222222222222
"287","BOB015","2021","Q4","NATIVE_shanDiv",0.48230247013708,4,"cool",0.122222222222222,1.22222222222222
"288","BOB015","2021","Q4","NONNATIVE_shanDiv",0.773305775557366,4,"cool",0.122222222222222,1.22222222222222
"289","BOB015","2021","Q5","NATIVE_shanDiv",1.43506146830333,4,"cool",0.122222222222222,1.22222222222222
"290","BOB015","2021","Q5","NONNATIVE_shanDiv",0.097210849387931,4,"cool",0.122222222222222,1.22222222222222
"291","BOB015","2022","Q1","NATIVE_shanDiv",0.573702892799618,4,"cool",0.122222222222222,1.22222222222222
"292","BOB015","2022","Q1","NONNATIVE_shanDiv",1.00588030871195,4,"cool",0.122222222222222,1.22222222222222
"293","BOB015","2022","Q2","NATIVE_shanDiv",0.78446826617712,4,"cool",0.122222222222222,1.22222222222222
"294","BOB015","2022","Q2","NONNATIVE_shanDiv",1.09163690504193,4,"cool",0.122222222222222,1.22222222222222
"295","BOB015","2022","Q3","NATIVE_shanDiv",1.3502057156441,4,"cool",0.122222222222222,1.22222222222222
"296","BOB015","2022","Q3","NONNATIVE_shanDiv",0.97472616342106,4,"cool",0.122222222222222,1.22222222222222
"297","BOB015","2022","Q4","NATIVE_shanDiv",0.100915363833699,4,"cool",0.122222222222222,1.22222222222222
"298","BOB015","2022","Q4","NONNATIVE_shanDiv",1.11209369201816,4,"cool",0.122222222222222,1.22222222222222
"299","BOB015","2022","Q5","NATIVE_shanDiv",0.0676583628139363,4,"cool",0.122222222222222,1.22222222222222
"300","BOB015","2022","Q5","NONNATIVE_shanDiv",0.891831118731058,4,"cool",0.122222222222222,1.22222222222222
"301","BOB016","2021","Q1","NATIVE_shanDiv",0.796459406930574,4,"cool",0.1125,1.125
"302","BOB016","2021","Q1","NONNATIVE_shanDiv",0.76546350157464,4,"cool",0.1125,1.125
"303","BOB016","2021","Q2","NATIVE_shanDiv",0.938681254491563,4,"cool",0.1125,1.125
"304","BOB016","2021","Q2","NONNATIVE_shanDiv",0.912346265518784,4,"cool",0.1125,1.125
"305","BOB016","2021","Q3","NATIVE_shanDiv",0.815862999578411,4,"cool",0.1125,1.125
"306","BOB016","2021","Q3","NONNATIVE_shanDiv",0.653901074717181,4,"cool",0.1125,1.125
"307","BOB016","2021","Q4","NATIVE_shanDiv",0.740442190942608,4,"cool",0.1125,1.125
"308","BOB016","2021","Q4","NONNATIVE_shanDiv",0.933395477662226,4,"cool",0.1125,1.125
"309","BOB016","2021","Q5","NATIVE_shanDiv",1.94563629615754,4,"cool",0.1125,1.125
"310","BOB016","2021","Q5","NONNATIVE_shanDiv",1.48975942859095,4,"cool",0.1125,1.125
"311","BOB016","2022","Q1","NATIVE_shanDiv",0.275717657714143,4,"cool",0.1125,1.125
"312","BOB016","2022","Q1","NONNATIVE_shanDiv",0.470794285754561,4,"cool",0.1125,1.125
"313","BOB016","2022","Q2","NATIVE_shanDiv",1.0585713943154,4,"cool",0.1125,1.125
"314","BOB016","2022","Q2","NONNATIVE_shanDiv",1.03022654714801,4,"cool",0.1125,1.125
"315","BOB016","2022","Q3","NATIVE_shanDiv",1.16269032744671,4,"cool",0.1125,1.125
"316","BOB016","2022","Q3","NONNATIVE_shanDiv",1.27995418757759,4,"cool",0.1125,1.125
"317","BOB016","2022","Q4","NATIVE_shanDiv",0.588270067236358,4,"cool",0.1125,1.125
"318","BOB016","2022","Q4","NONNATIVE_shanDiv",1.01346518314154,4,"cool",0.1125,1.125
"319","BOB016","2022","Q5","NATIVE_shanDiv",0.853361653827541,4,"cool",0.1125,1.125
"320","BOB016","2022","Q5","NONNATIVE_shanDiv",1.19607747845939,4,"cool",0.1125,1.125
"321","BOB017","2021","Q1","NATIVE_shanDiv",0.356470196663326,4,"warm",0.11,1.1
"322","BOB017","2021","Q1","NONNATIVE_shanDiv",1.75745978121586,4,"warm",0.11,1.1
"323","BOB017","2021","Q2","NATIVE_shanDiv",0.439732209460597,4,"warm",0.11,1.1
"324","BOB017","2021","Q2","NONNATIVE_shanDiv",1.89111623425488,4,"warm",0.11,1.1
"325","BOB017","2021","Q3","NATIVE_shanDiv",0.629719512316516,4,"warm",0.11,1.1
"326","BOB017","2021","Q3","NONNATIVE_shanDiv",1.52843833852501,4,"warm",0.11,1.1
"327","BOB017","2021","Q4","NATIVE_shanDiv",0.366380939712104,4,"warm",0.11,1.1
"328","BOB017","2021","Q4","NONNATIVE_shanDiv",1.74770404317326,4,"warm",0.11,1.1
"329","BOB017","2021","Q5","NATIVE_shanDiv",0.600892430184644,4,"warm",0.11,1.1
"330","BOB017","2021","Q5","NONNATIVE_shanDiv",1.11700237204989,4,"warm",0.11,1.1
"331","BOB017","2022","Q1","NATIVE_shanDiv",0.274398167072545,4,"warm",0.11,1.1
"332","BOB017","2022","Q1","NONNATIVE_shanDiv",1.15651998219628,4,"warm",0.11,1.1
"333","BOB017","2022","Q2","NATIVE_shanDiv",0.621086374555245,4,"warm",0.11,1.1
"334","BOB017","2022","Q2","NONNATIVE_shanDiv",1.34861100895119,4,"warm",0.11,1.1
"335","BOB017","2022","Q3","NATIVE_shanDiv",0,4,"warm",0.11,1.1
"336","BOB017","2022","Q3","NONNATIVE_shanDiv",0.404509941773612,4,"warm",0.11,1.1
"337","BOB017","2022","Q4","NATIVE_shanDiv",0.636514168294813,4,"warm",0.11,1.1
"338","BOB017","2022","Q4","NONNATIVE_shanDiv",0.950963632404493,4,"warm",0.11,1.1
"339","BOB017","2022","Q5","NATIVE_shanDiv",0.865463105031465,4,"warm",0.11,1.1
"340","BOB017","2022","Q5","NONNATIVE_shanDiv",1.00915441845329,4,"warm",0.11,1.1
"341","BOB018","2021","Q1","NATIVE_shanDiv",0.640020928647795,3,"warm",0.125,1.25
"342","BOB018","2021","Q1","NONNATIVE_shanDiv",1.3127735980417,3,"warm",0.125,1.25
"343","BOB018","2021","Q2","NATIVE_shanDiv",1.50300725921365,3,"warm",0.125,1.25
"344","BOB018","2021","Q2","NONNATIVE_shanDiv",1.04491503139199,3,"warm",0.125,1.25
"345","BOB018","2021","Q3","NATIVE_shanDiv",0.913832171588562,3,"warm",0.125,1.25
"346","BOB018","2021","Q3","NONNATIVE_shanDiv",0.723668578849463,3,"warm",0.125,1.25
"347","BOB018","2021","Q4","NATIVE_shanDiv",0.743049565161239,3,"warm",0.125,1.25
"348","BOB018","2021","Q4","NONNATIVE_shanDiv",1.29111010021566,3,"warm",0.125,1.25
"349","BOB018","2021","Q5","NATIVE_shanDiv",0.856997754778065,3,"warm",0.125,1.25
"350","BOB018","2021","Q5","NONNATIVE_shanDiv",1.33416970288177,3,"warm",0.125,1.25
"351","BOB018","2022","Q1","NATIVE_shanDiv",0,3,"warm",0.125,1.25
"352","BOB018","2022","Q1","NONNATIVE_shanDiv",0.197182893367975,3,"warm",0.125,1.25
"353","BOB018","2022","Q2","NATIVE_shanDiv",1.15500065269378,3,"warm",0.125,1.25
"354","BOB018","2022","Q2","NONNATIVE_shanDiv",0.91897030246348,3,"warm",0.125,1.25
"355","BOB018","2022","Q3","NATIVE_shanDiv",0.935162946813654,3,"warm",0.125,1.25
"356","BOB018","2022","Q3","NONNATIVE_shanDiv",0.860851390631232,3,"warm",0.125,1.25
"357","BOB018","2022","Q4","NATIVE_shanDiv",0.264052051825629,3,"warm",0.125,1.25
"358","BOB018","2022","Q4","NONNATIVE_shanDiv",1.46282711183989,3,"warm",0.125,1.25
"359","BOB018","2022","Q5","NATIVE_shanDiv",0.686961576597323,3,"warm",0.125,1.25
"360","BOB018","2022","Q5","NONNATIVE_shanDiv",1.32088834314932,3,"warm",0.125,1.25
"361","BOB019","2021","Q1","NATIVE_shanDiv",0.562335144618808,5,"cool",NA,NA
"362","BOB019","2021","Q1","NONNATIVE_shanDiv",0.355023494920405,5,"cool",NA,NA
"363","BOB019","2021","Q2","NATIVE_shanDiv",0,5,"cool",NA,NA
"364","BOB019","2021","Q2","NONNATIVE_shanDiv",1.28271156592749,5,"cool",NA,NA
"365","BOB019","2021","Q3","NATIVE_shanDiv",0.835378463671764,5,"cool",NA,NA
"366","BOB019","2021","Q3","NONNATIVE_shanDiv",1.17342710614616,5,"cool",NA,NA
"367","BOB019","2021","Q4","NATIVE_shanDiv",0.868347192670713,5,"cool",NA,NA
"368","BOB019","2021","Q4","NONNATIVE_shanDiv",0.977879742738213,5,"cool",NA,NA
"369","BOB019","2021","Q5","NATIVE_shanDiv",1.8278052977193,5,"cool",NA,NA
"370","BOB019","2021","Q5","NONNATIVE_shanDiv",1.26124984934311,5,"cool",NA,NA
"371","BOB019","2022","Q1","NATIVE_shanDiv",0.456853972385692,5,"cool",NA,NA
"372","BOB019","2022","Q1","NONNATIVE_shanDiv",0.946965325858767,5,"cool",NA,NA
"373","BOB019","2022","Q2","NATIVE_shanDiv",1.04713218540783,5,"cool",NA,NA
"374","BOB019","2022","Q2","NONNATIVE_shanDiv",1.33440663040828,5,"cool",NA,NA
"375","BOB019","2022","Q3","NATIVE_shanDiv",0.956505963996646,5,"cool",NA,NA
"376","BOB019","2022","Q3","NONNATIVE_shanDiv",1.09673598751794,5,"cool",NA,NA
"377","BOB019","2022","Q4","NATIVE_shanDiv",0.0222772335300707,5,"cool",NA,NA
"378","BOB019","2022","Q4","NONNATIVE_shanDiv",1.1773718237906,5,"cool",NA,NA
"379","BOB019","2022","Q5","NATIVE_shanDiv",1.19643076719586,5,"cool",NA,NA
"380","BOB019","2022","Q5","NONNATIVE_shanDiv",1.00839233616046,5,"cool",NA,NA
"381","CCC001","2021","Q1","NATIVE_shanDiv",0.62338488488359,1,"cool",0.655,6.55
"382","CCC001","2021","Q1","NONNATIVE_shanDiv",0,1,"cool",0.655,6.55
"383","CCC001","2021","Q2","NATIVE_shanDiv",1.41923868390352,1,"cool",0.655,6.55
"384","CCC001","2021","Q2","NONNATIVE_shanDiv",0,1,"cool",0.655,6.55
"385","CCC001","2021","Q3","NATIVE_shanDiv",1.03988366124962,1,"cool",0.655,6.55
"386","CCC001","2021","Q3","NONNATIVE_shanDiv",0,1,"cool",0.655,6.55
"387","CCC001","2021","Q4","NATIVE_shanDiv",1.17699440276211,1,"cool",0.655,6.55
"388","CCC001","2021","Q4","NONNATIVE_shanDiv",0,1,"cool",0.655,6.55
"389","CCC001","2021","Q5","NATIVE_shanDiv",1.43402202024086,1,"cool",0.655,6.55
"390","CCC001","2021","Q5","NONNATIVE_shanDiv",0.892456164032278,1,"cool",0.655,6.55
"391","CCC001","2022","Q1","NATIVE_shanDiv",1.25883789721391,1,"cool",0.655,6.55
"392","CCC001","2022","Q1","NONNATIVE_shanDiv",1.40311015794859,1,"cool",0.655,6.55
"393","CCC001","2022","Q2","NATIVE_shanDiv",0.982612982007408,1,"cool",0.655,6.55
"394","CCC001","2022","Q2","NONNATIVE_shanDiv",1.43775437596817,1,"cool",0.655,6.55
"395","CCC001","2022","Q3","NATIVE_shanDiv",1.3603745427006,1,"cool",0.655,6.55
"396","CCC001","2022","Q3","NONNATIVE_shanDiv",1.03619878481928,1,"cool",0.655,6.55
"397","CCC001","2022","Q4","NATIVE_shanDiv",1.45876319447621,1,"cool",0.655,6.55
"398","CCC001","2022","Q4","NONNATIVE_shanDiv",0.936888307539016,1,"cool",0.655,6.55
"399","CCC001","2022","Q5","NATIVE_shanDiv",1.52444866728622,1,"cool",0.655,6.55
"400","CCC001","2022","Q5","NONNATIVE_shanDiv",1.25452089051632,1,"cool",0.655,6.55
"401","CCC002","2021","Q1","NATIVE_shanDiv",1.41179831551314,1,"cool",0.28,2.8
"402","CCC002","2021","Q1","NONNATIVE_shanDiv",0,1,"cool",0.28,2.8
"403","CCC002","2021","Q2","NATIVE_shanDiv",1.37125244212626,1,"cool",0.28,2.8
"404","CCC002","2021","Q2","NONNATIVE_shanDiv",0.348832095843032,1,"cool",0.28,2.8
"405","CCC002","2021","Q3","NATIVE_shanDiv",0.549271504520361,1,"cool",0.28,2.8
"406","CCC002","2021","Q3","NONNATIVE_shanDiv",0,1,"cool",0.28,2.8
"407","CCC002","2021","Q4","NATIVE_shanDiv",1.20565895805384,1,"cool",0.28,2.8
"408","CCC002","2021","Q4","NONNATIVE_shanDiv",0.257318640543832,1,"cool",0.28,2.8
"409","CCC002","2021","Q5","NATIVE_shanDiv",0.902481121046676,1,"cool",0.28,2.8
"410","CCC002","2021","Q5","NONNATIVE_shanDiv",0,1,"cool",0.28,2.8
"411","CCC002","2022","Q1","NATIVE_shanDiv",1.24630934493863,1,"cool",0.28,2.8
"412","CCC002","2022","Q1","NONNATIVE_shanDiv",0,1,"cool",0.28,2.8
"413","CCC002","2022","Q2","NATIVE_shanDiv",1.87422481575552,1,"cool",0.28,2.8
"414","CCC002","2022","Q2","NONNATIVE_shanDiv",0.521972657722193,1,"cool",0.28,2.8
"415","CCC002","2022","Q3","NATIVE_shanDiv",1.5970311154922,1,"cool",0.28,2.8
"416","CCC002","2022","Q3","NONNATIVE_shanDiv",1.29622199676458,1,"cool",0.28,2.8
"417","CCC002","2022","Q4","NATIVE_shanDiv",1.33245705401346,1,"cool",0.28,2.8
"418","CCC002","2022","Q4","NONNATIVE_shanDiv",0,1,"cool",0.28,2.8
"419","CCC002","2022","Q5","NATIVE_shanDiv",1.46824053729888,1,"cool",0.28,2.8
"420","CCC002","2022","Q5","NONNATIVE_shanDiv",0.481602378793864,1,"cool",0.28,2.8
"421","CCC003","2021","Q1","NATIVE_shanDiv",0.63096558135875,1,"warm",2.285,22.85
"422","CCC003","2021","Q1","NONNATIVE_shanDiv",NA,1,"warm",2.285,22.85
"423","CCC003","2021","Q2","NATIVE_shanDiv",0,1,"warm",2.285,22.85
"424","CCC003","2021","Q2","NONNATIVE_shanDiv",NA,1,"warm",2.285,22.85
"425","CCC003","2021","Q3","NATIVE_shanDiv",0.450561208866305,1,"warm",2.285,22.85
"426","CCC003","2021","Q3","NONNATIVE_shanDiv",NA,1,"warm",2.285,22.85
"427","CCC003","2021","Q4","NATIVE_shanDiv",0,1,"warm",2.285,22.85
"428","CCC003","2021","Q4","NONNATIVE_shanDiv",NA,1,"warm",2.285,22.85
"429","CCC003","2021","Q5","NATIVE_shanDiv",0,1,"warm",2.285,22.85
"430","CCC003","2021","Q5","NONNATIVE_shanDiv",NA,1,"warm",2.285,22.85
"431","CCC003","2022","Q1","NATIVE_shanDiv",1.18228240374918,1,"warm",2.285,22.85
"432","CCC003","2022","Q1","NONNATIVE_shanDiv",0.658109987543114,1,"warm",2.285,22.85
"433","CCC003","2022","Q2","NATIVE_shanDiv",1.08760603517801,1,"warm",2.285,22.85
"434","CCC003","2022","Q2","NONNATIVE_shanDiv",0,1,"warm",2.285,22.85
"435","CCC003","2022","Q3","NATIVE_shanDiv",1.15992910858826,1,"warm",2.285,22.85
"436","CCC003","2022","Q3","NONNATIVE_shanDiv",0.500402423538188,1,"warm",2.285,22.85
"437","CCC003","2022","Q4","NATIVE_shanDiv",0.996802305918691,1,"warm",2.285,22.85
"438","CCC003","2022","Q4","NONNATIVE_shanDiv",0,1,"warm",2.285,22.85
"439","CCC003","2022","Q5","NATIVE_shanDiv",1.55340507148824,1,"warm",2.285,22.85
"440","CCC003","2022","Q5","NONNATIVE_shanDiv",0,1,"warm",2.285,22.85
"441","CCC004","2021","Q1","NATIVE_shanDiv",1.30556518058821,1,"cool",1.3275,13.275
"442","CCC004","2021","Q1","NONNATIVE_shanDiv",0,1,"cool",1.3275,13.275
"443","CCC004","2021","Q2","NATIVE_shanDiv",1.60458393708542,1,"cool",1.3275,13.275
"444","CCC004","2021","Q2","NONNATIVE_shanDiv",0,1,"cool",1.3275,13.275
"445","CCC004","2021","Q3","NATIVE_shanDiv",1.63288883847687,1,"cool",1.3275,13.275
"446","CCC004","2021","Q3","NONNATIVE_shanDiv",0,1,"cool",1.3275,13.275
"447","CCC004","2021","Q4","NATIVE_shanDiv",1.68473807542406,1,"cool",1.3275,13.275
"448","CCC004","2021","Q4","NONNATIVE_shanDiv",0,1,"cool",1.3275,13.275
"449","CCC004","2021","Q5","NATIVE_shanDiv",1.82376892864237,1,"cool",1.3275,13.275
"450","CCC004","2021","Q5","NONNATIVE_shanDiv",0,1,"cool",1.3275,13.275
"451","CCC004","2022","Q1","NATIVE_shanDiv",1.01024238011315,1,"cool",1.3275,13.275
"452","CCC004","2022","Q1","NONNATIVE_shanDiv",0,1,"cool",1.3275,13.275
"453","CCC004","2022","Q2","NATIVE_shanDiv",0.894642337986541,1,"cool",1.3275,13.275
"454","CCC004","2022","Q2","NONNATIVE_shanDiv",0.876199457463585,1,"cool",1.3275,13.275
"455","CCC004","2022","Q3","NATIVE_shanDiv",1.50802067816651,1,"cool",1.3275,13.275
"456","CCC004","2022","Q3","NONNATIVE_shanDiv",0.923840705630872,1,"cool",1.3275,13.275
"457","CCC004","2022","Q4","NATIVE_shanDiv",0.871336262650287,1,"cool",1.3275,13.275
"458","CCC004","2022","Q4","NONNATIVE_shanDiv",0.964962923007428,1,"cool",1.3275,13.275
"459","CCC004","2022","Q5","NATIVE_shanDiv",1.0058579878511,1,"cool",1.3275,13.275
"460","CCC004","2022","Q5","NONNATIVE_shanDiv",0.440041526330506,1,"cool",1.3275,13.275
"461","CCC005","2021","Q1","NATIVE_shanDiv",0.636514168294813,1,"warm",1.1,11
"462","CCC005","2021","Q1","NONNATIVE_shanDiv",0,1,"warm",1.1,11
"463","CCC005","2021","Q2","NATIVE_shanDiv",0.974314752869349,1,"warm",1.1,11
"464","CCC005","2021","Q2","NONNATIVE_shanDiv",0,1,"warm",1.1,11
"465","CCC005","2021","Q3","NATIVE_shanDiv",0,1,"warm",1.1,11
"466","CCC005","2021","Q3","NONNATIVE_shanDiv",0,1,"warm",1.1,11
"467","CCC005","2021","Q4","NATIVE_shanDiv",0,1,"warm",1.1,11
"468","CCC005","2021","Q4","NONNATIVE_shanDiv",0,1,"warm",1.1,11
"469","CCC005","2021","Q5","NATIVE_shanDiv",0.70445406314198,1,"warm",1.1,11
"470","CCC005","2021","Q5","NONNATIVE_shanDiv",0,1,"warm",1.1,11
"471","CCC005","2022","Q1","NATIVE_shanDiv",1.62219580795543,1,"warm",1.1,11
"472","CCC005","2022","Q1","NONNATIVE_shanDiv",1.09337471755665,1,"warm",1.1,11
"473","CCC005","2022","Q2","NATIVE_shanDiv",1.6117335845738,1,"warm",1.1,11
"474","CCC005","2022","Q2","NONNATIVE_shanDiv",1.44040094064344,1,"warm",1.1,11
"475","CCC005","2022","Q3","NATIVE_shanDiv",1.17567761675793,1,"warm",1.1,11
"476","CCC005","2022","Q3","NONNATIVE_shanDiv",0.0402912763179981,1,"warm",1.1,11
"477","CCC005","2022","Q4","NATIVE_shanDiv",1.40696662877215,1,"warm",1.1,11
"478","CCC005","2022","Q4","NONNATIVE_shanDiv",1.22315633770706,1,"warm",1.1,11
"479","CCC005","2022","Q5","NATIVE_shanDiv",0.871117172697147,1,"warm",1.1,11
"480","CCC005","2022","Q5","NONNATIVE_shanDiv",0.562335144618808,1,"warm",1.1,11
"481","CCC006","2021","Q1","NATIVE_shanDiv",0.0700542808754983,1,"warm",1.3725,13.725
"482","CCC006","2021","Q1","NONNATIVE_shanDiv",NA,1,"warm",1.3725,13.725
"483","CCC006","2021","Q2","NATIVE_shanDiv",0.315396287422662,1,"warm",1.3725,13.725
"484","CCC006","2021","Q2","NONNATIVE_shanDiv",NA,1,"warm",1.3725,13.725
"485","CCC006","2021","Q3","NATIVE_shanDiv",0,1,"warm",1.3725,13.725
"486","CCC006","2021","Q3","NONNATIVE_shanDiv",NA,1,"warm",1.3725,13.725
"487","CCC006","2021","Q4","NATIVE_shanDiv",0,1,"warm",1.3725,13.725
"488","CCC006","2021","Q4","NONNATIVE_shanDiv",NA,1,"warm",1.3725,13.725
"489","CCC006","2021","Q5","NATIVE_shanDiv",0.191444081957717,1,"warm",1.3725,13.725
"490","CCC006","2021","Q5","NONNATIVE_shanDiv",NA,1,"warm",1.3725,13.725
"491","CCC006","2022","Q1","NATIVE_shanDiv",0,1,"warm",1.3725,13.725
"492","CCC006","2022","Q1","NONNATIVE_shanDiv",0.636514168294813,1,"warm",1.3725,13.725
"493","CCC006","2022","Q2","NATIVE_shanDiv",0.0965089607359472,1,"warm",1.3725,13.725
"494","CCC006","2022","Q2","NONNATIVE_shanDiv",0,1,"warm",1.3725,13.725
"495","CCC006","2022","Q3","NATIVE_shanDiv",0,1,"warm",1.3725,13.725
"496","CCC006","2022","Q3","NONNATIVE_shanDiv",0,1,"warm",1.3725,13.725
"497","CCC006","2022","Q4","NATIVE_shanDiv",0,1,"warm",1.3725,13.725
"498","CCC006","2022","Q4","NONNATIVE_shanDiv",0,1,"warm",1.3725,13.725
"499","CCC006","2022","Q5","NATIVE_shanDiv",0.0836497046105892,1,"warm",1.3725,13.725
"500","CCC006","2022","Q5","NONNATIVE_shanDiv",0,1,"warm",1.3725,13.725
"501","CCC007","2021","Q1","NATIVE_shanDiv",1.63510526788123,7,"warm",0.245,2.45
"502","CCC007","2021","Q1","NONNATIVE_shanDiv",0.642370235606584,7,"warm",0.245,2.45
"503","CCC007","2021","Q2","NATIVE_shanDiv",1.23424494557933,7,"warm",0.245,2.45
"504","CCC007","2021","Q2","NONNATIVE_shanDiv",0.272843206399398,7,"warm",0.245,2.45
"505","CCC007","2021","Q3","NATIVE_shanDiv",0.937690252415499,7,"warm",0.245,2.45
"506","CCC007","2021","Q3","NONNATIVE_shanDiv",0.248332896731583,7,"warm",0.245,2.45
"507","CCC007","2021","Q4","NATIVE_shanDiv",0.855485603233411,7,"warm",0.245,2.45
"508","CCC007","2021","Q4","NONNATIVE_shanDiv",0.150881147948234,7,"warm",0.245,2.45
"509","CCC007","2021","Q5","NATIVE_shanDiv",1.46097074772182,7,"warm",0.245,2.45
"510","CCC007","2021","Q5","NONNATIVE_shanDiv",0.356820352578356,7,"warm",0.245,2.45
"511","CCC007","2022","Q1","NATIVE_shanDiv",1.51257185567833,7,"warm",0.245,2.45
"512","CCC007","2022","Q1","NONNATIVE_shanDiv",0.824302702920653,7,"warm",0.245,2.45
"513","CCC007","2022","Q2","NATIVE_shanDiv",1.66149314345723,7,"warm",0.245,2.45
"514","CCC007","2022","Q2","NONNATIVE_shanDiv",0.341759085888773,7,"warm",0.245,2.45
"515","CCC007","2022","Q3","NATIVE_shanDiv",1.40919100501175,7,"warm",0.245,2.45
"516","CCC007","2022","Q3","NONNATIVE_shanDiv",0.601862171764327,7,"warm",0.245,2.45
"517","CCC007","2022","Q4","NATIVE_shanDiv",0.740411041269198,7,"warm",0.245,2.45
"518","CCC007","2022","Q4","NONNATIVE_shanDiv",0.262854269220756,7,"warm",0.245,2.45
"519","CCC007","2022","Q5","NATIVE_shanDiv",1.01398382327017,7,"warm",0.245,2.45
"520","CCC007","2022","Q5","NONNATIVE_shanDiv",0.519748493385663,7,"warm",0.245,2.45
"521","CCC008","2021","Q1","NATIVE_shanDiv",1.22967747252006,7,"warm",0.3625,3.625
"522","CCC008","2021","Q1","NONNATIVE_shanDiv",0.862950063803504,7,"warm",0.3625,3.625
"523","CCC008","2021","Q2","NATIVE_shanDiv",1.94344348169015,7,"warm",0.3625,3.625
"524","CCC008","2021","Q2","NONNATIVE_shanDiv",1.02788497149324,7,"warm",0.3625,3.625
"525","CCC008","2021","Q3","NATIVE_shanDiv",1.15613086579803,7,"warm",0.3625,3.625
"526","CCC008","2021","Q3","NONNATIVE_shanDiv",1.04692779355394,7,"warm",0.3625,3.625
"527","CCC008","2021","Q4","NATIVE_shanDiv",0.934769897858279,7,"warm",0.3625,3.625
"528","CCC008","2021","Q4","NONNATIVE_shanDiv",0.883285341253613,7,"warm",0.3625,3.625
"529","CCC008","2021","Q5","NATIVE_shanDiv",1.93139631510751,7,"warm",0.3625,3.625
"530","CCC008","2021","Q5","NONNATIVE_shanDiv",1.27625736423618,7,"warm",0.3625,3.625
"531","CCC008","2022","Q1","NATIVE_shanDiv",0.920909508806182,7,"warm",0.3625,3.625
"532","CCC008","2022","Q1","NONNATIVE_shanDiv",1.22383877108276,7,"warm",0.3625,3.625
"533","CCC008","2022","Q2","NATIVE_shanDiv",1.61010016437197,7,"warm",0.3625,3.625
"534","CCC008","2022","Q2","NONNATIVE_shanDiv",1.06988814477528,7,"warm",0.3625,3.625
"535","CCC008","2022","Q3","NATIVE_shanDiv",1.19213187284036,7,"warm",0.3625,3.625
"536","CCC008","2022","Q3","NONNATIVE_shanDiv",1.40192645000983,7,"warm",0.3625,3.625
"537","CCC008","2022","Q4","NATIVE_shanDiv",1.61811969370309,7,"warm",0.3625,3.625
"538","CCC008","2022","Q4","NONNATIVE_shanDiv",0.922946798002284,7,"warm",0.3625,3.625
"539","CCC008","2022","Q5","NATIVE_shanDiv",1.57293353866038,7,"warm",0.3625,3.625
"540","CCC008","2022","Q5","NONNATIVE_shanDiv",1.11993161651598,7,"warm",0.3625,3.625
"541","CCC009","2021","Q1","NATIVE_shanDiv",1.22548031662312,7,"warm",0.2925,2.925
"542","CCC009","2021","Q1","NONNATIVE_shanDiv",0.740251532177993,7,"warm",0.2925,2.925
"543","CCC009","2021","Q2","NATIVE_shanDiv",1.6527491844922,7,"warm",0.2925,2.925
"544","CCC009","2021","Q2","NONNATIVE_shanDiv",0.951615861938226,7,"warm",0.2925,2.925
"545","CCC009","2021","Q3","NATIVE_shanDiv",1.85007875256381,7,"warm",0.2925,2.925
"546","CCC009","2021","Q3","NONNATIVE_shanDiv",0,7,"warm",0.2925,2.925
"547","CCC009","2021","Q4","NATIVE_shanDiv",1.06965910284483,7,"warm",0.2925,2.925
"548","CCC009","2021","Q4","NONNATIVE_shanDiv",0.776139435558459,7,"warm",0.2925,2.925
"549","CCC009","2021","Q5","NATIVE_shanDiv",1.41151589782983,7,"warm",0.2925,2.925
"550","CCC009","2021","Q5","NONNATIVE_shanDiv",0.935248729688942,7,"warm",0.2925,2.925
"551","CCC009","2022","Q1","NATIVE_shanDiv",1.63165534197532,7,"warm",0.2925,2.925
"552","CCC009","2022","Q1","NONNATIVE_shanDiv",1.20333204069947,7,"warm",0.2925,2.925
"553","CCC009","2022","Q2","NATIVE_shanDiv",1.50404780879082,7,"warm",0.2925,2.925
"554","CCC009","2022","Q2","NONNATIVE_shanDiv",1.16611597544373,7,"warm",0.2925,2.925
"555","CCC009","2022","Q3","NATIVE_shanDiv",1.56239542056224,7,"warm",0.2925,2.925
"556","CCC009","2022","Q3","NONNATIVE_shanDiv",0.838392281094027,7,"warm",0.2925,2.925
"557","CCC009","2022","Q4","NATIVE_shanDiv",1.37302457580811,7,"warm",0.2925,2.925
"558","CCC009","2022","Q4","NONNATIVE_shanDiv",1.17392917081879,7,"warm",0.2925,2.925
"559","CCC009","2022","Q5","NATIVE_shanDiv",1.61700316946951,7,"warm",0.2925,2.925
"560","CCC009","2022","Q5","NONNATIVE_shanDiv",1.18604450125626,7,"warm",0.2925,2.925
"561","CCC010","2021","Q1","NATIVE_shanDiv",1.97729909470516,7,"cool",0.3425,3.425
"562","CCC010","2021","Q1","NONNATIVE_shanDiv",0.295439191872116,7,"cool",0.3425,3.425
"563","CCC010","2021","Q2","NATIVE_shanDiv",1.54535214226304,7,"cool",0.3425,3.425
"564","CCC010","2021","Q2","NONNATIVE_shanDiv",0.428367632972956,7,"cool",0.3425,3.425
"565","CCC010","2021","Q3","NATIVE_shanDiv",1.39100835289054,7,"cool",0.3425,3.425
"566","CCC010","2021","Q3","NONNATIVE_shanDiv",0.171411443758535,7,"cool",0.3425,3.425
"567","CCC010","2021","Q4","NATIVE_shanDiv",1.22965431329988,7,"cool",0.3425,3.425
"568","CCC010","2021","Q4","NONNATIVE_shanDiv",0.992022336202729,7,"cool",0.3425,3.425
"569","CCC010","2021","Q5","NATIVE_shanDiv",1.43860327476157,7,"cool",0.3425,3.425
"570","CCC010","2021","Q5","NONNATIVE_shanDiv",0.922858019208058,7,"cool",0.3425,3.425
"571","CCC010","2022","Q1","NATIVE_shanDiv",1.35102146686703,7,"cool",0.3425,3.425
"572","CCC010","2022","Q1","NONNATIVE_shanDiv",0.331962649685649,7,"cool",0.3425,3.425
"573","CCC010","2022","Q2","NATIVE_shanDiv",1.34252943444894,7,"cool",0.3425,3.425
"574","CCC010","2022","Q2","NONNATIVE_shanDiv",0.416225994628966,7,"cool",0.3425,3.425
"575","CCC010","2022","Q3","NATIVE_shanDiv",1.79601225861035,7,"cool",0.3425,3.425
"576","CCC010","2022","Q3","NONNATIVE_shanDiv",0.137221868222258,7,"cool",0.3425,3.425
"577","CCC010","2022","Q4","NATIVE_shanDiv",1.65871328304192,7,"cool",0.3425,3.425
"578","CCC010","2022","Q4","NONNATIVE_shanDiv",0.312367838086688,7,"cool",0.3425,3.425
"579","CCC010","2022","Q5","NATIVE_shanDiv",1.45087104900711,7,"cool",0.3425,3.425
"580","CCC010","2022","Q5","NONNATIVE_shanDiv",1.05759444462912,7,"cool",0.3425,3.425
"581","CCC011","2021","Q1","NATIVE_shanDiv",1.41010029685195,7,"cool",0.315,3.15
"582","CCC011","2021","Q1","NONNATIVE_shanDiv",0.950270539233235,7,"cool",0.315,3.15
"583","CCC011","2021","Q2","NATIVE_shanDiv",1.21954663696212,7,"cool",0.315,3.15
"584","CCC011","2021","Q2","NONNATIVE_shanDiv",0.404879370883661,7,"cool",0.315,3.15
"585","CCC011","2021","Q3","NATIVE_shanDiv",0.982109411227801,7,"cool",0.315,3.15
"586","CCC011","2021","Q3","NONNATIVE_shanDiv",1.32862860587165,7,"cool",0.315,3.15
"587","CCC011","2021","Q4","NATIVE_shanDiv",1.08730679089706,7,"cool",0.315,3.15
"588","CCC011","2021","Q4","NONNATIVE_shanDiv",0.815108666517274,7,"cool",0.315,3.15
"589","CCC011","2021","Q5","NATIVE_shanDiv",1.63367935737023,7,"cool",0.315,3.15
"590","CCC011","2021","Q5","NONNATIVE_shanDiv",1.2386121283585,7,"cool",0.315,3.15
"591","CCC011","2022","Q1","NATIVE_shanDiv",1.81825796946645,7,"cool",0.315,3.15
"592","CCC011","2022","Q1","NONNATIVE_shanDiv",0.729249693470272,7,"cool",0.315,3.15
"593","CCC011","2022","Q2","NATIVE_shanDiv",1.31506601262615,7,"cool",0.315,3.15
"594","CCC011","2022","Q2","NONNATIVE_shanDiv",0.371023126641862,7,"cool",0.315,3.15
"595","CCC011","2022","Q3","NATIVE_shanDiv",1.34000941120649,7,"cool",0.315,3.15
"596","CCC011","2022","Q3","NONNATIVE_shanDiv",1.50968141333795,7,"cool",0.315,3.15
"597","CCC011","2022","Q4","NATIVE_shanDiv",1.33252720907677,7,"cool",0.315,3.15
"598","CCC011","2022","Q4","NONNATIVE_shanDiv",1.01997566793604,7,"cool",0.315,3.15
"599","CCC011","2022","Q5","NATIVE_shanDiv",0.7430324540792,7,"cool",0.315,3.15
"600","CCC011","2022","Q5","NONNATIVE_shanDiv",1.06474650693647,7,"cool",0.315,3.15
"601","CCC012","2021","Q1","NATIVE_shanDiv",1.84446229399401,7,"cool",0.4,4
"602","CCC012","2021","Q1","NONNATIVE_shanDiv",0.414304061833908,7,"cool",0.4,4
"603","CCC012","2021","Q2","NATIVE_shanDiv",0.890006161314084,7,"cool",0.4,4
"604","CCC012","2021","Q2","NONNATIVE_shanDiv",0.233791658706459,7,"cool",0.4,4
"605","CCC012","2021","Q3","NATIVE_shanDiv",1.67267987597432,7,"cool",0.4,4
"606","CCC012","2021","Q3","NONNATIVE_shanDiv",0.126854736095249,7,"cool",0.4,4
"607","CCC012","2021","Q4","NATIVE_shanDiv",1.31537797282257,7,"cool",0.4,4
"608","CCC012","2021","Q4","NONNATIVE_shanDiv",0.185262373695647,7,"cool",0.4,4
"609","CCC012","2021","Q5","NATIVE_shanDiv",1.53053874042284,7,"cool",0.4,4
"610","CCC012","2021","Q5","NONNATIVE_shanDiv",0.778434605546857,7,"cool",0.4,4
"611","CCC012","2022","Q1","NATIVE_shanDiv",1.93847204515751,7,"cool",0.4,4
"612","CCC012","2022","Q1","NONNATIVE_shanDiv",0.566145783106427,7,"cool",0.4,4
"613","CCC012","2022","Q2","NATIVE_shanDiv",1.10935807997122,7,"cool",0.4,4
"614","CCC012","2022","Q2","NONNATIVE_shanDiv",0.80181738598075,7,"cool",0.4,4
"615","CCC012","2022","Q3","NATIVE_shanDiv",1.95067924516301,7,"cool",0.4,4
"616","CCC012","2022","Q3","NONNATIVE_shanDiv",0.327544774564314,7,"cool",0.4,4
"617","CCC012","2022","Q4","NATIVE_shanDiv",1.80689128653889,7,"cool",0.4,4
"618","CCC012","2022","Q4","NONNATIVE_shanDiv",0.348832095843032,7,"cool",0.4,4
"619","CCC012","2022","Q5","NATIVE_shanDiv",1.68983513474443,7,"cool",0.4,4
"620","CCC012","2022","Q5","NONNATIVE_shanDiv",0.806431169780775,7,"cool",0.4,4
"621","COL007","2021","Q1","NATIVE_shanDiv",1.80834150307688,3,"warm",NA,NA
"622","COL007","2021","Q1","NONNATIVE_shanDiv",0.477185439799948,3,"warm",NA,NA
"623","COL007","2021","Q2","NATIVE_shanDiv",0.698623721561961,3,"warm",NA,NA
"624","COL007","2021","Q2","NONNATIVE_shanDiv",0.835035567141591,3,"warm",NA,NA
"625","COL007","2021","Q3","NATIVE_shanDiv",0.584414945223779,3,"warm",NA,NA
"626","COL007","2021","Q3","NONNATIVE_shanDiv",1.00876952361805,3,"warm",NA,NA
"627","COL007","2021","Q4","NATIVE_shanDiv",1.07533730560525,3,"warm",NA,NA
"628","COL007","2021","Q4","NONNATIVE_shanDiv",1.06755132234142,3,"warm",NA,NA
"629","COL007","2021","Q5","NATIVE_shanDiv",1.68489309102276,3,"warm",NA,NA
"630","COL007","2021","Q5","NONNATIVE_shanDiv",0.796311640173813,3,"warm",NA,NA
"631","COL007","2022","Q1","NATIVE_shanDiv",1.29047757992866,3,"warm",NA,NA
"632","COL007","2022","Q1","NONNATIVE_shanDiv",0.848914788264754,3,"warm",NA,NA
"633","COL007","2022","Q2","NATIVE_shanDiv",1.07899220787758,3,"warm",NA,NA
"634","COL007","2022","Q2","NONNATIVE_shanDiv",1.03563744224133,3,"warm",NA,NA
"635","COL007","2022","Q3","NATIVE_shanDiv",1.59743424066326,3,"warm",NA,NA
"636","COL007","2022","Q3","NONNATIVE_shanDiv",0.988587215831385,3,"warm",NA,NA
"637","COL007","2022","Q4","NATIVE_shanDiv",1.32604722440169,3,"warm",NA,NA
"638","COL007","2022","Q4","NONNATIVE_shanDiv",0.98149730927278,3,"warm",NA,NA
"639","COL007","2022","Q5","NATIVE_shanDiv",1.05750411451222,3,"warm",NA,NA
"640","COL007","2022","Q5","NONNATIVE_shanDiv",0.888464342192417,3,"warm",NA,NA
"641","COL012","2021","Q1","NATIVE_shanDiv",1.69796119040436,3,"cool",0.271428571428571,2.71428571428571
"642","COL012","2021","Q1","NONNATIVE_shanDiv",0.648917488657936,3,"cool",0.271428571428571,2.71428571428571
"643","COL012","2021","Q2","NATIVE_shanDiv",0.996590490785991,3,"cool",0.271428571428571,2.71428571428571
"644","COL012","2021","Q2","NONNATIVE_shanDiv",0.966480625660389,3,"cool",0.271428571428571,2.71428571428571
"645","COL012","2021","Q3","NATIVE_shanDiv",0.742458192736627,3,"cool",0.271428571428571,2.71428571428571
"646","COL012","2021","Q3","NONNATIVE_shanDiv",0.670160493322873,3,"cool",0.271428571428571,2.71428571428571
"647","COL012","2021","Q4","NATIVE_shanDiv",1.38776833490549,3,"cool",0.271428571428571,2.71428571428571
"648","COL012","2021","Q4","NONNATIVE_shanDiv",1.05492016798614,3,"cool",0.271428571428571,2.71428571428571
"649","COL012","2021","Q5","NATIVE_shanDiv",1.51933258440728,3,"cool",0.271428571428571,2.71428571428571
"650","COL012","2021","Q5","NONNATIVE_shanDiv",0.114665282202907,3,"cool",0.271428571428571,2.71428571428571
"651","COL012","2022","Q1","NATIVE_shanDiv",0.796829012045518,3,"cool",0.271428571428571,2.71428571428571
"652","COL012","2022","Q1","NONNATIVE_shanDiv",0.889444019616338,3,"cool",0.271428571428571,2.71428571428571
"653","COL012","2022","Q2","NATIVE_shanDiv",0.872394197820737,3,"cool",0.271428571428571,2.71428571428571
"654","COL012","2022","Q2","NONNATIVE_shanDiv",0.887326510970355,3,"cool",0.271428571428571,2.71428571428571
"655","COL012","2022","Q3","NATIVE_shanDiv",1.78054778860632,3,"cool",0.271428571428571,2.71428571428571
"656","COL012","2022","Q3","NONNATIVE_shanDiv",0.745013574097281,3,"cool",0.271428571428571,2.71428571428571
"657","COL012","2022","Q4","NATIVE_shanDiv",0.854123495985924,3,"cool",0.271428571428571,2.71428571428571
"658","COL012","2022","Q4","NONNATIVE_shanDiv",1.19250674145302,3,"cool",0.271428571428571,2.71428571428571
"659","COL012","2022","Q5","NATIVE_shanDiv",0.200177430792678,3,"cool",0.271428571428571,2.71428571428571
"660","COL012","2022","Q5","NONNATIVE_shanDiv",0.653952356590926,3,"cool",0.271428571428571,2.71428571428571
"661","COL013","2021","Q1","NATIVE_shanDiv",0.458132607209857,3,"warm",0.34,3.4
"662","COL013","2021","Q1","NONNATIVE_shanDiv",1.41398137095522,3,"warm",0.34,3.4
"663","COL013","2021","Q2","NATIVE_shanDiv",0.661226273593968,3,"warm",0.34,3.4
"664","COL013","2021","Q2","NONNATIVE_shanDiv",1.0399680864082,3,"warm",0.34,3.4
"665","COL013","2021","Q3","NATIVE_shanDiv",1.44184092782192,3,"warm",0.34,3.4
"666","COL013","2021","Q3","NONNATIVE_shanDiv",1.47080847632211,3,"warm",0.34,3.4
"667","COL013","2021","Q4","NATIVE_shanDiv",0.823687816041954,3,"warm",0.34,3.4
"668","COL013","2021","Q4","NONNATIVE_shanDiv",0.661563238157982,3,"warm",0.34,3.4
"669","COL013","2021","Q5","NATIVE_shanDiv",0.65405035916948,3,"warm",0.34,3.4
"670","COL013","2021","Q5","NONNATIVE_shanDiv",0.815849865184519,3,"warm",0.34,3.4
"671","COL013","2022","Q1","NATIVE_shanDiv",0.84917295635035,3,"warm",0.34,3.4
"672","COL013","2022","Q1","NONNATIVE_shanDiv",1.40085286218273,3,"warm",0.34,3.4
"673","COL013","2022","Q2","NATIVE_shanDiv",1.3588573971654,3,"warm",0.34,3.4
"674","COL013","2022","Q2","NONNATIVE_shanDiv",0.943546878640094,3,"warm",0.34,3.4
"675","COL013","2022","Q3","NATIVE_shanDiv",1.99524794179358,3,"warm",0.34,3.4
"676","COL013","2022","Q3","NONNATIVE_shanDiv",1.12233618158897,3,"warm",0.34,3.4
"677","COL013","2022","Q4","NATIVE_shanDiv",1.13279846517751,3,"warm",0.34,3.4
"678","COL013","2022","Q4","NONNATIVE_shanDiv",1.46780800700035,3,"warm",0.34,3.4
"679","COL013","2022","Q5","NATIVE_shanDiv",0,3,"warm",0.34,3.4
"680","COL013","2022","Q5","NONNATIVE_shanDiv",0.271189373041844,3,"warm",0.34,3.4
"681","COL014","2021","Q1","NATIVE_shanDiv",1.52372144587188,3,"cool",0.351515151545455,3.51515151545455
"682","COL014","2021","Q1","NONNATIVE_shanDiv",0.636514168294813,3,"cool",0.351515151545455,3.51515151545455
"683","COL014","2021","Q2","NATIVE_shanDiv",0.897724943853885,3,"cool",0.351515151545455,3.51515151545455
"684","COL014","2021","Q2","NONNATIVE_shanDiv",0,3,"cool",0.351515151545455,3.51515151545455
"685","COL014","2021","Q3","NATIVE_shanDiv",1.38377292805744,3,"cool",0.351515151545455,3.51515151545455
"686","COL014","2021","Q3","NONNATIVE_shanDiv",0,3,"cool",0.351515151545455,3.51515151545455
"687","COL014","2021","Q4","NATIVE_shanDiv",1.10773484535394,3,"cool",0.351515151545455,3.51515151545455
"688","COL014","2021","Q4","NONNATIVE_shanDiv",0.693147180559945,3,"cool",0.351515151545455,3.51515151545455
"689","COL014","2021","Q5","NATIVE_shanDiv",1.73039989319763,3,"cool",0.351515151545455,3.51515151545455
"690","COL014","2021","Q5","NONNATIVE_shanDiv",0,3,"cool",0.351515151545455,3.51515151545455
"691","COL014","2022","Q1","NATIVE_shanDiv",0.747312276838187,3,"cool",0.351515151545455,3.51515151545455
"692","COL014","2022","Q1","NONNATIVE_shanDiv",1.14604667958698,3,"cool",0.351515151545455,3.51515151545455
"693","COL014","2022","Q2","NATIVE_shanDiv",0.984859608150201,3,"cool",0.351515151545455,3.51515151545455
"694","COL014","2022","Q2","NONNATIVE_shanDiv",0.864517393368519,3,"cool",0.351515151545455,3.51515151545455
"695","COL014","2022","Q3","NATIVE_shanDiv",1.58150887965197,3,"cool",0.351515151545455,3.51515151545455
"696","COL014","2022","Q3","NONNATIVE_shanDiv",1.58447732522665,3,"cool",0.351515151545455,3.51515151545455
"697","COL014","2022","Q4","NATIVE_shanDiv",1.15328436412418,3,"cool",0.351515151545455,3.51515151545455
"698","COL014","2022","Q4","NONNATIVE_shanDiv",0.869191499030894,3,"cool",0.351515151545455,3.51515151545455
"699","COL014","2022","Q5","NATIVE_shanDiv",1.68831924115168,3,"cool",0.351515151545455,3.51515151545455
"700","COL014","2022","Q5","NONNATIVE_shanDiv",0.257861821380107,3,"cool",0.351515151545455,3.51515151545455
"701","COL017","2021","Q1","NATIVE_shanDiv",1.33259877490964,3,"cool",0.288888888888889,2.88888888888889
"702","COL017","2021","Q1","NONNATIVE_shanDiv",0.846365829626287,3,"cool",0.288888888888889,2.88888888888889
"703","COL017","2021","Q2","NATIVE_shanDiv",1.49479962262587,3,"cool",0.288888888888889,2.88888888888889
"704","COL017","2021","Q2","NONNATIVE_shanDiv",0.598269588585257,3,"cool",0.288888888888889,2.88888888888889
"705","COL017","2021","Q3","NATIVE_shanDiv",1.68506495903336,3,"cool",0.288888888888889,2.88888888888889
"706","COL017","2021","Q3","NONNATIVE_shanDiv",0.663865852499243,3,"cool",0.288888888888889,2.88888888888889
"707","COL017","2021","Q4","NATIVE_shanDiv",1.54995903527917,3,"cool",0.288888888888889,2.88888888888889
"708","COL017","2021","Q4","NONNATIVE_shanDiv",1.09861228866811,3,"cool",0.288888888888889,2.88888888888889
"709","COL017","2021","Q5","NATIVE_shanDiv",1.71437367579029,3,"cool",0.288888888888889,2.88888888888889
"710","COL017","2021","Q5","NONNATIVE_shanDiv",0.573166364469559,3,"cool",0.288888888888889,2.88888888888889
"711","COL017","2022","Q1","NATIVE_shanDiv",1.68239981970107,3,"cool",0.288888888888889,2.88888888888889
"712","COL017","2022","Q1","NONNATIVE_shanDiv",1.18781493814808,3,"cool",0.288888888888889,2.88888888888889
"713","COL017","2022","Q2","NATIVE_shanDiv",0.634719710108913,3,"cool",0.288888888888889,2.88888888888889
"714","COL017","2022","Q2","NONNATIVE_shanDiv",0.670432408937377,3,"cool",0.288888888888889,2.88888888888889
"715","COL017","2022","Q3","NATIVE_shanDiv",1.27959882725017,3,"cool",0.288888888888889,2.88888888888889
"716","COL017","2022","Q3","NONNATIVE_shanDiv",0.928532056658456,3,"cool",0.288888888888889,2.88888888888889
"717","COL017","2022","Q4","NATIVE_shanDiv",1.39870713735829,3,"cool",0.288888888888889,2.88888888888889
"718","COL017","2022","Q4","NONNATIVE_shanDiv",0.926506603289533,3,"cool",0.288888888888889,2.88888888888889
"719","COL017","2022","Q5","NATIVE_shanDiv",1.38617054060989,3,"cool",0.288888888888889,2.88888888888889
"720","COL017","2022","Q5","NONNATIVE_shanDiv",0.950298319265993,3,"cool",0.288888888888889,2.88888888888889
"721","COL018","2021","Q1","NATIVE_shanDiv",0.997783277909183,3,"warm",NA,NA
"722","COL018","2021","Q1","NONNATIVE_shanDiv",0.39599139518384,3,"warm",NA,NA
"723","COL018","2021","Q2","NATIVE_shanDiv",0.543642035029528,3,"warm",NA,NA
"724","COL018","2021","Q2","NONNATIVE_shanDiv",1.13366486273941,3,"warm",NA,NA
"725","COL018","2021","Q3","NATIVE_shanDiv",0.861362101590948,3,"warm",NA,NA
"726","COL018","2021","Q3","NONNATIVE_shanDiv",0.644179805973393,3,"warm",NA,NA
"727","COL018","2021","Q4","NATIVE_shanDiv",0.807307393132083,3,"warm",NA,NA
"728","COL018","2021","Q4","NONNATIVE_shanDiv",0.996087123671132,3,"warm",NA,NA
"729","COL018","2021","Q5","NATIVE_shanDiv",0,3,"warm",NA,NA
"730","COL018","2021","Q5","NONNATIVE_shanDiv",0.0965089607359472,3,"warm",NA,NA
"731","COL018","2022","Q1","NATIVE_shanDiv",1.35990402747484,3,"warm",NA,NA
"732","COL018","2022","Q1","NONNATIVE_shanDiv",0.494702412787741,3,"warm",NA,NA
"733","COL018","2022","Q2","NATIVE_shanDiv",0.304636097349238,3,"warm",NA,NA
"734","COL018","2022","Q2","NONNATIVE_shanDiv",0.756324320548944,3,"warm",NA,NA
"735","COL018","2022","Q3","NATIVE_shanDiv",1.52867020174372,3,"warm",NA,NA
"736","COL018","2022","Q3","NONNATIVE_shanDiv",0.33657059008232,3,"warm",NA,NA
"737","COL018","2022","Q4","NATIVE_shanDiv",1.06085694715802,3,"warm",NA,NA
"738","COL018","2022","Q4","NONNATIVE_shanDiv",1.01433947073085,3,"warm",NA,NA
"739","COL018","2022","Q5","NATIVE_shanDiv",0.470235962355249,3,"warm",NA,NA
"740","COL018","2022","Q5","NONNATIVE_shanDiv",0.691861738978348,3,"warm",NA,NA
"741","QUA001","2021","Q1","NATIVE_shanDiv",0.710591506040561,2,"warm",NA,NA
"742","QUA001","2021","Q1","NONNATIVE_shanDiv",0,2,"warm",NA,NA
"743","QUA001","2021","Q2","NATIVE_shanDiv",0.550994019366107,2,"warm",NA,NA
"744","QUA001","2021","Q2","NONNATIVE_shanDiv",0.191444081957717,2,"warm",NA,NA
"745","QUA001","2021","Q3","NATIVE_shanDiv",1.10002148911656,2,"warm",NA,NA
"746","QUA001","2021","Q3","NONNATIVE_shanDiv",0.114665282202906,2,"warm",NA,NA
"747","QUA001","2021","Q4","NATIVE_shanDiv",0.420529160257079,2,"warm",NA,NA
"748","QUA001","2021","Q4","NONNATIVE_shanDiv",0,2,"warm",NA,NA
"749","QUA001","2021","Q5","NATIVE_shanDiv",0,2,"warm",NA,NA
"750","QUA001","2021","Q5","NONNATIVE_shanDiv",0,2,"warm",NA,NA
"751","QUA002","2021","Q1","NATIVE_shanDiv",1.28348629982327,2,"warm",0.11,1.1
"752","QUA002","2021","Q1","NONNATIVE_shanDiv",0,2,"warm",0.11,1.1
"753","QUA002","2021","Q2","NATIVE_shanDiv",0.693147180559945,2,"warm",0.11,1.1
"754","QUA002","2021","Q2","NONNATIVE_shanDiv",0,2,"warm",0.11,1.1
"755","QUA002","2021","Q3","NATIVE_shanDiv",0.587099572047896,2,"warm",0.11,1.1
"756","QUA002","2021","Q3","NONNATIVE_shanDiv",0.43227452781547,2,"warm",0.11,1.1
"757","QUA002","2021","Q4","NATIVE_shanDiv",0.721171917156721,2,"warm",0.11,1.1
"758","QUA002","2021","Q4","NONNATIVE_shanDiv",0,2,"warm",0.11,1.1
"759","QUA002","2021","Q5","NATIVE_shanDiv",0.492339739331448,2,"warm",0.11,1.1
"760","QUA002","2021","Q5","NONNATIVE_shanDiv",0,2,"warm",0.11,1.1
"761","QUA002","2022","Q1","NATIVE_shanDiv",0.670432408937377,2,"warm",0.11,1.1
"762","QUA002","2022","Q1","NONNATIVE_shanDiv",0.941061558437411,2,"warm",0.11,1.1
"763","QUA002","2022","Q2","NATIVE_shanDiv",0.769003510680401,2,"warm",0.11,1.1
"764","QUA002","2022","Q2","NONNATIVE_shanDiv",0.783287198970194,2,"warm",0.11,1.1
"765","QUA002","2022","Q3","NATIVE_shanDiv",0.678894914350699,2,"warm",0.11,1.1
"766","QUA002","2022","Q3","NONNATIVE_shanDiv",1.27042343797104,2,"warm",0.11,1.1
"767","QUA002","2022","Q4","NATIVE_shanDiv",1.17032786165429,2,"warm",0.11,1.1
"768","QUA002","2022","Q4","NONNATIVE_shanDiv",0.282738880066872,2,"warm",0.11,1.1
"769","QUA002","2022","Q5","NATIVE_shanDiv",0.367649477400142,2,"warm",0.11,1.1
"770","QUA002","2022","Q5","NONNATIVE_shanDiv",0.810150232387882,2,"warm",0.11,1.1
"771","QUA003","2021","Q1","NATIVE_shanDiv",1.17299347243951,2,"warm",NA,NA
"772","QUA003","2021","Q1","NONNATIVE_shanDiv",0.585952618303551,2,"warm",NA,NA
"773","QUA003","2021","Q2","NATIVE_shanDiv",1.09920824550847,2,"warm",NA,NA
"774","QUA003","2021","Q2","NONNATIVE_shanDiv",0.562335144618808,2,"warm",NA,NA
"775","QUA003","2021","Q3","NATIVE_shanDiv",0.191444081957717,2,"warm",NA,NA
"776","QUA003","2021","Q3","NONNATIVE_shanDiv",0,2,"warm",NA,NA
"777","QUA003","2021","Q4","NATIVE_shanDiv",0.67671677926753,2,"warm",NA,NA
"778","QUA003","2021","Q4","NONNATIVE_shanDiv",0,2,"warm",NA,NA
"779","QUA003","2021","Q5","NATIVE_shanDiv",0.22445109055581,2,"warm",NA,NA
"780","QUA003","2021","Q5","NONNATIVE_shanDiv",0,2,"warm",NA,NA
"781","QUA003","2022","Q1","NATIVE_shanDiv",1.09767113636375,2,"warm",NA,NA
"782","QUA003","2022","Q1","NONNATIVE_shanDiv",0.988597981497404,2,"warm",NA,NA
"783","QUA003","2022","Q2","NATIVE_shanDiv",1.42090353068587,2,"warm",NA,NA
"784","QUA003","2022","Q2","NONNATIVE_shanDiv",0.850365041637124,2,"warm",NA,NA
"785","QUA003","2022","Q3","NATIVE_shanDiv",1.33968634845721,2,"warm",NA,NA
"786","QUA003","2022","Q3","NONNATIVE_shanDiv",0.659242912027579,2,"warm",NA,NA
"787","QUA003","2022","Q4","NATIVE_shanDiv",0.926253091580826,2,"warm",NA,NA
"788","QUA003","2022","Q4","NONNATIVE_shanDiv",0.670839312918006,2,"warm",NA,NA
"789","QUA003","2022","Q5","NATIVE_shanDiv",1.22967606896753,2,"warm",NA,NA
"790","QUA003","2022","Q5","NONNATIVE_shanDiv",0.823959216501082,2,"warm",NA,NA
"791","QUA004","2021","Q1","NATIVE_shanDiv",0,1,"warm",3.75888888893333,37.5888888893333
"792","QUA004","2021","Q1","NONNATIVE_shanDiv",0,1,"warm",3.75888888893333,37.5888888893333
"793","QUA004","2021","Q2","NATIVE_shanDiv",0.450561208866305,1,"warm",3.75888888893333,37.5888888893333
"794","QUA004","2021","Q2","NONNATIVE_shanDiv",0,1,"warm",3.75888888893333,37.5888888893333
"795","QUA004","2021","Q3","NATIVE_shanDiv",0.598269588585257,1,"warm",3.75888888893333,37.5888888893333
"796","QUA004","2021","Q3","NONNATIVE_shanDiv",0,1,"warm",3.75888888893333,37.5888888893333
"797","QUA004","2021","Q4","NATIVE_shanDiv",0,1,"warm",3.75888888893333,37.5888888893333
"798","QUA004","2021","Q4","NONNATIVE_shanDiv",0,1,"warm",3.75888888893333,37.5888888893333
"799","QUA004","2021","Q5","NATIVE_shanDiv",1.27302833658963,1,"warm",3.75888888893333,37.5888888893333
"800","QUA004","2021","Q5","NONNATIVE_shanDiv",0,1,"warm",3.75888888893333,37.5888888893333
"801","QUA004","2022","Q1","NATIVE_shanDiv",0.0555460752688918,1,"warm",3.75888888893333,37.5888888893333
"802","QUA004","2022","Q1","NONNATIVE_shanDiv",0,1,"warm",3.75888888893333,37.5888888893333
"803","QUA004","2022","Q2","NATIVE_shanDiv",0,1,"warm",3.75888888893333,37.5888888893333
"804","QUA004","2022","Q2","NONNATIVE_shanDiv",0.126930545341402,1,"warm",3.75888888893333,37.5888888893333
"805","QUA004","2022","Q3","NATIVE_shanDiv",0,1,"warm",3.75888888893333,37.5888888893333
"806","QUA004","2022","Q3","NONNATIVE_shanDiv",0,1,"warm",3.75888888893333,37.5888888893333
"807","QUA004","2022","Q4","NATIVE_shanDiv",0.313676099045136,1,"warm",3.75888888893333,37.5888888893333
"808","QUA004","2022","Q4","NONNATIVE_shanDiv",0.894433250163898,1,"warm",3.75888888893333,37.5888888893333
"809","QUA004","2022","Q5","NATIVE_shanDiv",1.1943000775736,1,"warm",3.75888888893333,37.5888888893333
"810","QUA004","2022","Q5","NONNATIVE_shanDiv",1.09815326336581,1,"warm",3.75888888893333,37.5888888893333
"811","QUA005","2021","Q1","NATIVE_shanDiv",1.07339428128113,1,"warm",1.02,10.2
"812","QUA005","2021","Q1","NONNATIVE_shanDiv",0.191444081957717,1,"warm",1.02,10.2
"813","QUA005","2021","Q2","NATIVE_shanDiv",0.673628488845158,1,"warm",1.02,10.2
"814","QUA005","2021","Q2","NONNATIVE_shanDiv",0,1,"warm",1.02,10.2
"815","QUA005","2021","Q3","NATIVE_shanDiv",0.636514168294813,1,"warm",1.02,10.2
"816","QUA005","2021","Q3","NONNATIVE_shanDiv",0.803314976140876,1,"warm",1.02,10.2
"817","QUA005","2021","Q4","NATIVE_shanDiv",0.739522762013655,1,"warm",1.02,10.2
"818","QUA005","2021","Q4","NONNATIVE_shanDiv",0,1,"warm",1.02,10.2
"819","QUA005","2021","Q5","NATIVE_shanDiv",1.50938167021267,1,"warm",1.02,10.2
"820","QUA005","2021","Q5","NONNATIVE_shanDiv",0,1,"warm",1.02,10.2
"821","QUA005","2022","Q1","NATIVE_shanDiv",0.976847906673967,1,"warm",1.02,10.2
"822","QUA005","2022","Q1","NONNATIVE_shanDiv",0.321648675028748,1,"warm",1.02,10.2
"823","QUA005","2022","Q2","NATIVE_shanDiv",1.17298685291233,1,"warm",1.02,10.2
"824","QUA005","2022","Q2","NONNATIVE_shanDiv",0.526107952183607,1,"warm",1.02,10.2
"825","QUA005","2022","Q3","NATIVE_shanDiv",0.0836497046105892,1,"warm",1.02,10.2
"826","QUA005","2022","Q3","NONNATIVE_shanDiv",0.896772114668346,1,"warm",1.02,10.2
"827","QUA005","2022","Q4","NATIVE_shanDiv",1.65282058889994,1,"warm",1.02,10.2
"828","QUA005","2022","Q4","NONNATIVE_shanDiv",0.0259898735319369,1,"warm",1.02,10.2
"829","QUA005","2022","Q5","NATIVE_shanDiv",1.46140084718289,1,"warm",1.02,10.2
"830","QUA005","2022","Q5","NONNATIVE_shanDiv",0.410116318288409,1,"warm",1.02,10.2
"831","QUA006","2021","Q1","NATIVE_shanDiv",1.3149933265872,1,"warm",1.305,13.05
"832","QUA006","2021","Q1","NONNATIVE_shanDiv",0.283135531548414,1,"warm",1.305,13.05
"833","QUA006","2021","Q2","NATIVE_shanDiv",0.131571310997051,1,"warm",1.305,13.05
"834","QUA006","2021","Q2","NONNATIVE_shanDiv",0,1,"warm",1.305,13.05
"835","QUA006","2021","Q3","NATIVE_shanDiv",0.304636097349238,1,"warm",1.305,13.05
"836","QUA006","2021","Q3","NONNATIVE_shanDiv",0,1,"warm",1.305,13.05
"837","QUA006","2021","Q4","NATIVE_shanDiv",0,1,"warm",1.305,13.05
"838","QUA006","2021","Q4","NONNATIVE_shanDiv",0,1,"warm",1.305,13.05
"839","QUA006","2021","Q5","NATIVE_shanDiv",0.142505867392738,1,"warm",1.305,13.05
"840","QUA006","2021","Q5","NONNATIVE_shanDiv",0,1,"warm",1.305,13.05
"841","QUA006","2022","Q1","NATIVE_shanDiv",1.16863200560757,1,"warm",1.305,13.05
"842","QUA006","2022","Q1","NONNATIVE_shanDiv",0.451984826590398,1,"warm",1.305,13.05
"843","QUA006","2022","Q2","NATIVE_shanDiv",0.546624306467557,1,"warm",1.305,13.05
"844","QUA006","2022","Q2","NONNATIVE_shanDiv",0,1,"warm",1.305,13.05
"845","QUA006","2022","Q3","NATIVE_shanDiv",1.03735686208467,1,"warm",1.305,13.05
"846","QUA006","2022","Q3","NONNATIVE_shanDiv",0,1,"warm",1.305,13.05
"847","QUA006","2022","Q4","NATIVE_shanDiv",0.200412634647265,1,"warm",1.305,13.05
"848","QUA006","2022","Q4","NONNATIVE_shanDiv",1.4074638522415,1,"warm",1.305,13.05
"849","QUA006","2022","Q5","NATIVE_shanDiv",0.628208795468223,1,"warm",1.305,13.05
"850","QUA006","2022","Q5","NONNATIVE_shanDiv",0,1,"warm",1.305,13.05
"851","QUA008","2021","Q1","NATIVE_shanDiv",0.610864302054894,1,"warm",0.64125,6.4125
"852","QUA008","2021","Q1","NONNATIVE_shanDiv",0,1,"warm",0.64125,6.4125
"853","QUA008","2021","Q2","NATIVE_shanDiv",1.09861228866811,1,"warm",0.64125,6.4125
"854","QUA008","2021","Q2","NONNATIVE_shanDiv",0,1,"warm",0.64125,6.4125
"855","QUA008","2021","Q3","NATIVE_shanDiv",0,1,"warm",0.64125,6.4125
"856","QUA008","2021","Q3","NONNATIVE_shanDiv",0,1,"warm",0.64125,6.4125
"857","QUA008","2021","Q4","NATIVE_shanDiv",0.693147180559945,1,"warm",0.64125,6.4125
"858","QUA008","2021","Q4","NONNATIVE_shanDiv",0.693147180559945,1,"warm",0.64125,6.4125
"859","QUA008","2021","Q5","NATIVE_shanDiv",0.450561208866305,1,"warm",0.64125,6.4125
"860","QUA008","2021","Q5","NONNATIVE_shanDiv",0,1,"warm",0.64125,6.4125
"861","QUA008","2022","Q1","NATIVE_shanDiv",1.03881175714559,1,"warm",0.64125,6.4125
"862","QUA008","2022","Q1","NONNATIVE_shanDiv",0,1,"warm",0.64125,6.4125
"863","QUA008","2022","Q2","NATIVE_shanDiv",1.35111718221345,1,"warm",0.64125,6.4125
"864","QUA008","2022","Q2","NONNATIVE_shanDiv",0.955699891112534,1,"warm",0.64125,6.4125
"865","QUA008","2022","Q3","NATIVE_shanDiv",0.615034264141184,1,"warm",0.64125,6.4125
"866","QUA008","2022","Q3","NONNATIVE_shanDiv",0.450561208866305,1,"warm",0.64125,6.4125
"867","QUA008","2022","Q4","NATIVE_shanDiv",0,1,"warm",0.64125,6.4125
"868","QUA008","2022","Q4","NONNATIVE_shanDiv",0.0313473294043129,1,"warm",0.64125,6.4125
"869","QUA008","2022","Q5","NATIVE_shanDiv",0.0222772335300707,1,"warm",0.64125,6.4125
"870","QUA008","2022","Q5","NONNATIVE_shanDiv",0.682908104700472,1,"warm",0.64125,6.4125
"871","QUA009","2021","Q1","NATIVE_shanDiv",0,1,"warm",0.46,4.6
"872","QUA009","2021","Q1","NONNATIVE_shanDiv",NA,1,"warm",0.46,4.6
"873","QUA009","2021","Q2","NATIVE_shanDiv",0.494702412787741,1,"warm",0.46,4.6
"874","QUA009","2021","Q2","NONNATIVE_shanDiv",NA,1,"warm",0.46,4.6
"875","QUA009","2021","Q3","NATIVE_shanDiv",0.0665216142537902,1,"warm",0.46,4.6
"876","QUA009","2021","Q3","NONNATIVE_shanDiv",NA,1,"warm",0.46,4.6
"877","QUA009","2021","Q4","NATIVE_shanDiv",0.948607756100832,1,"warm",0.46,4.6
"878","QUA009","2021","Q4","NONNATIVE_shanDiv",NA,1,"warm",0.46,4.6
"879","QUA009","2021","Q5","NATIVE_shanDiv",0.114665282202906,1,"warm",0.46,4.6
"880","QUA009","2021","Q5","NONNATIVE_shanDiv",NA,1,"warm",0.46,4.6
"881","QUA009","2022","Q1","NATIVE_shanDiv",1.58246808040587,1,"warm",0.46,4.6
"882","QUA009","2022","Q1","NONNATIVE_shanDiv",0,1,"warm",0.46,4.6
"883","QUA009","2022","Q2","NATIVE_shanDiv",1.21989803959102,1,"warm",0.46,4.6
"884","QUA009","2022","Q2","NONNATIVE_shanDiv",0,1,"warm",0.46,4.6
"885","QUA009","2022","Q3","NATIVE_shanDiv",1.0434765968831,1,"warm",0.46,4.6
"886","QUA009","2022","Q3","NONNATIVE_shanDiv",0,1,"warm",0.46,4.6
"887","QUA009","2022","Q4","NATIVE_shanDiv",1.52151480165158,1,"warm",0.46,4.6
"888","QUA009","2022","Q4","NONNATIVE_shanDiv",0,1,"warm",0.46,4.6
"889","QUA009","2022","Q5","NATIVE_shanDiv",0.340499778471299,1,"warm",0.46,4.6
"890","QUA009","2022","Q5","NONNATIVE_shanDiv",0.387212375186361,1,"warm",0.46,4.6
"891","QUA010","2021","Q1","NATIVE_shanDiv",1.08767424066034,2,"cool",NA,NA
"892","QUA010","2021","Q1","NONNATIVE_shanDiv",0,2,"cool",NA,NA
"893","QUA010","2021","Q2","NATIVE_shanDiv",1.07677536287405,2,"cool",NA,NA
"894","QUA010","2021","Q2","NONNATIVE_shanDiv",0.191444081957717,2,"cool",NA,NA
"895","QUA010","2021","Q3","NATIVE_shanDiv",0.727785741904788,2,"cool",NA,NA
"896","QUA010","2021","Q3","NONNATIVE_shanDiv",0.670839312918006,2,"cool",NA,NA
"897","QUA010","2021","Q4","NATIVE_shanDiv",1.22507453929996,2,"cool",NA,NA
"898","QUA010","2021","Q4","NONNATIVE_shanDiv",0.796311640173813,2,"cool",NA,NA
"899","QUA010","2021","Q5","NATIVE_shanDiv",0.191444081957717,2,"cool",NA,NA
"900","QUA010","2021","Q5","NONNATIVE_shanDiv",0.304636097349238,2,"cool",NA,NA
"901","QUA010","2022","Q1","NATIVE_shanDiv",1.17132181686497,2,"cool",NA,NA
"902","QUA010","2022","Q1","NONNATIVE_shanDiv",0.36475201427216,2,"cool",NA,NA
"903","QUA010","2022","Q2","NATIVE_shanDiv",1.13610288659072,2,"cool",NA,NA
"904","QUA010","2022","Q2","NONNATIVE_shanDiv",1.08487287263509,2,"cool",NA,NA
"905","QUA010","2022","Q3","NATIVE_shanDiv",0.860150965884612,2,"cool",NA,NA
"906","QUA010","2022","Q3","NONNATIVE_shanDiv",0.364225349522092,2,"cool",NA,NA
"907","QUA010","2022","Q4","NATIVE_shanDiv",0.859896371881084,2,"cool",NA,NA
"908","QUA010","2022","Q4","NONNATIVE_shanDiv",0.449372269066641,2,"cool",NA,NA
"909","QUA010","2022","Q5","NATIVE_shanDiv",0.819969683086038,2,"cool",NA,NA
"910","QUA010","2022","Q5","NONNATIVE_shanDiv",0.387212375186361,2,"cool",NA,NA
"911","QUA011","2021","Q1","NATIVE_shanDiv",0.142505867392738,1,"warm",NA,NA
"912","QUA011","2021","Q1","NONNATIVE_shanDiv",NA,1,"warm",NA,NA
"913","QUA011","2021","Q2","NATIVE_shanDiv",0,1,"warm",NA,NA
"914","QUA011","2021","Q2","NONNATIVE_shanDiv",NA,1,"warm",NA,NA
"915","QUA011","2021","Q3","NATIVE_shanDiv",0.191444081957717,1,"warm",NA,NA
"916","QUA011","2021","Q3","NONNATIVE_shanDiv",NA,1,"warm",NA,NA
"917","QUA011","2021","Q4","NATIVE_shanDiv",0.693147180559945,1,"warm",NA,NA
"918","QUA011","2021","Q4","NONNATIVE_shanDiv",NA,1,"warm",NA,NA
"919","QUA011","2021","Q5","NATIVE_shanDiv",0.304636097349238,1,"warm",NA,NA
"920","QUA011","2021","Q5","NONNATIVE_shanDiv",NA,1,"warm",NA,NA
"921","QUA011","2022","Q1","NATIVE_shanDiv",0.649442004128176,1,"warm",NA,NA
"922","QUA011","2022","Q1","NONNATIVE_shanDiv",0.690185676018804,1,"warm",NA,NA
"923","QUA011","2022","Q2","NATIVE_shanDiv",1.15326087651294,1,"warm",NA,NA
"924","QUA011","2022","Q2","NONNATIVE_shanDiv",0,1,"warm",NA,NA
"925","QUA011","2022","Q3","NATIVE_shanDiv",0.803333369765464,1,"warm",NA,NA
"926","QUA011","2022","Q3","NONNATIVE_shanDiv",0.995026990179521,1,"warm",NA,NA
"927","QUA011","2022","Q4","NATIVE_shanDiv",0.725358692732013,1,"warm",NA,NA
"928","QUA011","2022","Q4","NONNATIVE_shanDiv",0.526824664151217,1,"warm",NA,NA
"929","QUA011","2022","Q5","NATIVE_shanDiv",0.540204142388861,1,"warm",NA,NA
"930","QUA011","2022","Q5","NONNATIVE_shanDiv",0.53713338011607,1,"warm",NA,NA
"931","QUA015","2021","Q1","NATIVE_shanDiv",0.405497070210795,1,"cool",0.34,3.4
"932","QUA015","2021","Q1","NONNATIVE_shanDiv",0.801619174269389,1,"cool",0.34,3.4
"933","QUA015","2021","Q2","NATIVE_shanDiv",1.60787678744458,1,"cool",0.34,3.4
"934","QUA015","2021","Q2","NONNATIVE_shanDiv",1.08707537716112,1,"cool",0.34,3.4
"935","QUA015","2021","Q3","NATIVE_shanDiv",0.690731037180557,1,"cool",0.34,3.4
"936","QUA015","2021","Q3","NONNATIVE_shanDiv",0,1,"cool",0.34,3.4
"937","QUA015","2021","Q4","NATIVE_shanDiv",0,1,"cool",0.34,3.4
"938","QUA015","2021","Q4","NONNATIVE_shanDiv",0,1,"cool",0.34,3.4
"939","QUA015","2021","Q5","NATIVE_shanDiv",0,1,"cool",0.34,3.4
"940","QUA015","2021","Q5","NONNATIVE_shanDiv",0,1,"cool",0.34,3.4
"941","QUA015","2022","Q1","NATIVE_shanDiv",1.25650512222125,1,"cool",0.34,3.4
"942","QUA015","2022","Q1","NONNATIVE_shanDiv",1.13085242593793,1,"cool",0.34,3.4
"943","QUA015","2022","Q2","NATIVE_shanDiv",1.16104755323546,1,"cool",0.34,3.4
"944","QUA015","2022","Q2","NONNATIVE_shanDiv",0.679193265991526,1,"cool",0.34,3.4
"945","QUA015","2022","Q3","NATIVE_shanDiv",1.51791883564597,1,"cool",0.34,3.4
"946","QUA015","2022","Q3","NONNATIVE_shanDiv",1.42706104338072,1,"cool",0.34,3.4
"947","QUA015","2022","Q4","NATIVE_shanDiv",1.2284916775246,1,"cool",0.34,3.4
"948","QUA015","2022","Q4","NONNATIVE_shanDiv",1.17156380406296,1,"cool",0.34,3.4
"949","QUA015","2022","Q5","NATIVE_shanDiv",1.37622660434455,1,"cool",0.34,3.4
"950","QUA015","2022","Q5","NONNATIVE_shanDiv",1.20199914062097,1,"cool",0.34,3.4
"951","QUA016","2021","Q1","NATIVE_shanDiv",0,1,"cool",0.543148148111111,5.43148148111111
"952","QUA016","2021","Q1","NONNATIVE_shanDiv",0,1,"cool",0.543148148111111,5.43148148111111
"953","QUA016","2021","Q2","NATIVE_shanDiv",0,1,"cool",0.543148148111111,5.43148148111111
"954","QUA016","2021","Q2","NONNATIVE_shanDiv",0,1,"cool",0.543148148111111,5.43148148111111
"955","QUA016","2021","Q3","NATIVE_shanDiv",1.16600336101662,1,"cool",0.543148148111111,5.43148148111111
"956","QUA016","2021","Q3","NONNATIVE_shanDiv",0,1,"cool",0.543148148111111,5.43148148111111
"957","QUA016","2021","Q4","NATIVE_shanDiv",0.740411041269198,1,"cool",0.543148148111111,5.43148148111111
"958","QUA016","2021","Q4","NONNATIVE_shanDiv",0,1,"cool",0.543148148111111,5.43148148111111
"959","QUA016","2021","Q5","NATIVE_shanDiv",0.804202398899728,1,"cool",0.543148148111111,5.43148148111111
"960","QUA016","2021","Q5","NONNATIVE_shanDiv",0,1,"cool",0.543148148111111,5.43148148111111
"961","QUA016","2022","Q1","NATIVE_shanDiv",1.07634095417412,1,"cool",0.543148148111111,5.43148148111111
"962","QUA016","2022","Q1","NONNATIVE_shanDiv",0.52358633748126,1,"cool",0.543148148111111,5.43148148111111
"963","QUA016","2022","Q2","NATIVE_shanDiv",1.19691550541726,1,"cool",0.543148148111111,5.43148148111111
"964","QUA016","2022","Q2","NONNATIVE_shanDiv",0.762834908163277,1,"cool",0.543148148111111,5.43148148111111
"965","QUA016","2022","Q3","NATIVE_shanDiv",1.52431715031839,1,"cool",0.543148148111111,5.43148148111111
"966","QUA016","2022","Q3","NONNATIVE_shanDiv",1.10888714489785,1,"cool",0.543148148111111,5.43148148111111
"967","QUA016","2022","Q4","NATIVE_shanDiv",1.72863132959354,1,"cool",0.543148148111111,5.43148148111111
"968","QUA016","2022","Q4","NONNATIVE_shanDiv",0.707013260278525,1,"cool",0.543148148111111,5.43148148111111
"969","QUA016","2022","Q5","NATIVE_shanDiv",0.636514168294813,1,"cool",0.543148148111111,5.43148148111111
"970","QUA016","2022","Q5","NONNATIVE_shanDiv",0.679118570898659,1,"cool",0.543148148111111,5.43148148111111
"971","QUA020","2021","Q1","NATIVE_shanDiv",1.03972077083992,1,"cool",0.28,2.8
"972","QUA020","2021","Q1","NONNATIVE_shanDiv",0,1,"cool",0.28,2.8
"973","QUA020","2021","Q2","NATIVE_shanDiv",1.33315767797513,1,"cool",0.28,2.8
"974","QUA020","2021","Q2","NONNATIVE_shanDiv",0,1,"cool",0.28,2.8
"975","QUA020","2021","Q3","NATIVE_shanDiv",1.10675013065006,1,"cool",0.28,2.8
"976","QUA020","2021","Q3","NONNATIVE_shanDiv",0,1,"cool",0.28,2.8
"977","QUA020","2021","Q4","NATIVE_shanDiv",0.616599019323611,1,"cool",0.28,2.8
"978","QUA020","2021","Q4","NONNATIVE_shanDiv",0,1,"cool",0.28,2.8
"979","QUA020","2021","Q5","NATIVE_shanDiv",1.09692500017195,1,"cool",0.28,2.8
"980","QUA020","2021","Q5","NONNATIVE_shanDiv",0,1,"cool",0.28,2.8
"981","QUA020","2022","Q1","NATIVE_shanDiv",0.588981824113446,1,"cool",0.28,2.8
"982","QUA020","2022","Q1","NONNATIVE_shanDiv",1.74260261575395,1,"cool",0.28,2.8
"983","QUA020","2022","Q2","NATIVE_shanDiv",0.824504569310499,1,"cool",0.28,2.8
"984","QUA020","2022","Q2","NONNATIVE_shanDiv",1.98907391562503,1,"cool",0.28,2.8
"985","QUA020","2022","Q3","NATIVE_shanDiv",0.931662009194958,1,"cool",0.28,2.8
"986","QUA020","2022","Q3","NONNATIVE_shanDiv",1.44914993068051,1,"cool",0.28,2.8
"987","QUA020","2022","Q4","NATIVE_shanDiv",1.57973716310266,1,"cool",0.28,2.8
"988","QUA020","2022","Q4","NONNATIVE_shanDiv",0.150742602963292,1,"cool",0.28,2.8
"989","QUA020","2022","Q5","NATIVE_shanDiv",1.36475035136246,1,"cool",0.28,2.8
"990","QUA020","2022","Q5","NONNATIVE_shanDiv",0.152762193281148,1,"cool",0.28,2.8
"991","QUA021","2021","Q1","NATIVE_shanDiv",1.22487793599067,1,"cool",2.6578125,26.578125
"992","QUA021","2021","Q1","NONNATIVE_shanDiv",0,1,"cool",2.6578125,26.578125
"993","QUA021","2021","Q2","NATIVE_shanDiv",0.846365829626287,1,"cool",2.6578125,26.578125
"994","QUA021","2021","Q2","NONNATIVE_shanDiv",0,1,"cool",2.6578125,26.578125
"995","QUA021","2021","Q3","NATIVE_shanDiv",1.57113879781148,1,"cool",2.6578125,26.578125
"996","QUA021","2021","Q3","NONNATIVE_shanDiv",0,1,"cool",2.6578125,26.578125
"997","QUA021","2021","Q4","NATIVE_shanDiv",1.24904826177306,1,"cool",2.6578125,26.578125
"998","QUA021","2021","Q4","NONNATIVE_shanDiv",0,1,"cool",2.6578125,26.578125
"999","QUA021","2021","Q5","NATIVE_shanDiv",1.02136032576442,1,"cool",2.6578125,26.578125
"1000","QUA021","2021","Q5","NONNATIVE_shanDiv",0,1,"cool",2.6578125,26.578125
"1001","QUA021","2022","Q1","NATIVE_shanDiv",0.946607929057873,1,"cool",2.6578125,26.578125
"1002","QUA021","2022","Q1","NONNATIVE_shanDiv",0.693147180559945,1,"cool",2.6578125,26.578125
"1003","QUA021","2022","Q2","NATIVE_shanDiv",1.63047995790509,1,"cool",2.6578125,26.578125
"1004","QUA021","2022","Q2","NONNATIVE_shanDiv",1.07568240791776,1,"cool",2.6578125,26.578125
"1005","QUA021","2022","Q3","NATIVE_shanDiv",1.11278226859637,1,"cool",2.6578125,26.578125
"1006","QUA021","2022","Q3","NONNATIVE_shanDiv",0.365817954242177,1,"cool",2.6578125,26.578125
"1007","QUA021","2022","Q4","NATIVE_shanDiv",1.52330934620222,1,"cool",2.6578125,26.578125
"1008","QUA021","2022","Q4","NONNATIVE_shanDiv",0.922067595593595,1,"cool",2.6578125,26.578125
"1009","QUA021","2022","Q5","NATIVE_shanDiv",1.3927376319014,1,"cool",2.6578125,26.578125
"1010","QUA021","2022","Q5","NONNATIVE_shanDiv",0.587099572047896,1,"cool",2.6578125,26.578125
"1011","QUA022","2021","Q1","NATIVE_shanDiv",0,1,"cool",0.7075,7.075
"1012","QUA022","2021","Q1","NATIVE_shanDiv",0,1,"cool",0.7075,7.075
"1013","QUA022","2021","Q1","NONNATIVE_shanDiv",0,1,"cool",0.7075,7.075
"1014","QUA022","2021","Q1","NONNATIVE_shanDiv",0,1,"cool",0.7075,7.075
"1015","QUA022","2021","Q2","NATIVE_shanDiv",0.178498136290207,1,"cool",0.7075,7.075
"1016","QUA022","2021","Q2","NATIVE_shanDiv",0.178498136290207,1,"cool",0.7075,7.075
"1017","QUA022","2021","Q2","NONNATIVE_shanDiv",0,1,"cool",0.7075,7.075
"1018","QUA022","2021","Q2","NONNATIVE_shanDiv",0,1,"cool",0.7075,7.075
"1019","QUA022","2021","Q3","NATIVE_shanDiv",0,1,"cool",0.7075,7.075
"1020","QUA022","2021","Q3","NATIVE_shanDiv",0,1,"cool",0.7075,7.075
"1021","QUA022","2021","Q3","NONNATIVE_shanDiv",0,1,"cool",0.7075,7.075
"1022","QUA022","2021","Q3","NONNATIVE_shanDiv",0,1,"cool",0.7075,7.075
"1023","QUA022","2021","Q4","NATIVE_shanDiv",1.02928996793464,1,"cool",0.7075,7.075
"1024","QUA022","2021","Q4","NATIVE_shanDiv",1.02928996793464,1,"cool",0.7075,7.075
"1025","QUA022","2021","Q4","NONNATIVE_shanDiv",0,1,"cool",0.7075,7.075
"1026","QUA022","2021","Q4","NONNATIVE_shanDiv",0,1,"cool",0.7075,7.075
"1027","QUA022","2021","Q5","NATIVE_shanDiv",0,1,"cool",0.7075,7.075
"1028","QUA022","2021","Q5","NATIVE_shanDiv",0,1,"cool",0.7075,7.075
"1029","QUA022","2021","Q5","NONNATIVE_shanDiv",0,1,"cool",0.7075,7.075
"1030","QUA022","2021","Q5","NONNATIVE_shanDiv",0,1,"cool",0.7075,7.075
"1031","QUA022","2022","Q1","NATIVE_shanDiv",0,1,"cool",0.7075,7.075
"1032","QUA022","2022","Q1","NATIVE_shanDiv",0,1,"cool",0.7075,7.075
"1033","QUA022","2022","Q1","NONNATIVE_shanDiv",0.391911375852553,1,"cool",0.7075,7.075
"1034","QUA022","2022","Q1","NONNATIVE_shanDiv",0.391911375852553,1,"cool",0.7075,7.075
"1035","QUA022","2022","Q2","NATIVE_shanDiv",0.727409342871751,1,"cool",0.7075,7.075
"1036","QUA022","2022","Q2","NATIVE_shanDiv",0.727409342871751,1,"cool",0.7075,7.075
"1037","QUA022","2022","Q2","NONNATIVE_shanDiv",0.725625433257446,1,"cool",0.7075,7.075
"1038","QUA022","2022","Q2","NONNATIVE_shanDiv",0.725625433257446,1,"cool",0.7075,7.075
"1039","QUA022","2022","Q3","NATIVE_shanDiv",1.32420051854923,1,"cool",0.7075,7.075
"1040","QUA022","2022","Q3","NATIVE_shanDiv",1.32420051854923,1,"cool",0.7075,7.075
"1041","QUA022","2022","Q3","NONNATIVE_shanDiv",1.69151551449099,1,"cool",0.7075,7.075
"1042","QUA022","2022","Q3","NONNATIVE_shanDiv",1.69151551449099,1,"cool",0.7075,7.075
"1043","QUA022","2022","Q4","NATIVE_shanDiv",0.575729514280443,1,"cool",0.7075,7.075
"1044","QUA022","2022","Q4","NATIVE_shanDiv",0.575729514280443,1,"cool",0.7075,7.075
"1045","QUA022","2022","Q4","NONNATIVE_shanDiv",0.941150265644051,1,"cool",0.7075,7.075
"1046","QUA022","2022","Q4","NONNATIVE_shanDiv",0.941150265644051,1,"cool",0.7075,7.075
"1047","QUA022","2022","Q5","NATIVE_shanDiv",0.836569844265218,1,"cool",0.7075,7.075
"1048","QUA022","2022","Q5","NATIVE_shanDiv",0.836569844265218,1,"cool",0.7075,7.075
"1049","QUA022","2022","Q5","NONNATIVE_shanDiv",1.66582065504857,1,"cool",0.7075,7.075
"1050","QUA022","2022","Q5","NONNATIVE_shanDiv",1.66582065504857,1,"cool",0.7075,7.075
"1051","QUA024","2022","Q1","NATIVE_shanDiv",1.13031496152442,2,"cool",NA,NA
"1052","QUA024","2022","Q1","NONNATIVE_shanDiv",1.15179126499042,2,"cool",NA,NA
"1053","QUA024","2022","Q2","NATIVE_shanDiv",1.39948594160482,2,"cool",NA,NA
"1054","QUA024","2022","Q2","NONNATIVE_shanDiv",0.673166834868885,2,"cool",NA,NA
"1055","QUA024","2022","Q3","NATIVE_shanDiv",0.810270299767695,2,"cool",NA,NA
"1056","QUA024","2022","Q3","NONNATIVE_shanDiv",1.39389539525293,2,"cool",NA,NA
"1057","QUA024","2022","Q4","NATIVE_shanDiv",1.34031515441451,2,"cool",NA,NA
"1058","QUA024","2022","Q4","NONNATIVE_shanDiv",1.14072019641346,2,"cool",NA,NA
"1059","QUA024","2022","Q5","NATIVE_shanDiv",1.18498236905165,2,"cool",NA,NA
"1060","QUA024","2022","Q5","NONNATIVE_shanDiv",0.388774193706974,2,"cool",NA,NA
"1061","QUA025","2022","Q1","NATIVE_shanDiv",1.36636765230011,2,"cool",NA,NA
"1062","QUA025","2022","Q1","NONNATIVE_shanDiv",1.30446556363942,2,"cool",NA,NA
"1063","QUA025","2022","Q2","NATIVE_shanDiv",0.718801457543945,2,"cool",NA,NA
"1064","QUA025","2022","Q2","NONNATIVE_shanDiv",0,2,"cool",NA,NA
"1065","QUA025","2022","Q3","NATIVE_shanDiv",0.989677467822382,2,"cool",NA,NA
"1066","QUA025","2022","Q3","NONNATIVE_shanDiv",0,2,"cool",NA,NA
"1067","QUA025","2022","Q4","NATIVE_shanDiv",1.11309590000833,2,"cool",NA,NA
"1068","QUA025","2022","Q4","NONNATIVE_shanDiv",0,2,"cool",NA,NA
"1069","QUA025","2022","Q5","NATIVE_shanDiv",1.19037678177592,2,"cool",NA,NA
"1070","QUA025","2022","Q5","NONNATIVE_shanDiv",0.500402423538188,2,"cool",NA,NA
