"","PlotID","spp","year","avg.count.1m2","sum.count.5m2","count.250m2"
"1","CCC004","ADFA",2021,0,0,0
"2","CCC004","ADFA",2022,0,0,0
"3","CCC004","ARCMAN",2021,0,0,0
"4","CCC004","ARCMAN",2022,0,0,0
"5","CCC004","CEACUN",2021,0,0,0
"6","CCC004","CEACUN",2022,0,0,0
"7","CCC004","CEAOLI",2021,14.8,74,3700
"8","CCC004","CEAOLI",2022,0,0,0
"9","CCC004","CERBET",2021,0,0,0
"10","CCC004","CERBET",2022,0,0,0
"11","CCC004","ERICAL",2021,1.2,6,300
"12","CCC004","ERICAL",2022,0,0,0
"13","CCC004","ERINUD",2021,0,0,0
"14","CCC004","ERINUD",2022,0,0,0
"15","CCC004","HEAR",2021,0,0,0
"16","CCC004","HEAR",2022,0,0,0
"17","CCC004","HOLDIS",2021,0,0,0
"18","CCC004","HOLDIS",2022,0,0,0
"19","CCC004","LEPCAL",2021,13.6,68,3400
"20","CCC004","LEPCAL",2022,0.6,3,150
"21","CCC004","MIMAUR",2021,0,0,0
"22","CCC004","MIMAUR",2022,0,0,0
"23","CCC004","QUEBER",2021,0,0,0
"24","CCC004","QUEBER",2022,0,0,0
"25","CCC004","RHAILI",2021,0,0,0
"26","CCC004","RHAILI",2022,0,0,0
"27","CCC004","RIBMAL",2021,0,0,0
"28","CCC004","RIBMAL",2022,0,0,0
"29","CCC004","SYMALB",2021,0,0,0
"30","CCC004","SYMALB",2022,0,0,0
"31","CCC004","SYMMOL",2021,0,0,0
"32","CCC004","SYMMOL",2022,0,0,0
"33","CCC004","TOXDIV",2021,0,0,0
"34","CCC004","TOXDIV",2022,0,0,0
"35","CCC011","ADFA",2021,0,0,0
"36","CCC011","ADFA",2022,1.2,6,300
"37","CCC011","ARCMAN",2021,0,0,0
"38","CCC011","ARCMAN",2022,0,0,0
"39","CCC011","CEACUN",2021,0.2,1,50
"40","CCC011","CEACUN",2022,0,0,0
"41","CCC011","CEAOLI",2021,0,0,0
"42","CCC011","CEAOLI",2022,0,0,0
"43","CCC011","CERBET",2021,0.2,1,50
"44","CCC011","CERBET",2022,0,0,0
"45","CCC011","ERICAL",2021,0,0,0
"46","CCC011","ERICAL",2022,0.2,1,50
"47","CCC011","ERINUD",2021,0,0,0
"48","CCC011","ERINUD",2022,0,0,0
"49","CCC011","HEAR",2021,0,0,0
"50","CCC011","HEAR",2022,0,0,0
"51","CCC011","HOLDIS",2021,0,0,0
"52","CCC011","HOLDIS",2022,0,0,0
"53","CCC011","LEPCAL",2021,0,0,0
"54","CCC011","LEPCAL",2022,0,0,0
"55","CCC011","MIMAUR",2021,0,0,0
"56","CCC011","MIMAUR",2022,0,0,0
"57","CCC011","QUEBER",2021,0,0,0
"58","CCC011","QUEBER",2022,0,0,0
"59","CCC011","RHAILI",2021,0,0,0
"60","CCC011","RHAILI",2022,0,0,0
"61","CCC011","RIBMAL",2021,0,0,0
"62","CCC011","RIBMAL",2022,0,0,0
"63","CCC011","SYMALB",2021,0,0,0
"64","CCC011","SYMALB",2022,0,0,0
"65","CCC011","SYMMOL",2021,0,0,0
"66","CCC011","SYMMOL",2022,0,0,0
"67","CCC011","TOXDIV",2021,0,0,0
"68","CCC011","TOXDIV",2022,0,0,0
"69","COL014","ADFA",2021,0,0,0
"70","COL014","ADFA",2022,0,0,0
"71","COL014","ARCMAN",2021,0,0,0
"72","COL014","ARCMAN",2022,0,0,0
"73","COL014","CEACUN",2021,0,0,0
"74","COL014","CEACUN",2022,0,0,0
"75","COL014","CEAOLI",2021,0,0,0
"76","COL014","CEAOLI",2022,0,0,0
"77","COL014","CERBET",2021,0,0,0
"78","COL014","CERBET",2022,0,0,0
"79","COL014","ERICAL",2021,0,0,0
"80","COL014","ERICAL",2022,0,0,0
"81","COL014","ERINUD",2021,0,0,0
"82","COL014","ERINUD",2022,0,0,0
"83","COL014","HEAR",2021,0,0,0
"84","COL014","HEAR",2022,0,0,0
"85","COL014","HOLDIS",2021,0,0,0
"86","COL014","HOLDIS",2022,0,0,0
"87","COL014","LEPCAL",2021,0,0,0
"88","COL014","LEPCAL",2022,0,0,0
"89","COL014","MIMAUR",2021,0,0,0
"90","COL014","MIMAUR",2022,0,0,0
"91","COL014","QUEBER",2021,0,0,0
"92","COL014","QUEBER",2022,0,0,0
"93","COL014","RHAILI",2021,0,0,0
"94","COL014","RHAILI",2022,0,0,0
"95","COL014","RIBMAL",2021,0,0,0
"96","COL014","RIBMAL",2022,0,0,0
"97","COL014","SYMALB",2021,0,0,0
"98","COL014","SYMALB",2022,0,0,0
"99","COL014","SYMMOL",2021,0,0,0
"100","COL014","SYMMOL",2022,0,0,0
"101","COL014","TOXDIV",2021,0,0,0
"102","COL014","TOXDIV",2022,0,0,0
"103","BOB012","ADFA",2021,0,0,0
"104","BOB012","ADFA",2022,0,0,0
"105","BOB012","ARCMAN",2021,0,0,0
"106","BOB012","ARCMAN",2022,0,0,0
"107","BOB012","CEACUN",2021,0,0,0
"108","BOB012","CEACUN",2022,0,0,0
"109","BOB012","CEAOLI",2021,0,0,0
"110","BOB012","CEAOLI",2022,0,0,0
"111","BOB012","CERBET",2021,0,0,0
"112","BOB012","CERBET",2022,0,0,0
"113","BOB012","ERICAL",2021,0,0,0
"114","BOB012","ERICAL",2022,0.6,3,150
"115","BOB012","ERINUD",2021,0,0,0
"116","BOB012","ERINUD",2022,0,0,0
"117","BOB012","HEAR",2021,0,0,0
"118","BOB012","HEAR",2022,0,0,0
"119","BOB012","HOLDIS",2021,0,0,0
"120","BOB012","HOLDIS",2022,0,0,0
"121","BOB012","LEPCAL",2021,0,0,0
"122","BOB012","LEPCAL",2022,0,0,0
"123","BOB012","MIMAUR",2021,0,0,0
"124","BOB012","MIMAUR",2022,0,0,0
"125","BOB012","QUEBER",2021,0,0,0
"126","BOB012","QUEBER",2022,0,0,0
"127","BOB012","RHAILI",2021,0,0,0
"128","BOB012","RHAILI",2022,0,0,0
"129","BOB012","RIBMAL",2021,0,0,0
"130","BOB012","RIBMAL",2022,0,0,0
"131","BOB012","SYMALB",2021,0,0,0
"132","BOB012","SYMALB",2022,0,0,0
"133","BOB012","SYMMOL",2021,0,0,0
"134","BOB012","SYMMOL",2022,0,0,0
"135","BOB012","TOXDIV",2021,0,0,0
"136","BOB012","TOXDIV",2022,0,0,0
"137","BOB001","ADFA",2021,0,0,0
"138","BOB001","ADFA",2022,0,0,0
"139","BOB001","ARCMAN",2021,0,0,0
"140","BOB001","ARCMAN",2022,0,0,0
"141","BOB001","CEACUN",2021,0,0,0
"142","BOB001","CEACUN",2022,0,0,0
"143","BOB001","CEAOLI",2021,0,0,0
"144","BOB001","CEAOLI",2022,0,0,0
"145","BOB001","CERBET",2021,0,0,0
"146","BOB001","CERBET",2022,0,0,0
"147","BOB001","ERICAL",2021,0,0,0
"148","BOB001","ERICAL",2022,3.6,18,900
"149","BOB001","ERINUD",2021,0,0,0
"150","BOB001","ERINUD",2022,0,0,0
"151","BOB001","HEAR",2021,0,0,0
"152","BOB001","HEAR",2022,0,0,0
"153","BOB001","HOLDIS",2021,0,0,0
"154","BOB001","HOLDIS",2022,0,0,0
"155","BOB001","LEPCAL",2021,0,0,0
"156","BOB001","LEPCAL",2022,0,0,0
"157","BOB001","MIMAUR",2021,0,0,0
"158","BOB001","MIMAUR",2022,0,0,0
"159","BOB001","QUEBER",2021,0,0,0
"160","BOB001","QUEBER",2022,0,0,0
"161","BOB001","RHAILI",2021,0,0,0
"162","BOB001","RHAILI",2022,0,0,0
"163","BOB001","RIBMAL",2021,0,0,0
"164","BOB001","RIBMAL",2022,0,0,0
"165","BOB001","SYMALB",2021,0,0,0
"166","BOB001","SYMALB",2022,0,0,0
"167","BOB001","SYMMOL",2021,0,0,0
"168","BOB001","SYMMOL",2022,0,0,0
"169","BOB001","TOXDIV",2021,0,0,0
"170","BOB001","TOXDIV",2022,0,0,0
"171","BOB004","ADFA",2021,0.8,4,200
"172","BOB004","ADFA",2022,0.6,3,150
"173","BOB004","ARCMAN",2021,0,0,0
"174","BOB004","ARCMAN",2022,0,0,0
"175","BOB004","CEACUN",2021,0,0,0
"176","BOB004","CEACUN",2022,0,0,0
"177","BOB004","CEAOLI",2021,0,0,0
"178","BOB004","CEAOLI",2022,0,0,0
"179","BOB004","CERBET",2021,0,0,0
"180","BOB004","CERBET",2022,0,0,0
"181","BOB004","ERICAL",2021,0,0,0
"182","BOB004","ERICAL",2022,0,0,0
"183","BOB004","ERINUD",2021,0,0,0
"184","BOB004","ERINUD",2022,0,0,0
"185","BOB004","HEAR",2021,0,0,0
"186","BOB004","HEAR",2022,0,0,0
"187","BOB004","HOLDIS",2021,0,0,0
"188","BOB004","HOLDIS",2022,0,0,0
"189","BOB004","LEPCAL",2021,0,0,0
"190","BOB004","LEPCAL",2022,0,0,0
"191","BOB004","MIMAUR",2021,0,0,0
"192","BOB004","MIMAUR",2022,0,0,0
"193","BOB004","QUEBER",2021,0,0,0
"194","BOB004","QUEBER",2022,0,0,0
"195","BOB004","RHAILI",2021,0,0,0
"196","BOB004","RHAILI",2022,0,0,0
"197","BOB004","RIBMAL",2021,0,0,0
"198","BOB004","RIBMAL",2022,0,0,0
"199","BOB004","SYMALB",2021,0,0,0
"200","BOB004","SYMALB",2022,0,0,0
"201","BOB004","SYMMOL",2021,0,0,0
"202","BOB004","SYMMOL",2022,0,0,0
"203","BOB004","TOXDIV",2021,0,0,0
"204","BOB004","TOXDIV",2022,0,0,0
"205","BOB005","ADFA",2021,0,0,0
"206","BOB005","ADFA",2022,0,0,0
"207","BOB005","ARCMAN",2021,0,0,0
"208","BOB005","ARCMAN",2022,0,0,0
"209","BOB005","CEACUN",2021,0,0,0
"210","BOB005","CEACUN",2022,0,0,0
"211","BOB005","CEAOLI",2021,0,0,0
"212","BOB005","CEAOLI",2022,0,0,0
"213","BOB005","CERBET",2021,0,0,0
"214","BOB005","CERBET",2022,0,0,0
"215","BOB005","ERICAL",2021,0,0,0
"216","BOB005","ERICAL",2022,2.2,11,550
"217","BOB005","ERINUD",2021,0,0,0
"218","BOB005","ERINUD",2022,0,0,0
"219","BOB005","HEAR",2021,0,0,0
"220","BOB005","HEAR",2022,0,0,0
"221","BOB005","HOLDIS",2021,0,0,0
"222","BOB005","HOLDIS",2022,0,0,0
"223","BOB005","LEPCAL",2021,0,0,0
"224","BOB005","LEPCAL",2022,0,0,0
"225","BOB005","MIMAUR",2021,0,0,0
"226","BOB005","MIMAUR",2022,0,0,0
"227","BOB005","QUEBER",2021,0,0,0
"228","BOB005","QUEBER",2022,0,0,0
"229","BOB005","RHAILI",2021,0,0,0
"230","BOB005","RHAILI",2022,0,0,0
"231","BOB005","RIBMAL",2021,0,0,0
"232","BOB005","RIBMAL",2022,0,0,0
"233","BOB005","SYMALB",2021,0,0,0
"234","BOB005","SYMALB",2022,0,0,0
"235","BOB005","SYMMOL",2021,0,0,0
"236","BOB005","SYMMOL",2022,0,0,0
"237","BOB005","TOXDIV",2021,0,0,0
"238","BOB005","TOXDIV",2022,0,0,0
"239","BOB006","ADFA",2021,0,0,0
"240","BOB006","ADFA",2022,0,0,0
"241","BOB006","ARCMAN",2021,0,0,0
"242","BOB006","ARCMAN",2022,0,0,0
"243","BOB006","CEACUN",2021,0,0,0
"244","BOB006","CEACUN",2022,0,0,0
"245","BOB006","CEAOLI",2021,0,0,0
"246","BOB006","CEAOLI",2022,0,0,0
"247","BOB006","CERBET",2021,0,0,0
"248","BOB006","CERBET",2022,0,0,0
"249","BOB006","ERICAL",2021,0,0,0
"250","BOB006","ERICAL",2022,4.2,21,1050
"251","BOB006","ERINUD",2021,0,0,0
"252","BOB006","ERINUD",2022,0,0,0
"253","BOB006","HEAR",2021,0,0,0
"254","BOB006","HEAR",2022,0,0,0
"255","BOB006","HOLDIS",2021,0,0,0
"256","BOB006","HOLDIS",2022,0,0,0
"257","BOB006","LEPCAL",2021,0,0,0
"258","BOB006","LEPCAL",2022,0,0,0
"259","BOB006","MIMAUR",2021,0,0,0
"260","BOB006","MIMAUR",2022,0,0,0
"261","BOB006","QUEBER",2021,0,0,0
"262","BOB006","QUEBER",2022,0,0,0
"263","BOB006","RHAILI",2021,0,0,0
"264","BOB006","RHAILI",2022,0,0,0
"265","BOB006","RIBMAL",2021,0,0,0
"266","BOB006","RIBMAL",2022,0,0,0
"267","BOB006","SYMALB",2021,0,0,0
"268","BOB006","SYMALB",2022,0,0,0
"269","BOB006","SYMMOL",2021,0,0,0
"270","BOB006","SYMMOL",2022,0,0,0
"271","BOB006","TOXDIV",2021,0,0,0
"272","BOB006","TOXDIV",2022,0,0,0
"273","BOB009","ADFA",2021,0,0,0
"274","BOB009","ADFA",2022,0,0,0
"275","BOB009","ARCMAN",2021,0,0,0
"276","BOB009","ARCMAN",2022,0,0,0
"277","BOB009","CEACUN",2021,0,0,0
"278","BOB009","CEACUN",2022,0,0,0
"279","BOB009","CEAOLI",2021,0,0,0
"280","BOB009","CEAOLI",2022,0,0,0
"281","BOB009","CERBET",2021,0,0,0
"282","BOB009","CERBET",2022,0,0,0
"283","BOB009","ERICAL",2021,0,0,0
"284","BOB009","ERICAL",2022,2.4,12,600
"285","BOB009","ERINUD",2021,0,0,0
"286","BOB009","ERINUD",2022,0,0,0
"287","BOB009","HEAR",2021,0,0,0
"288","BOB009","HEAR",2022,0,0,0
"289","BOB009","HOLDIS",2021,0,0,0
"290","BOB009","HOLDIS",2022,0,0,0
"291","BOB009","LEPCAL",2021,0,0,0
"292","BOB009","LEPCAL",2022,0,0,0
"293","BOB009","MIMAUR",2021,0,0,0
"294","BOB009","MIMAUR",2022,0,0,0
"295","BOB009","QUEBER",2021,0,0,0
"296","BOB009","QUEBER",2022,0,0,0
"297","BOB009","RHAILI",2021,0,0,0
"298","BOB009","RHAILI",2022,0,0,0
"299","BOB009","RIBMAL",2021,0,0,0
"300","BOB009","RIBMAL",2022,0,0,0
"301","BOB009","SYMALB",2021,0,0,0
"302","BOB009","SYMALB",2022,0,0,0
"303","BOB009","SYMMOL",2021,0,0,0
"304","BOB009","SYMMOL",2022,0,0,0
"305","BOB009","TOXDIV",2021,0,0,0
"306","BOB009","TOXDIV",2022,0,0,0
"307","BOB010","ADFA",2021,0,0,0
"308","BOB010","ADFA",2022,0,0,0
"309","BOB010","ARCMAN",2021,0,0,0
"310","BOB010","ARCMAN",2022,0,0,0
"311","BOB010","CEACUN",2021,0,0,0
"312","BOB010","CEACUN",2022,0,0,0
"313","BOB010","CEAOLI",2021,0,0,0
"314","BOB010","CEAOLI",2022,0,0,0
"315","BOB010","CERBET",2021,0,0,0
"316","BOB010","CERBET",2022,0,0,0
"317","BOB010","ERICAL",2021,0,0,0
"318","BOB010","ERICAL",2022,0.4,2,100
"319","BOB010","ERINUD",2021,0,0,0
"320","BOB010","ERINUD",2022,0,0,0
"321","BOB010","HEAR",2021,0,0,0
"322","BOB010","HEAR",2022,0,0,0
"323","BOB010","HOLDIS",2021,0,0,0
"324","BOB010","HOLDIS",2022,0,0,0
"325","BOB010","LEPCAL",2021,0,0,0
"326","BOB010","LEPCAL",2022,0,0,0
"327","BOB010","MIMAUR",2021,0,0,0
"328","BOB010","MIMAUR",2022,0,0,0
"329","BOB010","QUEBER",2021,0,0,0
"330","BOB010","QUEBER",2022,0,0,0
"331","BOB010","RHAILI",2021,0,0,0
"332","BOB010","RHAILI",2022,0,0,0
"333","BOB010","RIBMAL",2021,0,0,0
"334","BOB010","RIBMAL",2022,0,0,0
"335","BOB010","SYMALB",2021,0,0,0
"336","BOB010","SYMALB",2022,0,0,0
"337","BOB010","SYMMOL",2021,0,0,0
"338","BOB010","SYMMOL",2022,0,0,0
"339","BOB010","TOXDIV",2021,0,0,0
"340","BOB010","TOXDIV",2022,0,0,0
"341","BOB011","ADFA",2021,0,0,0
"342","BOB011","ADFA",2022,0,0,0
"343","BOB011","ARCMAN",2021,0,0,0
"344","BOB011","ARCMAN",2022,0,0,0
"345","BOB011","CEACUN",2021,0,0,0
"346","BOB011","CEACUN",2022,0,0,0
"347","BOB011","CEAOLI",2021,0,0,0
"348","BOB011","CEAOLI",2022,0,0,0
"349","BOB011","CERBET",2021,0,0,0
"350","BOB011","CERBET",2022,0,0,0
"351","BOB011","ERICAL",2021,0,0,0
"352","BOB011","ERICAL",2022,0,0,0
"353","BOB011","ERINUD",2021,0,0,0
"354","BOB011","ERINUD",2022,0,0,0
"355","BOB011","HEAR",2021,0,0,0
"356","BOB011","HEAR",2022,0,0,0
"357","BOB011","HOLDIS",2021,0,0,0
"358","BOB011","HOLDIS",2022,0,0,0
"359","BOB011","LEPCAL",2021,0,0,0
"360","BOB011","LEPCAL",2022,0,0,0
"361","BOB011","MIMAUR",2021,0,0,0
"362","BOB011","MIMAUR",2022,0,0,0
"363","BOB011","QUEBER",2021,0,0,0
"364","BOB011","QUEBER",2022,0,0,0
"365","BOB011","RHAILI",2021,0,0,0
"366","BOB011","RHAILI",2022,0,0,0
"367","BOB011","RIBMAL",2021,0,0,0
"368","BOB011","RIBMAL",2022,0,0,0
"369","BOB011","SYMALB",2021,0,0,0
"370","BOB011","SYMALB",2022,0,0,0
"371","BOB011","SYMMOL",2021,0,0,0
"372","BOB011","SYMMOL",2022,0,0,0
"373","BOB011","TOXDIV",2021,0,0,0
"374","BOB011","TOXDIV",2022,0,0,0
"375","BOB016","ADFA",2021,0,0,0
"376","BOB016","ADFA",2022,0,0,0
"377","BOB016","ARCMAN",2021,0,0,0
"378","BOB016","ARCMAN",2022,0,0,0
"379","BOB016","CEACUN",2021,0,0,0
"380","BOB016","CEACUN",2022,0,0,0
"381","BOB016","CEAOLI",2021,0,0,0
"382","BOB016","CEAOLI",2022,0,0,0
"383","BOB016","CERBET",2021,0,0,0
"384","BOB016","CERBET",2022,0,0,0
"385","BOB016","ERICAL",2021,0.2,1,50
"386","BOB016","ERICAL",2022,0.4,2,100
"387","BOB016","ERINUD",2021,0,0,0
"388","BOB016","ERINUD",2022,0,0,0
"389","BOB016","HEAR",2021,0,0,0
"390","BOB016","HEAR",2022,0,0,0
"391","BOB016","HOLDIS",2021,0,0,0
"392","BOB016","HOLDIS",2022,0,0,0
"393","BOB016","LEPCAL",2021,0,0,0
"394","BOB016","LEPCAL",2022,0,0,0
"395","BOB016","MIMAUR",2021,0,0,0
"396","BOB016","MIMAUR",2022,0,0,0
"397","BOB016","QUEBER",2021,0,0,0
"398","BOB016","QUEBER",2022,0,0,0
"399","BOB016","RHAILI",2021,0,0,0
"400","BOB016","RHAILI",2022,0,0,0
"401","BOB016","RIBMAL",2021,0,0,0
"402","BOB016","RIBMAL",2022,0,0,0
"403","BOB016","SYMALB",2021,0,0,0
"404","BOB016","SYMALB",2022,0,0,0
"405","BOB016","SYMMOL",2021,0,0,0
"406","BOB016","SYMMOL",2022,0,0,0
"407","BOB016","TOXDIV",2021,0,0,0
"408","BOB016","TOXDIV",2022,0,0,0
"409","COL013","ADFA",2021,0,0,0
"410","COL013","ADFA",2022,0,0,0
"411","COL013","ARCMAN",2021,0,0,0
"412","COL013","ARCMAN",2022,0,0,0
"413","COL013","CEACUN",2021,0,0,0
"414","COL013","CEACUN",2022,0,0,0
"415","COL013","CEAOLI",2021,0,0,0
"416","COL013","CEAOLI",2022,0,0,0
"417","COL013","CERBET",2021,0,0,0
"418","COL013","CERBET",2022,0,0,0
"419","COL013","ERICAL",2021,0.8,4,200
"420","COL013","ERICAL",2022,1.2,6,300
"421","COL013","ERINUD",2021,0,0,0
"422","COL013","ERINUD",2022,0,0,0
"423","COL013","HEAR",2021,0,0,0
"424","COL013","HEAR",2022,0,0,0
"425","COL013","HOLDIS",2021,0,0,0
"426","COL013","HOLDIS",2022,0,0,0
"427","COL013","LEPCAL",2021,0,0,0
"428","COL013","LEPCAL",2022,0,0,0
"429","COL013","MIMAUR",2021,0,0,0
"430","COL013","MIMAUR",2022,0,0,0
"431","COL013","QUEBER",2021,0,0,0
"432","COL013","QUEBER",2022,0,0,0
"433","COL013","RHAILI",2021,0,0,0
"434","COL013","RHAILI",2022,0,0,0
"435","COL013","RIBMAL",2021,0,0,0
"436","COL013","RIBMAL",2022,0,0,0
"437","COL013","SYMALB",2021,0,0,0
"438","COL013","SYMALB",2022,0,0,0
"439","COL013","SYMMOL",2021,0,0,0
"440","COL013","SYMMOL",2022,0,0,0
"441","COL013","TOXDIV",2021,0,0,0
"442","COL013","TOXDIV",2022,0,0,0
"443","QUA002","ADFA",2021,0,0,0
"444","QUA002","ADFA",2022,0,0,0
"445","QUA002","ARCMAN",2021,0,0,0
"446","QUA002","ARCMAN",2022,0,0,0
"447","QUA002","CEACUN",2021,0,0,0
"448","QUA002","CEACUN",2022,0,0,0
"449","QUA002","CEAOLI",2021,0,0,0
"450","QUA002","CEAOLI",2022,0,0,0
"451","QUA002","CERBET",2021,0,0,0
"452","QUA002","CERBET",2022,0,0,0
"453","QUA002","ERICAL",2021,1,5,250
"454","QUA002","ERICAL",2022,0.8,4,200
"455","QUA002","ERINUD",2021,0,0,0
"456","QUA002","ERINUD",2022,0,0,0
"457","QUA002","HEAR",2021,0,0,0
"458","QUA002","HEAR",2022,0,0,0
"459","QUA002","HOLDIS",2021,0,0,0
"460","QUA002","HOLDIS",2022,0,0,0
"461","QUA002","LEPCAL",2021,0,0,0
"462","QUA002","LEPCAL",2022,1.4,7,350
"463","QUA002","MIMAUR",2021,0,0,0
"464","QUA002","MIMAUR",2022,0,0,0
"465","QUA002","QUEBER",2021,0,0,0
"466","QUA002","QUEBER",2022,0,0,0
"467","QUA002","RHAILI",2021,0,0,0
"468","QUA002","RHAILI",2022,0,0,0
"469","QUA002","RIBMAL",2021,0,0,0
"470","QUA002","RIBMAL",2022,0,0,0
"471","QUA002","SYMALB",2021,0,0,0
"472","QUA002","SYMALB",2022,0,0,0
"473","QUA002","SYMMOL",2021,0,0,0
"474","QUA002","SYMMOL",2022,0,0,0
"475","QUA002","TOXDIV",2021,0,0,0
"476","QUA002","TOXDIV",2022,0,0,0
"477","QUA003","ADFA",2021,0.4,2,100
"478","QUA003","ADFA",2022,0,0,0
"479","QUA003","ARCMAN",2021,0,0,0
"480","QUA003","ARCMAN",2022,0,0,0
"481","QUA003","CEACUN",2021,0,0,0
"482","QUA003","CEACUN",2022,0,0,0
"483","QUA003","CEAOLI",2021,0,0,0
"484","QUA003","CEAOLI",2022,0,0,0
"485","QUA003","CERBET",2021,0,0,0
"486","QUA003","CERBET",2022,0,0,0
"487","QUA003","ERICAL",2021,0,0,0
"488","QUA003","ERICAL",2022,0,0,0
"489","QUA003","ERINUD",2021,0,0,0
"490","QUA003","ERINUD",2022,0,0,0
"491","QUA003","HEAR",2021,0,0,0
"492","QUA003","HEAR",2022,0,0,0
"493","QUA003","HOLDIS",2021,0,0,0
"494","QUA003","HOLDIS",2022,0,0,0
"495","QUA003","LEPCAL",2021,0,0,0
"496","QUA003","LEPCAL",2022,0,0,0
"497","QUA003","MIMAUR",2021,0,0,0
"498","QUA003","MIMAUR",2022,0,0,0
"499","QUA003","QUEBER",2021,0,0,0
"500","QUA003","QUEBER",2022,0,0,0
"501","QUA003","RHAILI",2021,0,0,0
"502","QUA003","RHAILI",2022,0,0,0
"503","QUA003","RIBMAL",2021,0,0,0
"504","QUA003","RIBMAL",2022,0,0,0
"505","QUA003","SYMALB",2021,0,0,0
"506","QUA003","SYMALB",2022,0,0,0
"507","QUA003","SYMMOL",2021,0,0,0
"508","QUA003","SYMMOL",2022,0,0,0
"509","QUA003","TOXDIV",2021,0,0,0
"510","QUA003","TOXDIV",2022,0,0,0
"511","QUA005","ADFA",2021,1.6,8,400
"512","QUA005","ADFA",2022,0,0,0
"513","QUA005","ARCMAN",2021,0,0,0
"514","QUA005","ARCMAN",2022,0,0,0
"515","QUA005","CEACUN",2021,0,0,0
"516","QUA005","CEACUN",2022,0,0,0
"517","QUA005","CEAOLI",2021,0,0,0
"518","QUA005","CEAOLI",2022,0,0,0
"519","QUA005","CERBET",2021,0,0,0
"520","QUA005","CERBET",2022,0,0,0
"521","QUA005","ERICAL",2021,0.8,4,200
"522","QUA005","ERICAL",2022,1.4,7,350
"523","QUA005","ERINUD",2021,0,0,0
"524","QUA005","ERINUD",2022,0,0,0
"525","QUA005","HEAR",2021,0,0,0
"526","QUA005","HEAR",2022,0,0,0
"527","QUA005","HOLDIS",2021,0,0,0
"528","QUA005","HOLDIS",2022,0,0,0
"529","QUA005","LEPCAL",2021,0,0,0
"530","QUA005","LEPCAL",2022,0,0,0
"531","QUA005","MIMAUR",2021,0,0,0
"532","QUA005","MIMAUR",2022,0,0,0
"533","QUA005","QUEBER",2021,0,0,0
"534","QUA005","QUEBER",2022,0,0,0
"535","QUA005","RHAILI",2021,0,0,0
"536","QUA005","RHAILI",2022,0,0,0
"537","QUA005","RIBMAL",2021,0,0,0
"538","QUA005","RIBMAL",2022,0,0,0
"539","QUA005","SYMALB",2021,0,0,0
"540","QUA005","SYMALB",2022,0,0,0
"541","QUA005","SYMMOL",2021,0,0,0
"542","QUA005","SYMMOL",2022,0,0,0
"543","QUA005","TOXDIV",2021,0,0,0
"544","QUA005","TOXDIV",2022,0,0,0
"545","QUA006","ADFA",2021,1.2,6,300
"546","QUA006","ADFA",2022,0.2,1,50
"547","QUA006","ARCMAN",2021,0,0,0
"548","QUA006","ARCMAN",2022,0,0,0
"549","QUA006","CEACUN",2021,0,0,0
"550","QUA006","CEACUN",2022,0,0,0
"551","QUA006","CEAOLI",2021,0,0,0
"552","QUA006","CEAOLI",2022,0,0,0
"553","QUA006","CERBET",2021,0,0,0
"554","QUA006","CERBET",2022,0,0,0
"555","QUA006","ERICAL",2021,0,0,0
"556","QUA006","ERICAL",2022,0,0,0
"557","QUA006","ERINUD",2021,0,0,0
"558","QUA006","ERINUD",2022,0,0,0
"559","QUA006","HEAR",2021,0,0,0
"560","QUA006","HEAR",2022,0,0,0
"561","QUA006","HOLDIS",2021,0,0,0
"562","QUA006","HOLDIS",2022,0,0,0
"563","QUA006","LEPCAL",2021,0,0,0
"564","QUA006","LEPCAL",2022,1.2,6,300
"565","QUA006","MIMAUR",2021,0,0,0
"566","QUA006","MIMAUR",2022,0,0,0
"567","QUA006","QUEBER",2021,0,0,0
"568","QUA006","QUEBER",2022,0,0,0
"569","QUA006","RHAILI",2021,0,0,0
"570","QUA006","RHAILI",2022,0,0,0
"571","QUA006","RIBMAL",2021,0,0,0
"572","QUA006","RIBMAL",2022,0,0,0
"573","QUA006","SYMALB",2021,0,0,0
"574","QUA006","SYMALB",2022,0,0,0
"575","QUA006","SYMMOL",2021,0,0,0
"576","QUA006","SYMMOL",2022,0,0,0
"577","QUA006","TOXDIV",2021,0,0,0
"578","QUA006","TOXDIV",2022,0,0,0
"579","QUA008","ADFA",2021,1,5,250
"580","QUA008","ADFA",2022,2,10,500
"581","QUA008","ARCMAN",2021,0,0,0
"582","QUA008","ARCMAN",2022,0,0,0
"583","QUA008","CEACUN",2021,0,0,0
"584","QUA008","CEACUN",2022,0,0,0
"585","QUA008","CEAOLI",2021,0,0,0
"586","QUA008","CEAOLI",2022,0,0,0
"587","QUA008","CERBET",2021,0,0,0
"588","QUA008","CERBET",2022,0,0,0
"589","QUA008","ERICAL",2021,0,0,0
"590","QUA008","ERICAL",2022,0,0,0
"591","QUA008","ERINUD",2021,0,0,0
"592","QUA008","ERINUD",2022,0,0,0
"593","QUA008","HEAR",2021,0,0,0
"594","QUA008","HEAR",2022,0,0,0
"595","QUA008","HOLDIS",2021,0,0,0
"596","QUA008","HOLDIS",2022,0,0,0
"597","QUA008","LEPCAL",2021,0,0,0
"598","QUA008","LEPCAL",2022,0,0,0
"599","QUA008","MIMAUR",2021,0,0,0
"600","QUA008","MIMAUR",2022,0,0,0
"601","QUA008","QUEBER",2021,0,0,0
"602","QUA008","QUEBER",2022,0,0,0
"603","QUA008","RHAILI",2021,0,0,0
"604","QUA008","RHAILI",2022,0,0,0
"605","QUA008","RIBMAL",2021,0,0,0
"606","QUA008","RIBMAL",2022,0,0,0
"607","QUA008","SYMALB",2021,0,0,0
"608","QUA008","SYMALB",2022,0,0,0
"609","QUA008","SYMMOL",2021,0,0,0
"610","QUA008","SYMMOL",2022,0,0,0
"611","QUA008","TOXDIV",2021,0,0,0
"612","QUA008","TOXDIV",2022,0,0,0
"613","BOB002","ADFA",2021,0,0,0
"614","BOB002","ADFA",2022,0,0,0
"615","BOB002","ARCMAN",2021,0,0,0
"616","BOB002","ARCMAN",2022,0,0,0
"617","BOB002","CEACUN",2021,0,0,0
"618","BOB002","CEACUN",2022,0,0,0
"619","BOB002","CEAOLI",2021,0,0,0
"620","BOB002","CEAOLI",2022,0,0,0
"621","BOB002","CERBET",2021,0,0,0
"622","BOB002","CERBET",2022,0,0,0
"623","BOB002","ERICAL",2021,0,0,0
"624","BOB002","ERICAL",2022,0,0,0
"625","BOB002","ERINUD",2021,0,0,0
"626","BOB002","ERINUD",2022,0,0,0
"627","BOB002","HEAR",2021,0,0,0
"628","BOB002","HEAR",2022,0,0,0
"629","BOB002","HOLDIS",2021,0,0,0
"630","BOB002","HOLDIS",2022,0,0,0
"631","BOB002","LEPCAL",2021,0,0,0
"632","BOB002","LEPCAL",2022,0,0,0
"633","BOB002","MIMAUR",2021,0,0,0
"634","BOB002","MIMAUR",2022,0,0,0
"635","BOB002","QUEBER",2021,0,0,0
"636","BOB002","QUEBER",2022,0,0,0
"637","BOB002","RHAILI",2021,0,0,0
"638","BOB002","RHAILI",2022,0,0,0
"639","BOB002","RIBMAL",2021,0,0,0
"640","BOB002","RIBMAL",2022,0,0,0
"641","BOB002","SYMALB",2021,0,0,0
"642","BOB002","SYMALB",2022,0,0,0
"643","BOB002","SYMMOL",2021,0,0,0
"644","BOB002","SYMMOL",2022,0,0,0
"645","BOB002","TOXDIV",2021,0,0,0
"646","BOB002","TOXDIV",2022,0,0,0
"647","BOB003","ADFA",2021,0,0,0
"648","BOB003","ADFA",2022,0,0,0
"649","BOB003","ARCMAN",2021,0,0,0
"650","BOB003","ARCMAN",2022,0,0,0
"651","BOB003","CEACUN",2021,0,0,0
"652","BOB003","CEACUN",2022,0,0,0
"653","BOB003","CEAOLI",2021,0,0,0
"654","BOB003","CEAOLI",2022,0,0,0
"655","BOB003","CERBET",2021,0,0,0
"656","BOB003","CERBET",2022,0,0,0
"657","BOB003","ERICAL",2021,0,0,0
"658","BOB003","ERICAL",2022,0,0,0
"659","BOB003","ERINUD",2021,0,0,0
"660","BOB003","ERINUD",2022,0,0,0
"661","BOB003","HEAR",2021,0,0,0
"662","BOB003","HEAR",2022,0,0,0
"663","BOB003","HOLDIS",2021,0,0,0
"664","BOB003","HOLDIS",2022,0,0,0
"665","BOB003","LEPCAL",2021,0,0,0
"666","BOB003","LEPCAL",2022,0,0,0
"667","BOB003","MIMAUR",2021,0,0,0
"668","BOB003","MIMAUR",2022,0,0,0
"669","BOB003","QUEBER",2021,0,0,0
"670","BOB003","QUEBER",2022,0,0,0
"671","BOB003","RHAILI",2021,0,0,0
"672","BOB003","RHAILI",2022,0,0,0
"673","BOB003","RIBMAL",2021,0,0,0
"674","BOB003","RIBMAL",2022,0,0,0
"675","BOB003","SYMALB",2021,0,0,0
"676","BOB003","SYMALB",2022,0,0,0
"677","BOB003","SYMMOL",2021,0,0,0
"678","BOB003","SYMMOL",2022,0,0,0
"679","BOB003","TOXDIV",2021,0,0,0
"680","BOB003","TOXDIV",2022,0,0,0
"681","BOB014","ADFA",2021,0,0,0
"682","BOB014","ADFA",2022,0,0,0
"683","BOB014","ARCMAN",2021,0,0,0
"684","BOB014","ARCMAN",2022,0,0,0
"685","BOB014","CEACUN",2021,1.2,6,300
"686","BOB014","CEACUN",2022,0,0,0
"687","BOB014","CEAOLI",2021,0,0,0
"688","BOB014","CEAOLI",2022,0,0,0
"689","BOB014","CERBET",2021,0,0,0
"690","BOB014","CERBET",2022,0,0,0
"691","BOB014","ERICAL",2021,0.8,4,200
"692","BOB014","ERICAL",2022,0.2,1,50
"693","BOB014","ERINUD",2021,0,0,0
"694","BOB014","ERINUD",2022,0,0,0
"695","BOB014","HEAR",2021,0,0,0
"696","BOB014","HEAR",2022,0,0,0
"697","BOB014","HOLDIS",2021,0,0,0
"698","BOB014","HOLDIS",2022,0,0,0
"699","BOB014","LEPCAL",2021,0.6,3,150
"700","BOB014","LEPCAL",2022,0.2,1,50
"701","BOB014","MIMAUR",2021,0,0,0
"702","BOB014","MIMAUR",2022,0,0,0
"703","BOB014","QUEBER",2021,0,0,0
"704","BOB014","QUEBER",2022,0,0,0
"705","BOB014","RHAILI",2021,0,0,0
"706","BOB014","RHAILI",2022,0,0,0
"707","BOB014","RIBMAL",2021,0,0,0
"708","BOB014","RIBMAL",2022,0,0,0
"709","BOB014","SYMALB",2021,0,0,0
"710","BOB014","SYMALB",2022,0,0,0
"711","BOB014","SYMMOL",2021,0,0,0
"712","BOB014","SYMMOL",2022,0,0,0
"713","BOB014","TOXDIV",2021,0,0,0
"714","BOB014","TOXDIV",2022,0,0,0
"715","BOB017","ADFA",2021,0,0,0
"716","BOB017","ADFA",2022,0,0,0
"717","BOB017","ARCMAN",2021,0,0,0
"718","BOB017","ARCMAN",2022,0,0,0
"719","BOB017","CEACUN",2021,0,0,0
"720","BOB017","CEACUN",2022,0,0,0
"721","BOB017","CEAOLI",2021,0,0,0
"722","BOB017","CEAOLI",2022,0,0,0
"723","BOB017","CERBET",2021,0,0,0
"724","BOB017","CERBET",2022,0,0,0
"725","BOB017","ERICAL",2021,0.2,1,50
"726","BOB017","ERICAL",2022,18.6,93,4650
"727","BOB017","ERINUD",2021,0,0,0
"728","BOB017","ERINUD",2022,0,0,0
"729","BOB017","HEAR",2021,0,0,0
"730","BOB017","HEAR",2022,0,0,0
"731","BOB017","HOLDIS",2021,0,0,0
"732","BOB017","HOLDIS",2022,0,0,0
"733","BOB017","LEPCAL",2021,0,0,0
"734","BOB017","LEPCAL",2022,0,0,0
"735","BOB017","MIMAUR",2021,0,0,0
"736","BOB017","MIMAUR",2022,0,0,0
"737","BOB017","QUEBER",2021,0,0,0
"738","BOB017","QUEBER",2022,0,0,0
"739","BOB017","RHAILI",2021,0,0,0
"740","BOB017","RHAILI",2022,0,0,0
"741","BOB017","RIBMAL",2021,0,0,0
"742","BOB017","RIBMAL",2022,0,0,0
"743","BOB017","SYMALB",2021,0,0,0
"744","BOB017","SYMALB",2022,0,0,0
"745","BOB017","SYMMOL",2021,0,0,0
"746","BOB017","SYMMOL",2022,0,0,0
"747","BOB017","TOXDIV",2021,0,0,0
"748","BOB017","TOXDIV",2022,0,0,0
"749","BOB018","ADFA",2021,0,0,0
"750","BOB018","ADFA",2022,0.2,1,50
"751","BOB018","ARCMAN",2021,0,0,0
"752","BOB018","ARCMAN",2022,0,0,0
"753","BOB018","CEACUN",2021,0,0,0
"754","BOB018","CEACUN",2022,0,0,0
"755","BOB018","CEAOLI",2021,0,0,0
"756","BOB018","CEAOLI",2022,0,0,0
"757","BOB018","CERBET",2021,0,0,0
"758","BOB018","CERBET",2022,0,0,0
"759","BOB018","ERICAL",2021,0,0,0
"760","BOB018","ERICAL",2022,7.4,37,1850
"761","BOB018","ERINUD",2021,0,0,0
"762","BOB018","ERINUD",2022,0,0,0
"763","BOB018","HEAR",2021,0,0,0
"764","BOB018","HEAR",2022,0,0,0
"765","BOB018","HOLDIS",2021,0,0,0
"766","BOB018","HOLDIS",2022,0,0,0
"767","BOB018","LEPCAL",2021,0,0,0
"768","BOB018","LEPCAL",2022,0,0,0
"769","BOB018","MIMAUR",2021,0,0,0
"770","BOB018","MIMAUR",2022,0,0,0
"771","BOB018","QUEBER",2021,0,0,0
"772","BOB018","QUEBER",2022,0,0,0
"773","BOB018","RHAILI",2021,0,0,0
"774","BOB018","RHAILI",2022,0,0,0
"775","BOB018","RIBMAL",2021,0,0,0
"776","BOB018","RIBMAL",2022,0,0,0
"777","BOB018","SYMALB",2021,0,0,0
"778","BOB018","SYMALB",2022,0,0,0
"779","BOB018","SYMMOL",2021,0,0,0
"780","BOB018","SYMMOL",2022,0,0,0
"781","BOB018","TOXDIV",2021,0,0,0
"782","BOB018","TOXDIV",2022,0,0,0
"783","CCC001","ADFA",2021,0,0,0
"784","CCC001","ADFA",2022,0,0,0
"785","CCC001","ARCMAN",2021,0,0,0
"786","CCC001","ARCMAN",2022,0,0,0
"787","CCC001","CEACUN",2021,0,0,0
"788","CCC001","CEACUN",2022,0,0,0
"789","CCC001","CEAOLI",2021,5,25,1250
"790","CCC001","CEAOLI",2022,0,0,0
"791","CCC001","CERBET",2021,0,0,0
"792","CCC001","CERBET",2022,0,0,0
"793","CCC001","ERICAL",2021,0.2,1,50
"794","CCC001","ERICAL",2022,0,0,0
"795","CCC001","ERINUD",2021,0,0,0
"796","CCC001","ERINUD",2022,0,0,0
"797","CCC001","HEAR",2021,0,0,0
"798","CCC001","HEAR",2022,0,0,0
"799","CCC001","HOLDIS",2021,0,0,0
"800","CCC001","HOLDIS",2022,0,0,0
"801","CCC001","LEPCAL",2021,0,0,0
"802","CCC001","LEPCAL",2022,0,0,0
"803","CCC001","MIMAUR",2021,0,0,0
"804","CCC001","MIMAUR",2022,0,0,0
"805","CCC001","QUEBER",2021,0,0,0
"806","CCC001","QUEBER",2022,0,0,0
"807","CCC001","RHAILI",2021,0,0,0
"808","CCC001","RHAILI",2022,0,0,0
"809","CCC001","RIBMAL",2021,0,0,0
"810","CCC001","RIBMAL",2022,0,0,0
"811","CCC001","SYMALB",2021,0,0,0
"812","CCC001","SYMALB",2022,0,0,0
"813","CCC001","SYMMOL",2021,0,0,0
"814","CCC001","SYMMOL",2022,0,0,0
"815","CCC001","TOXDIV",2021,0,0,0
"816","CCC001","TOXDIV",2022,0,0,0
"817","CCC003","ADFA",2021,0,0,0
"818","CCC003","ADFA",2022,5.2,26,1300
"819","CCC003","ARCMAN",2021,0,0,0
"820","CCC003","ARCMAN",2022,0,0,0
"821","CCC003","CEACUN",2021,3.2,16,800
"822","CCC003","CEACUN",2022,5,25,1250
"823","CCC003","CEAOLI",2021,0,0,0
"824","CCC003","CEAOLI",2022,0,0,0
"825","CCC003","CERBET",2021,0,0,0
"826","CCC003","CERBET",2022,0,0,0
"827","CCC003","ERICAL",2021,0.2,1,50
"828","CCC003","ERICAL",2022,4.6,23,1150
"829","CCC003","ERINUD",2021,0,0,0
"830","CCC003","ERINUD",2022,0,0,0
"831","CCC003","HEAR",2021,0,0,0
"832","CCC003","HEAR",2022,0,0,0
"833","CCC003","HOLDIS",2021,0,0,0
"834","CCC003","HOLDIS",2022,0,0,0
"835","CCC003","LEPCAL",2021,0,0,0
"836","CCC003","LEPCAL",2022,0,0,0
"837","CCC003","MIMAUR",2021,0,0,0
"838","CCC003","MIMAUR",2022,0,0,0
"839","CCC003","QUEBER",2021,0,0,0
"840","CCC003","QUEBER",2022,0,0,0
"841","CCC003","RHAILI",2021,0,0,0
"842","CCC003","RHAILI",2022,0,0,0
"843","CCC003","RIBMAL",2021,0,0,0
"844","CCC003","RIBMAL",2022,0,0,0
"845","CCC003","SYMALB",2021,0,0,0
"846","CCC003","SYMALB",2022,0,0,0
"847","CCC003","SYMMOL",2021,0,0,0
"848","CCC003","SYMMOL",2022,0,0,0
"849","CCC003","TOXDIV",2021,0,0,0
"850","CCC003","TOXDIV",2022,0,0,0
"851","CCC005","ADFA",2021,0.4,2,100
"852","CCC005","ADFA",2022,3.8,19,950
"853","CCC005","ARCMAN",2021,0,0,0
"854","CCC005","ARCMAN",2022,0,0,0
"855","CCC005","CEACUN",2021,0,0,0
"856","CCC005","CEACUN",2022,0.4,2,100
"857","CCC005","CEAOLI",2021,0,0,0
"858","CCC005","CEAOLI",2022,0,0,0
"859","CCC005","CERBET",2021,0,0,0
"860","CCC005","CERBET",2022,0,0,0
"861","CCC005","ERICAL",2021,0.6,3,150
"862","CCC005","ERICAL",2022,0.4,2,100
"863","CCC005","ERINUD",2021,0,0,0
"864","CCC005","ERINUD",2022,0,0,0
"865","CCC005","HEAR",2021,0,0,0
"866","CCC005","HEAR",2022,0,0,0
"867","CCC005","HOLDIS",2021,0,0,0
"868","CCC005","HOLDIS",2022,0,0,0
"869","CCC005","LEPCAL",2021,0.2,1,50
"870","CCC005","LEPCAL",2022,0.6,3,150
"871","CCC005","MIMAUR",2021,0,0,0
"872","CCC005","MIMAUR",2022,0,0,0
"873","CCC005","QUEBER",2021,0,0,0
"874","CCC005","QUEBER",2022,0,0,0
"875","CCC005","RHAILI",2021,0,0,0
"876","CCC005","RHAILI",2022,0,0,0
"877","CCC005","RIBMAL",2021,0,0,0
"878","CCC005","RIBMAL",2022,0,0,0
"879","CCC005","SYMALB",2021,0,0,0
"880","CCC005","SYMALB",2022,0,0,0
"881","CCC005","SYMMOL",2021,0,0,0
"882","CCC005","SYMMOL",2022,0,0,0
"883","CCC005","TOXDIV",2021,0,0,0
"884","CCC005","TOXDIV",2022,0,0,0
"885","CCC006","ADFA",2021,0,0,0
"886","CCC006","ADFA",2022,0,0,0
"887","CCC006","ARCMAN",2021,0,0,0
"888","CCC006","ARCMAN",2022,0,0,0
"889","CCC006","CEACUN",2021,1.2,6,300
"890","CCC006","CEACUN",2022,0.6,3,150
"891","CCC006","CEAOLI",2021,0,0,0
"892","CCC006","CEAOLI",2022,0,0,0
"893","CCC006","CERBET",2021,0,0,0
"894","CCC006","CERBET",2022,0,0,0
"895","CCC006","ERICAL",2021,0,0,0
"896","CCC006","ERICAL",2022,0.2,1,50
"897","CCC006","ERINUD",2021,0,0,0
"898","CCC006","ERINUD",2022,0,0,0
"899","CCC006","HEAR",2021,0,0,0
"900","CCC006","HEAR",2022,0,0,0
"901","CCC006","HOLDIS",2021,0,0,0
"902","CCC006","HOLDIS",2022,0,0,0
"903","CCC006","LEPCAL",2021,0,0,0
"904","CCC006","LEPCAL",2022,0,0,0
"905","CCC006","MIMAUR",2021,0,0,0
"906","CCC006","MIMAUR",2022,0,0,0
"907","CCC006","QUEBER",2021,0,0,0
"908","CCC006","QUEBER",2022,0,0,0
"909","CCC006","RHAILI",2021,0,0,0
"910","CCC006","RHAILI",2022,0,0,0
"911","CCC006","RIBMAL",2021,0,0,0
"912","CCC006","RIBMAL",2022,0,0,0
"913","CCC006","SYMALB",2021,0,0,0
"914","CCC006","SYMALB",2022,0,0,0
"915","CCC006","SYMMOL",2021,0,0,0
"916","CCC006","SYMMOL",2022,0,0,0
"917","CCC006","TOXDIV",2021,0,0,0
"918","CCC006","TOXDIV",2022,0,0,0
"919","CCC008","ADFA",2021,0.2,1,50
"920","CCC008","ADFA",2022,0.6,3,150
"921","CCC008","ARCMAN",2021,0,0,0
"922","CCC008","ARCMAN",2022,0,0,0
"923","CCC008","CEACUN",2021,0,0,0
"924","CCC008","CEACUN",2022,0,0,0
"925","CCC008","CEAOLI",2021,0,0,0
"926","CCC008","CEAOLI",2022,0,0,0
"927","CCC008","CERBET",2021,0,0,0
"928","CCC008","CERBET",2022,0,0,0
"929","CCC008","ERICAL",2021,0,0,0
"930","CCC008","ERICAL",2022,0.4,2,100
"931","CCC008","ERINUD",2021,0,0,0
"932","CCC008","ERINUD",2022,0,0,0
"933","CCC008","HEAR",2021,0,0,0
"934","CCC008","HEAR",2022,0,0,0
"935","CCC008","HOLDIS",2021,0,0,0
"936","CCC008","HOLDIS",2022,0,0,0
"937","CCC008","LEPCAL",2021,0,0,0
"938","CCC008","LEPCAL",2022,0,0,0
"939","CCC008","MIMAUR",2021,0,0,0
"940","CCC008","MIMAUR",2022,0,0,0
"941","CCC008","QUEBER",2021,0,0,0
"942","CCC008","QUEBER",2022,0,0,0
"943","CCC008","RHAILI",2021,0,0,0
"944","CCC008","RHAILI",2022,0,0,0
"945","CCC008","RIBMAL",2021,0,0,0
"946","CCC008","RIBMAL",2022,0,0,0
"947","CCC008","SYMALB",2021,0,0,0
"948","CCC008","SYMALB",2022,0,0,0
"949","CCC008","SYMMOL",2021,0,0,0
"950","CCC008","SYMMOL",2022,0,0,0
"951","CCC008","TOXDIV",2021,0,0,0
"952","CCC008","TOXDIV",2022,0,0,0
"953","CCC009","ADFA",2021,0,0,0
"954","CCC009","ADFA",2022,0,0,0
"955","CCC009","ARCMAN",2021,0,0,0
"956","CCC009","ARCMAN",2022,0,0,0
"957","CCC009","CEACUN",2021,0,0,0
"958","CCC009","CEACUN",2022,0,0,0
"959","CCC009","CEAOLI",2021,0,0,0
"960","CCC009","CEAOLI",2022,0,0,0
"961","CCC009","CERBET",2021,0,0,0
"962","CCC009","CERBET",2022,0,0,0
"963","CCC009","ERICAL",2021,0,0,0
"964","CCC009","ERICAL",2022,0.4,2,100
"965","CCC009","ERINUD",2021,0,0,0
"966","CCC009","ERINUD",2022,0,0,0
"967","CCC009","HEAR",2021,0,0,0
"968","CCC009","HEAR",2022,0,0,0
"969","CCC009","HOLDIS",2021,0,0,0
"970","CCC009","HOLDIS",2022,0,0,0
"971","CCC009","LEPCAL",2021,0,0,0
"972","CCC009","LEPCAL",2022,0,0,0
"973","CCC009","MIMAUR",2021,0,0,0
"974","CCC009","MIMAUR",2022,0,0,0
"975","CCC009","QUEBER",2021,0,0,0
"976","CCC009","QUEBER",2022,0,0,0
"977","CCC009","RHAILI",2021,0,0,0
"978","CCC009","RHAILI",2022,0,0,0
"979","CCC009","RIBMAL",2021,0,0,0
"980","CCC009","RIBMAL",2022,0,0,0
"981","CCC009","SYMALB",2021,0,0,0
"982","CCC009","SYMALB",2022,0,0,0
"983","CCC009","SYMMOL",2021,0,0,0
"984","CCC009","SYMMOL",2022,0,0,0
"985","CCC009","TOXDIV",2021,0,0,0
"986","CCC009","TOXDIV",2022,0,0,0
"987","COL007","ADFA",2021,0,0,0
"988","COL007","ADFA",2022,0,0,0
"989","COL007","ARCMAN",2021,0,0,0
"990","COL007","ARCMAN",2022,0,0,0
"991","COL007","CEACUN",2021,0,0,0
"992","COL007","CEACUN",2022,0,0,0
"993","COL007","CEAOLI",2021,0,0,0
"994","COL007","CEAOLI",2022,0,0,0
"995","COL007","CERBET",2021,0,0,0
"996","COL007","CERBET",2022,0,0,0
"997","COL007","ERICAL",2021,0,0,0
"998","COL007","ERICAL",2022,0.4,2,100
"999","COL007","ERINUD",2021,0,0,0
"1000","COL007","ERINUD",2022,0,0,0
"1001","COL007","HEAR",2021,0,0,0
"1002","COL007","HEAR",2022,0,0,0
"1003","COL007","HOLDIS",2021,0,0,0
"1004","COL007","HOLDIS",2022,0,0,0
"1005","COL007","LEPCAL",2021,0,0,0
"1006","COL007","LEPCAL",2022,0.2,1,50
"1007","COL007","MIMAUR",2021,0,0,0
"1008","COL007","MIMAUR",2022,0,0,0
"1009","COL007","QUEBER",2021,0,0,0
"1010","COL007","QUEBER",2022,0,0,0
"1011","COL007","RHAILI",2021,0,0,0
"1012","COL007","RHAILI",2022,0,0,0
"1013","COL007","RIBMAL",2021,0,0,0
"1014","COL007","RIBMAL",2022,0,0,0
"1015","COL007","SYMALB",2021,0,0,0
"1016","COL007","SYMALB",2022,0,0,0
"1017","COL007","SYMMOL",2021,0,0,0
"1018","COL007","SYMMOL",2022,0,0,0
"1019","COL007","TOXDIV",2021,0,0,0
"1020","COL007","TOXDIV",2022,0,0,0
"1021","COL012","ADFA",2021,0,0,0
"1022","COL012","ADFA",2022,0,0,0
"1023","COL012","ARCMAN",2021,0,0,0
"1024","COL012","ARCMAN",2022,0,0,0
"1025","COL012","CEACUN",2021,0,0,0
"1026","COL012","CEACUN",2022,0,0,0
"1027","COL012","CEAOLI",2021,0,0,0
"1028","COL012","CEAOLI",2022,0,0,0
"1029","COL012","CERBET",2021,0,0,0
"1030","COL012","CERBET",2022,0,0,0
"1031","COL012","ERICAL",2021,1.6,8,400
"1032","COL012","ERICAL",2022,1.6,8,400
"1033","COL012","ERINUD",2021,0,0,0
"1034","COL012","ERINUD",2022,0,0,0
"1035","COL012","HEAR",2021,0,0,0
"1036","COL012","HEAR",2022,0,0,0
"1037","COL012","HOLDIS",2021,0,0,0
"1038","COL012","HOLDIS",2022,0,0,0
"1039","COL012","LEPCAL",2021,0,0,0
"1040","COL012","LEPCAL",2022,0,0,0
"1041","COL012","MIMAUR",2021,0,0,0
"1042","COL012","MIMAUR",2022,0,0,0
"1043","COL012","QUEBER",2021,0,0,0
"1044","COL012","QUEBER",2022,0,0,0
"1045","COL012","RHAILI",2021,0,0,0
"1046","COL012","RHAILI",2022,0,0,0
"1047","COL012","RIBMAL",2021,0,0,0
"1048","COL012","RIBMAL",2022,0,0,0
"1049","COL012","SYMALB",2021,0,0,0
"1050","COL012","SYMALB",2022,0,0,0
"1051","COL012","SYMMOL",2021,0,0,0
"1052","COL012","SYMMOL",2022,0,0,0
"1053","COL012","TOXDIV",2021,0,0,0
"1054","COL012","TOXDIV",2022,0,0,0
"1055","QUA004","ADFA",2021,0,0,0
"1056","QUA004","ADFA",2022,0.4,2,100
"1057","QUA004","ARCMAN",2021,0,0,0
"1058","QUA004","ARCMAN",2022,0,0,0
"1059","QUA004","CEACUN",2021,0.2,1,50
"1060","QUA004","CEACUN",2022,0.2,1,50
"1061","QUA004","CEAOLI",2021,0,0,0
"1062","QUA004","CEAOLI",2022,0,0,0
"1063","QUA004","CERBET",2021,0,0,0
"1064","QUA004","CERBET",2022,0,0,0
"1065","QUA004","ERICAL",2021,0,0,0
"1066","QUA004","ERICAL",2022,0,0,0
"1067","QUA004","ERINUD",2021,0,0,0
"1068","QUA004","ERINUD",2022,0,0,0
"1069","QUA004","HEAR",2021,0,0,0
"1070","QUA004","HEAR",2022,0,0,0
"1071","QUA004","HOLDIS",2021,0,0,0
"1072","QUA004","HOLDIS",2022,0,0,0
"1073","QUA004","LEPCAL",2021,0,0,0
"1074","QUA004","LEPCAL",2022,0,0,0
"1075","QUA004","MIMAUR",2021,0,0,0
"1076","QUA004","MIMAUR",2022,0,0,0
"1077","QUA004","QUEBER",2021,0,0,0
"1078","QUA004","QUEBER",2022,0,0,0
"1079","QUA004","RHAILI",2021,0,0,0
"1080","QUA004","RHAILI",2022,0,0,0
"1081","QUA004","RIBMAL",2021,0,0,0
"1082","QUA004","RIBMAL",2022,0,0,0
"1083","QUA004","SYMALB",2021,0,0,0
"1084","QUA004","SYMALB",2022,0,0,0
"1085","QUA004","SYMMOL",2021,0,0,0
"1086","QUA004","SYMMOL",2022,0,0,0
"1087","QUA004","TOXDIV",2021,0,0,0
"1088","QUA004","TOXDIV",2022,0,0,0
"1089","QUA009","ADFA",2021,1.4,7,350
"1090","QUA009","ADFA",2022,3.6,18,900
"1091","QUA009","ARCMAN",2021,0,0,0
"1092","QUA009","ARCMAN",2022,0,0,0
"1093","QUA009","CEACUN",2021,0,0,0
"1094","QUA009","CEACUN",2022,0,0,0
"1095","QUA009","CEAOLI",2021,0,0,0
"1096","QUA009","CEAOLI",2022,0,0,0
"1097","QUA009","CERBET",2021,0,0,0
"1098","QUA009","CERBET",2022,0,0,0
"1099","QUA009","ERICAL",2021,0,0,0
"1100","QUA009","ERICAL",2022,0,0,0
"1101","QUA009","ERINUD",2021,0,0,0
"1102","QUA009","ERINUD",2022,0,0,0
"1103","QUA009","HEAR",2021,0,0,0
"1104","QUA009","HEAR",2022,0,0,0
"1105","QUA009","HOLDIS",2021,0,0,0
"1106","QUA009","HOLDIS",2022,0,0,0
"1107","QUA009","LEPCAL",2021,0,0,0
"1108","QUA009","LEPCAL",2022,0,0,0
"1109","QUA009","MIMAUR",2021,0,0,0
"1110","QUA009","MIMAUR",2022,0,0,0
"1111","QUA009","QUEBER",2021,0,0,0
"1112","QUA009","QUEBER",2022,0,0,0
"1113","QUA009","RHAILI",2021,0,0,0
"1114","QUA009","RHAILI",2022,0,0,0
"1115","QUA009","RIBMAL",2021,0,0,0
"1116","QUA009","RIBMAL",2022,0,0,0
"1117","QUA009","SYMALB",2021,0,0,0
"1118","QUA009","SYMALB",2022,0,0,0
"1119","QUA009","SYMMOL",2021,0,0,0
"1120","QUA009","SYMMOL",2022,0,0,0
"1121","QUA009","TOXDIV",2021,0,0,0
"1122","QUA009","TOXDIV",2022,0,0,0
"1123","QUA010","ADFA",2021,3.6,18,900
"1124","QUA010","ADFA",2022,0.4,2,100
"1125","QUA010","ARCMAN",2021,0,0,0
"1126","QUA010","ARCMAN",2022,0,0,0
"1127","QUA010","CEACUN",2021,0,0,0
"1128","QUA010","CEACUN",2022,0,0,0
"1129","QUA010","CEAOLI",2021,0,0,0
"1130","QUA010","CEAOLI",2022,0,0,0
"1131","QUA010","CERBET",2021,0,0,0
"1132","QUA010","CERBET",2022,0,0,0
"1133","QUA010","ERICAL",2021,0,0,0
"1134","QUA010","ERICAL",2022,0,0,0
"1135","QUA010","ERINUD",2021,0,0,0
"1136","QUA010","ERINUD",2022,0,0,0
"1137","QUA010","HEAR",2021,0,0,0
"1138","QUA010","HEAR",2022,0,0,0
"1139","QUA010","HOLDIS",2021,0,0,0
"1140","QUA010","HOLDIS",2022,0,0,0
"1141","QUA010","LEPCAL",2021,0,0,0
"1142","QUA010","LEPCAL",2022,0,0,0
"1143","QUA010","MIMAUR",2021,0,0,0
"1144","QUA010","MIMAUR",2022,0,0,0
"1145","QUA010","QUEBER",2021,0,0,0
"1146","QUA010","QUEBER",2022,0,0,0
"1147","QUA010","RHAILI",2021,0,0,0
"1148","QUA010","RHAILI",2022,0,0,0
"1149","QUA010","RIBMAL",2021,0,0,0
"1150","QUA010","RIBMAL",2022,0,0,0
"1151","QUA010","SYMALB",2021,0,0,0
"1152","QUA010","SYMALB",2022,0,0,0
"1153","QUA010","SYMMOL",2021,0,0,0
"1154","QUA010","SYMMOL",2022,0,0,0
"1155","QUA010","TOXDIV",2021,0,0,0
"1156","QUA010","TOXDIV",2022,0,0,0
"1157","QUA011","ADFA",2021,0.8,4,200
"1158","QUA011","ADFA",2022,6,30,1500
"1159","QUA011","ARCMAN",2021,0,0,0
"1160","QUA011","ARCMAN",2022,0,0,0
"1161","QUA011","CEACUN",2021,0,0,0
"1162","QUA011","CEACUN",2022,0,0,0
"1163","QUA011","CEAOLI",2021,0,0,0
"1164","QUA011","CEAOLI",2022,0,0,0
"1165","QUA011","CERBET",2021,0,0,0
"1166","QUA011","CERBET",2022,0,0,0
"1167","QUA011","ERICAL",2021,0,0,0
"1168","QUA011","ERICAL",2022,0,0,0
"1169","QUA011","ERINUD",2021,0,0,0
"1170","QUA011","ERINUD",2022,0,0,0
"1171","QUA011","HEAR",2021,0,0,0
"1172","QUA011","HEAR",2022,0,0,0
"1173","QUA011","HOLDIS",2021,0,0,0
"1174","QUA011","HOLDIS",2022,0,0,0
"1175","QUA011","LEPCAL",2021,0,0,0
"1176","QUA011","LEPCAL",2022,0,0,0
"1177","QUA011","MIMAUR",2021,0,0,0
"1178","QUA011","MIMAUR",2022,0,0,0
"1179","QUA011","QUEBER",2021,0,0,0
"1180","QUA011","QUEBER",2022,0,0,0
"1181","QUA011","RHAILI",2021,0,0,0
"1182","QUA011","RHAILI",2022,0,0,0
"1183","QUA011","RIBMAL",2021,0,0,0
"1184","QUA011","RIBMAL",2022,0,0,0
"1185","QUA011","SYMALB",2021,0,0,0
"1186","QUA011","SYMALB",2022,0,0,0
"1187","QUA011","SYMMOL",2021,0,0,0
"1188","QUA011","SYMMOL",2022,0,0,0
"1189","QUA011","TOXDIV",2021,0,0,0
"1190","QUA011","TOXDIV",2022,0,0,0
"1191","QUA015","ADFA",2021,3.4,17,850
"1192","QUA015","ADFA",2022,1.2,6,300
"1193","QUA015","ARCMAN",2021,0,0,0
"1194","QUA015","ARCMAN",2022,0,0,0
"1195","QUA015","CEACUN",2021,0.2,1,50
"1196","QUA015","CEACUN",2022,0.8,4,200
"1197","QUA015","CEAOLI",2021,0,0,0
"1198","QUA015","CEAOLI",2022,0,0,0
"1199","QUA015","CERBET",2021,0.2,1,50
"1200","QUA015","CERBET",2022,0,0,0
"1201","QUA015","ERICAL",2021,0,0,0
"1202","QUA015","ERICAL",2022,1,5,250
"1203","QUA015","ERINUD",2021,0,0,0
"1204","QUA015","ERINUD",2022,0,0,0
"1205","QUA015","HEAR",2021,0,0,0
"1206","QUA015","HEAR",2022,0,0,0
"1207","QUA015","HOLDIS",2021,0,0,0
"1208","QUA015","HOLDIS",2022,0,0,0
"1209","QUA015","LEPCAL",2021,0,0,0
"1210","QUA015","LEPCAL",2022,0,0,0
"1211","QUA015","MIMAUR",2021,0,0,0
"1212","QUA015","MIMAUR",2022,0.2,1,50
"1213","QUA015","QUEBER",2021,0,0,0
"1214","QUA015","QUEBER",2022,0,0,0
"1215","QUA015","RHAILI",2021,0,0,0
"1216","QUA015","RHAILI",2022,0,0,0
"1217","QUA015","RIBMAL",2021,0,0,0
"1218","QUA015","RIBMAL",2022,0,0,0
"1219","QUA015","SYMALB",2021,0,0,0
"1220","QUA015","SYMALB",2022,0,0,0
"1221","QUA015","SYMMOL",2021,0,0,0
"1222","QUA015","SYMMOL",2022,0,0,0
"1223","QUA015","TOXDIV",2021,0,0,0
"1224","QUA015","TOXDIV",2022,0,0,0
"1225","QUA016","ADFA",2021,1,5,250
"1226","QUA016","ADFA",2022,0,0,0
"1227","QUA016","ARCMAN",2021,0,0,0
"1228","QUA016","ARCMAN",2022,0,0,0
"1229","QUA016","CEACUN",2021,1.2,6,300
"1230","QUA016","CEACUN",2022,0,0,0
"1231","QUA016","CEAOLI",2021,0,0,0
"1232","QUA016","CEAOLI",2022,1.8,9,450
"1233","QUA016","CERBET",2021,0,0,0
"1234","QUA016","CERBET",2022,0,0,0
"1235","QUA016","ERICAL",2021,0,0,0
"1236","QUA016","ERICAL",2022,0,0,0
"1237","QUA016","ERINUD",2021,0,0,0
"1238","QUA016","ERINUD",2022,0,0,0
"1239","QUA016","HEAR",2021,0,0,0
"1240","QUA016","HEAR",2022,0,0,0
"1241","QUA016","HOLDIS",2021,0,0,0
"1242","QUA016","HOLDIS",2022,0,0,0
"1243","QUA016","LEPCAL",2021,0.8,4,200
"1244","QUA016","LEPCAL",2022,0.4,2,100
"1245","QUA016","MIMAUR",2021,0,0,0
"1246","QUA016","MIMAUR",2022,0.4,2,100
"1247","QUA016","QUEBER",2021,0,0,0
"1248","QUA016","QUEBER",2022,0,0,0
"1249","QUA016","RHAILI",2021,0,0,0
"1250","QUA016","RHAILI",2022,0,0,0
"1251","QUA016","RIBMAL",2021,0,0,0
"1252","QUA016","RIBMAL",2022,0,0,0
"1253","QUA016","SYMALB",2021,0,0,0
"1254","QUA016","SYMALB",2022,0,0,0
"1255","QUA016","SYMMOL",2021,0,0,0
"1256","QUA016","SYMMOL",2022,0,0,0
"1257","QUA016","TOXDIV",2021,0,0,0
"1258","QUA016","TOXDIV",2022,0,0,0
"1259","QUA020","ADFA",2021,6.4,32,1600
"1260","QUA020","ADFA",2022,1.2,6,300
"1261","QUA020","ARCMAN",2021,0,0,0
"1262","QUA020","ARCMAN",2022,0,0,0
"1263","QUA020","CEACUN",2021,3.8,19,950
"1264","QUA020","CEACUN",2022,0.6,3,150
"1265","QUA020","CEAOLI",2021,0,0,0
"1266","QUA020","CEAOLI",2022,0,0,0
"1267","QUA020","CERBET",2021,0.4,2,100
"1268","QUA020","CERBET",2022,0,0,0
"1269","QUA020","ERICAL",2021,0,0,0
"1270","QUA020","ERICAL",2022,0,0,0
"1271","QUA020","ERINUD",2021,0,0,0
"1272","QUA020","ERINUD",2022,0,0,0
"1273","QUA020","HEAR",2021,0,0,0
"1274","QUA020","HEAR",2022,0,0,0
"1275","QUA020","HOLDIS",2021,0,0,0
"1276","QUA020","HOLDIS",2022,0,0,0
"1277","QUA020","LEPCAL",2021,0,0,0
"1278","QUA020","LEPCAL",2022,0,0,0
"1279","QUA020","MIMAUR",2021,0,0,0
"1280","QUA020","MIMAUR",2022,0,0,0
"1281","QUA020","QUEBER",2021,0,0,0
"1282","QUA020","QUEBER",2022,0,0,0
"1283","QUA020","RHAILI",2021,0,0,0
"1284","QUA020","RHAILI",2022,0,0,0
"1285","QUA020","RIBMAL",2021,0,0,0
"1286","QUA020","RIBMAL",2022,0,0,0
"1287","QUA020","SYMALB",2021,0,0,0
"1288","QUA020","SYMALB",2022,0,0,0
"1289","QUA020","SYMMOL",2021,0,0,0
"1290","QUA020","SYMMOL",2022,0,0,0
"1291","QUA020","TOXDIV",2021,0.2,1,50
"1292","QUA020","TOXDIV",2022,0,0,0
"1293","QUA024","ADFA",2021,0,0,0
"1294","QUA024","ADFA",2022,0,0,0
"1295","QUA024","ARCMAN",2021,0,0,0
"1296","QUA024","ARCMAN",2022,0,0,0
"1297","QUA024","CEACUN",2021,0,0,0
"1298","QUA024","CEACUN",2022,0,0,0
"1299","QUA024","CEAOLI",2021,0,0,0
"1300","QUA024","CEAOLI",2022,0,0,0
"1301","QUA024","CERBET",2021,0,0,0
"1302","QUA024","CERBET",2022,0,0,0
"1303","QUA024","ERICAL",2021,0,0,0
"1304","QUA024","ERICAL",2022,0,0,0
"1305","QUA024","ERINUD",2021,0,0,0
"1306","QUA024","ERINUD",2022,0,0,0
"1307","QUA024","HEAR",2021,0,0,0
"1308","QUA024","HEAR",2022,0,0,0
"1309","QUA024","HOLDIS",2021,0,0,0
"1310","QUA024","HOLDIS",2022,0,0,0
"1311","QUA024","LEPCAL",2021,0,0,0
"1312","QUA024","LEPCAL",2022,0.2,1,50
"1313","QUA024","MIMAUR",2021,0,0,0
"1314","QUA024","MIMAUR",2022,0,0,0
"1315","QUA024","QUEBER",2021,0,0,0
"1316","QUA024","QUEBER",2022,0,0,0
"1317","QUA024","RHAILI",2021,0,0,0
"1318","QUA024","RHAILI",2022,0,0,0
"1319","QUA024","RIBMAL",2021,0,0,0
"1320","QUA024","RIBMAL",2022,0,0,0
"1321","QUA024","SYMALB",2021,0,0,0
"1322","QUA024","SYMALB",2022,0,0,0
"1323","QUA024","SYMMOL",2021,0,0,0
"1324","QUA024","SYMMOL",2022,0,0,0
"1325","QUA024","TOXDIV",2021,0,0,0
"1326","QUA024","TOXDIV",2022,0,0,0
"1327","QUA025","ADFA",2021,0,0,0
"1328","QUA025","ADFA",2022,2.4,12,600
"1329","QUA025","ARCMAN",2021,0,0,0
"1330","QUA025","ARCMAN",2022,0,0,0
"1331","QUA025","CEACUN",2021,0,0,0
"1332","QUA025","CEACUN",2022,0,0,0
"1333","QUA025","CEAOLI",2021,0,0,0
"1334","QUA025","CEAOLI",2022,0,0,0
"1335","QUA025","CERBET",2021,0,0,0
"1336","QUA025","CERBET",2022,0,0,0
"1337","QUA025","ERICAL",2021,0,0,0
"1338","QUA025","ERICAL",2022,0,0,0
"1339","QUA025","ERINUD",2021,0,0,0
"1340","QUA025","ERINUD",2022,0,0,0
"1341","QUA025","HEAR",2021,0,0,0
"1342","QUA025","HEAR",2022,0,0,0
"1343","QUA025","HOLDIS",2021,0,0,0
"1344","QUA025","HOLDIS",2022,0,0,0
"1345","QUA025","LEPCAL",2021,0,0,0
"1346","QUA025","LEPCAL",2022,0.2,1,50
"1347","QUA025","MIMAUR",2021,0,0,0
"1348","QUA025","MIMAUR",2022,0,0,0
"1349","QUA025","QUEBER",2021,0,0,0
"1350","QUA025","QUEBER",2022,0,0,0
"1351","QUA025","RHAILI",2021,0,0,0
"1352","QUA025","RHAILI",2022,0,0,0
"1353","QUA025","RIBMAL",2021,0,0,0
"1354","QUA025","RIBMAL",2022,0,0,0
"1355","QUA025","SYMALB",2021,0,0,0
"1356","QUA025","SYMALB",2022,0,0,0
"1357","QUA025","SYMMOL",2021,0,0,0
"1358","QUA025","SYMMOL",2022,0,0,0
"1359","QUA025","TOXDIV",2021,0,0,0
"1360","QUA025","TOXDIV",2022,0,0,0
"1361","BOB008","ADFA",2021,0,0,0
"1362","BOB008","ADFA",2022,0,0,0
"1363","BOB008","ARCMAN",2021,0,0,0
"1364","BOB008","ARCMAN",2022,0,0,0
"1365","BOB008","CEACUN",2021,0,0,0
"1366","BOB008","CEACUN",2022,0,0,0
"1367","BOB008","CEAOLI",2021,0,0,0
"1368","BOB008","CEAOLI",2022,0,0,0
"1369","BOB008","CERBET",2021,0,0,0
"1370","BOB008","CERBET",2022,0,0,0
"1371","BOB008","ERICAL",2021,0,0,0
"1372","BOB008","ERICAL",2022,0,0,0
"1373","BOB008","ERINUD",2021,0,0,0
"1374","BOB008","ERINUD",2022,0,0,0
"1375","BOB008","HEAR",2021,0,0,0
"1376","BOB008","HEAR",2022,0,0,0
"1377","BOB008","HOLDIS",2021,0,0,0
"1378","BOB008","HOLDIS",2022,0,0,0
"1379","BOB008","LEPCAL",2021,0,0,0
"1380","BOB008","LEPCAL",2022,0,0,0
"1381","BOB008","MIMAUR",2021,0,0,0
"1382","BOB008","MIMAUR",2022,0,0,0
"1383","BOB008","QUEBER",2021,0,0,0
"1384","BOB008","QUEBER",2022,0,0,0
"1385","BOB008","RHAILI",2021,0,0,0
"1386","BOB008","RHAILI",2022,0,0,0
"1387","BOB008","RIBMAL",2021,0,0,0
"1388","BOB008","RIBMAL",2022,0,0,0
"1389","BOB008","SYMALB",2021,0,0,0
"1390","BOB008","SYMALB",2022,0,0,0
"1391","BOB008","SYMMOL",2021,0,0,0
"1392","BOB008","SYMMOL",2022,0,0,0
"1393","BOB008","TOXDIV",2021,0,0,0
"1394","BOB008","TOXDIV",2022,0,0,0
"1395","BOB013","ADFA",2021,0,0,0
"1396","BOB013","ADFA",2022,0,0,0
"1397","BOB013","ARCMAN",2021,0,0,0
"1398","BOB013","ARCMAN",2022,0,0,0
"1399","BOB013","CEACUN",2021,0,0,0
"1400","BOB013","CEACUN",2022,0,0,0
"1401","BOB013","CEAOLI",2021,0,0,0
"1402","BOB013","CEAOLI",2022,0,0,0
"1403","BOB013","CERBET",2021,0,0,0
"1404","BOB013","CERBET",2022,0,0,0
"1405","BOB013","ERICAL",2021,0,0,0
"1406","BOB013","ERICAL",2022,0,0,0
"1407","BOB013","ERINUD",2021,0,0,0
"1408","BOB013","ERINUD",2022,0,0,0
"1409","BOB013","HEAR",2021,0,0,0
"1410","BOB013","HEAR",2022,0,0,0
"1411","BOB013","HOLDIS",2021,0,0,0
"1412","BOB013","HOLDIS",2022,0,0,0
"1413","BOB013","LEPCAL",2021,0,0,0
"1414","BOB013","LEPCAL",2022,0,0,0
"1415","BOB013","MIMAUR",2021,0,0,0
"1416","BOB013","MIMAUR",2022,0,0,0
"1417","BOB013","QUEBER",2021,0,0,0
"1418","BOB013","QUEBER",2022,0,0,0
"1419","BOB013","RHAILI",2021,0,0,0
"1420","BOB013","RHAILI",2022,0,0,0
"1421","BOB013","RIBMAL",2021,0,0,0
"1422","BOB013","RIBMAL",2022,0,0,0
"1423","BOB013","SYMALB",2021,0,0,0
"1424","BOB013","SYMALB",2022,0,0,0
"1425","BOB013","SYMMOL",2021,0,0,0
"1426","BOB013","SYMMOL",2022,0,0,0
"1427","BOB013","TOXDIV",2021,0,0,0
"1428","BOB013","TOXDIV",2022,0,0,0
"1429","BOB015","ADFA",2021,0,0,0
"1430","BOB015","ADFA",2022,0,0,0
"1431","BOB015","ARCMAN",2021,0,0,0
"1432","BOB015","ARCMAN",2022,0,0,0
"1433","BOB015","CEACUN",2021,0,0,0
"1434","BOB015","CEACUN",2022,0,0,0
"1435","BOB015","CEAOLI",2021,0,0,0
"1436","BOB015","CEAOLI",2022,0,0,0
"1437","BOB015","CERBET",2021,0,0,0
"1438","BOB015","CERBET",2022,0,0,0
"1439","BOB015","ERICAL",2021,0,0,0
"1440","BOB015","ERICAL",2022,0.4,2,100
"1441","BOB015","ERINUD",2021,0,0,0
"1442","BOB015","ERINUD",2022,0,0,0
"1443","BOB015","HEAR",2021,0,0,0
"1444","BOB015","HEAR",2022,0,0,0
"1445","BOB015","HOLDIS",2021,0,0,0
"1446","BOB015","HOLDIS",2022,0,0,0
"1447","BOB015","LEPCAL",2021,0,0,0
"1448","BOB015","LEPCAL",2022,0.2,1,50
"1449","BOB015","MIMAUR",2021,0,0,0
"1450","BOB015","MIMAUR",2022,0,0,0
"1451","BOB015","QUEBER",2021,0,0,0
"1452","BOB015","QUEBER",2022,0,0,0
"1453","BOB015","RHAILI",2021,0,0,0
"1454","BOB015","RHAILI",2022,0,0,0
"1455","BOB015","RIBMAL",2021,0,0,0
"1456","BOB015","RIBMAL",2022,0,0,0
"1457","BOB015","SYMALB",2021,0,0,0
"1458","BOB015","SYMALB",2022,0,0,0
"1459","BOB015","SYMMOL",2021,0,0,0
"1460","BOB015","SYMMOL",2022,0,0,0
"1461","BOB015","TOXDIV",2021,0,0,0
"1462","BOB015","TOXDIV",2022,0,0,0
"1463","BOB019","ADFA",2021,0,0,0
"1464","BOB019","ADFA",2022,0,0,0
"1465","BOB019","ARCMAN",2021,0,0,0
"1466","BOB019","ARCMAN",2022,0,0,0
"1467","BOB019","CEACUN",2021,0,0,0
"1468","BOB019","CEACUN",2022,0,0,0
"1469","BOB019","CEAOLI",2021,0,0,0
"1470","BOB019","CEAOLI",2022,0,0,0
"1471","BOB019","CERBET",2021,0,0,0
"1472","BOB019","CERBET",2022,0,0,0
"1473","BOB019","ERICAL",2021,0,0,0
"1474","BOB019","ERICAL",2022,0,0,0
"1475","BOB019","ERINUD",2021,0,0,0
"1476","BOB019","ERINUD",2022,0,0,0
"1477","BOB019","HEAR",2021,0,0,0
"1478","BOB019","HEAR",2022,0,0,0
"1479","BOB019","HOLDIS",2021,0,0,0
"1480","BOB019","HOLDIS",2022,0,0,0
"1481","BOB019","LEPCAL",2021,0,0,0
"1482","BOB019","LEPCAL",2022,8.6,43,2150
"1483","BOB019","MIMAUR",2021,0,0,0
"1484","BOB019","MIMAUR",2022,0,0,0
"1485","BOB019","QUEBER",2021,0,0,0
"1486","BOB019","QUEBER",2022,0,0,0
"1487","BOB019","RHAILI",2021,0,0,0
"1488","BOB019","RHAILI",2022,0,0,0
"1489","BOB019","RIBMAL",2021,0,0,0
"1490","BOB019","RIBMAL",2022,0,0,0
"1491","BOB019","SYMALB",2021,0,0,0
"1492","BOB019","SYMALB",2022,0,0,0
"1493","BOB019","SYMMOL",2021,0,0,0
"1494","BOB019","SYMMOL",2022,0,0,0
"1495","BOB019","TOXDIV",2021,0,0,0
"1496","BOB019","TOXDIV",2022,0,0,0
"1497","CCC007","ADFA",2021,0,0,0
"1498","CCC007","ADFA",2022,0,0,0
"1499","CCC007","ARCMAN",2021,0,0,0
"1500","CCC007","ARCMAN",2022,0,0,0
"1501","CCC007","CEACUN",2021,0,0,0
"1502","CCC007","CEACUN",2022,0,0,0
"1503","CCC007","CEAOLI",2021,0,0,0
"1504","CCC007","CEAOLI",2022,0,0,0
"1505","CCC007","CERBET",2021,0,0,0
"1506","CCC007","CERBET",2022,0,0,0
"1507","CCC007","ERICAL",2021,0,0,0
"1508","CCC007","ERICAL",2022,0.6,3,150
"1509","CCC007","ERINUD",2021,0,0,0
"1510","CCC007","ERINUD",2022,0,0,0
"1511","CCC007","HEAR",2021,0,0,0
"1512","CCC007","HEAR",2022,0,0,0
"1513","CCC007","HOLDIS",2021,0,0,0
"1514","CCC007","HOLDIS",2022,0,0,0
"1515","CCC007","LEPCAL",2021,0,0,0
"1516","CCC007","LEPCAL",2022,0,0,0
"1517","CCC007","MIMAUR",2021,0,0,0
"1518","CCC007","MIMAUR",2022,0,0,0
"1519","CCC007","QUEBER",2021,0,0,0
"1520","CCC007","QUEBER",2022,0,0,0
"1521","CCC007","RHAILI",2021,0,0,0
"1522","CCC007","RHAILI",2022,0,0,0
"1523","CCC007","RIBMAL",2021,0,0,0
"1524","CCC007","RIBMAL",2022,0,0,0
"1525","CCC007","SYMALB",2021,0,0,0
"1526","CCC007","SYMALB",2022,0,0,0
"1527","CCC007","SYMMOL",2021,0,0,0
"1528","CCC007","SYMMOL",2022,0,0,0
"1529","CCC007","TOXDIV",2021,0,0,0
"1530","CCC007","TOXDIV",2022,0,0,0
"1531","COL018","ADFA",2021,0,0,0
"1532","COL018","ADFA",2022,0,0,0
"1533","COL018","ARCMAN",2021,0,0,0
"1534","COL018","ARCMAN",2022,0,0,0
"1535","COL018","CEACUN",2021,0,0,0
"1536","COL018","CEACUN",2022,0,0,0
"1537","COL018","CEAOLI",2021,0,0,0
"1538","COL018","CEAOLI",2022,0,0,0
"1539","COL018","CERBET",2021,0,0,0
"1540","COL018","CERBET",2022,0,0,0
"1541","COL018","ERICAL",2021,0.8,4,200
"1542","COL018","ERICAL",2022,1.2,6,300
"1543","COL018","ERINUD",2021,0,0,0
"1544","COL018","ERINUD",2022,0,0,0
"1545","COL018","HEAR",2021,0,0,0
"1546","COL018","HEAR",2022,0,0,0
"1547","COL018","HOLDIS",2021,0,0,0
"1548","COL018","HOLDIS",2022,0,0,0
"1549","COL018","LEPCAL",2021,0,0,0
"1550","COL018","LEPCAL",2022,0,0,0
"1551","COL018","MIMAUR",2021,0,0,0
"1552","COL018","MIMAUR",2022,0,0,0
"1553","COL018","QUEBER",2021,0,0,0
"1554","COL018","QUEBER",2022,0,0,0
"1555","COL018","RHAILI",2021,0,0,0
"1556","COL018","RHAILI",2022,0,0,0
"1557","COL018","RIBMAL",2021,0,0,0
"1558","COL018","RIBMAL",2022,0,0,0
"1559","COL018","SYMALB",2021,0,0,0
"1560","COL018","SYMALB",2022,0,0,0
"1561","COL018","SYMMOL",2021,0,0,0
"1562","COL018","SYMMOL",2022,0,0,0
"1563","COL018","TOXDIV",2021,0,0,0
"1564","COL018","TOXDIV",2022,0,0,0
"1565","QUA001","ADFA",2021,0.4,2,100
"1566","QUA001","ADFA",2022,0,0,0
"1567","QUA001","ARCMAN",2021,0,0,0
"1568","QUA001","ARCMAN",2022,0,0,0
"1569","QUA001","CEACUN",2021,0,0,0
"1570","QUA001","CEACUN",2022,0,0,0
"1571","QUA001","CEAOLI",2021,0,0,0
"1572","QUA001","CEAOLI",2022,0,0,0
"1573","QUA001","CERBET",2021,0,0,0
"1574","QUA001","CERBET",2022,0,0,0
"1575","QUA001","ERICAL",2021,0,0,0
"1576","QUA001","ERICAL",2022,0,0,0
"1577","QUA001","ERINUD",2021,0,0,0
"1578","QUA001","ERINUD",2022,0,0,0
"1579","QUA001","HEAR",2021,0,0,0
"1580","QUA001","HEAR",2022,0,0,0
"1581","QUA001","HOLDIS",2021,0,0,0
"1582","QUA001","HOLDIS",2022,0,0,0
"1583","QUA001","LEPCAL",2021,1,5,250
"1584","QUA001","LEPCAL",2022,0,0,0
"1585","QUA001","MIMAUR",2021,0,0,0
"1586","QUA001","MIMAUR",2022,0,0,0
"1587","QUA001","QUEBER",2021,0,0,0
"1588","QUA001","QUEBER",2022,0,0,0
"1589","QUA001","RHAILI",2021,0,0,0
"1590","QUA001","RHAILI",2022,0,0,0
"1591","QUA001","RIBMAL",2021,0,0,0
"1592","QUA001","RIBMAL",2022,0,0,0
"1593","QUA001","SYMALB",2021,0,0,0
"1594","QUA001","SYMALB",2022,0,0,0
"1595","QUA001","SYMMOL",2021,0,0,0
"1596","QUA001","SYMMOL",2022,0,0,0
"1597","QUA001","TOXDIV",2021,0,0,0
"1598","QUA001","TOXDIV",2022,0,0,0
"1599","BOB007","ADFA",2021,0,0,0
"1600","BOB007","ADFA",2022,0,0,0
"1601","BOB007","ARCMAN",2021,0,0,0
"1602","BOB007","ARCMAN",2022,0,0,0
"1603","BOB007","CEACUN",2021,0,0,0
"1604","BOB007","CEACUN",2022,0,0,0
"1605","BOB007","CEAOLI",2021,0,0,0
"1606","BOB007","CEAOLI",2022,0,0,0
"1607","BOB007","CERBET",2021,0,0,0
"1608","BOB007","CERBET",2022,0,0,0
"1609","BOB007","ERICAL",2021,0,0,0
"1610","BOB007","ERICAL",2022,0,0,0
"1611","BOB007","ERINUD",2021,0,0,0
"1612","BOB007","ERINUD",2022,0,0,0
"1613","BOB007","HEAR",2021,0,0,0
"1614","BOB007","HEAR",2022,0,0,0
"1615","BOB007","HOLDIS",2021,0,0,0
"1616","BOB007","HOLDIS",2022,0,0,0
"1617","BOB007","LEPCAL",2021,0,0,0
"1618","BOB007","LEPCAL",2022,0,0,0
"1619","BOB007","MIMAUR",2021,0,0,0
"1620","BOB007","MIMAUR",2022,0,0,0
"1621","BOB007","QUEBER",2021,0,0,0
"1622","BOB007","QUEBER",2022,0,0,0
"1623","BOB007","RHAILI",2021,0,0,0
"1624","BOB007","RHAILI",2022,0,0,0
"1625","BOB007","RIBMAL",2021,0,0,0
"1626","BOB007","RIBMAL",2022,0,0,0
"1627","BOB007","SYMALB",2021,0,0,0
"1628","BOB007","SYMALB",2022,0,0,0
"1629","BOB007","SYMMOL",2021,0,0,0
"1630","BOB007","SYMMOL",2022,0,0,0
"1631","BOB007","TOXDIV",2021,0,0,0
"1632","BOB007","TOXDIV",2022,0,0,0
"1633","COL017","ADFA",2021,0,0,0
"1634","COL017","ADFA",2022,0,0,0
"1635","COL017","ARCMAN",2021,0,0,0
"1636","COL017","ARCMAN",2022,0,0,0
"1637","COL017","CEACUN",2021,0,0,0
"1638","COL017","CEACUN",2022,0,0,0
"1639","COL017","CEAOLI",2021,0,0,0
"1640","COL017","CEAOLI",2022,0,0,0
"1641","COL017","CERBET",2021,0,0,0
"1642","COL017","CERBET",2022,0,0,0
"1643","COL017","ERICAL",2021,0,0,0
"1644","COL017","ERICAL",2022,0,0,0
"1645","COL017","ERINUD",2021,0,0,0
"1646","COL017","ERINUD",2022,0,0,0
"1647","COL017","HEAR",2021,0,0,0
"1648","COL017","HEAR",2022,0,0,0
"1649","COL017","HOLDIS",2021,0,0,0
"1650","COL017","HOLDIS",2022,0,0,0
"1651","COL017","LEPCAL",2021,0,0,0
"1652","COL017","LEPCAL",2022,0,0,0
"1653","COL017","MIMAUR",2021,0,0,0
"1654","COL017","MIMAUR",2022,0,0,0
"1655","COL017","QUEBER",2021,0,0,0
"1656","COL017","QUEBER",2022,0,0,0
"1657","COL017","RHAILI",2021,0,0,0
"1658","COL017","RHAILI",2022,0,0,0
"1659","COL017","RIBMAL",2021,0,0,0
"1660","COL017","RIBMAL",2022,0,0,0
"1661","COL017","SYMALB",2021,0,0,0
"1662","COL017","SYMALB",2022,0,0,0
"1663","COL017","SYMMOL",2021,0,0,0
"1664","COL017","SYMMOL",2022,0,0,0
"1665","COL017","TOXDIV",2021,0,0,0
"1666","COL017","TOXDIV",2022,0,0,0
"1667","QUA022","ADFA",2021,0.2,1,50
"1668","QUA022","ADFA",2022,1.2,6,300
"1669","QUA022","ARCMAN",2021,0,0,0
"1670","QUA022","ARCMAN",2022,0,0,0
"1671","QUA022","CEACUN",2021,0.2,1,50
"1672","QUA022","CEACUN",2022,0,0,0
"1673","QUA022","CEAOLI",2021,0.2,1,50
"1674","QUA022","CEAOLI",2022,0,0,0
"1675","QUA022","CERBET",2021,0,0,0
"1676","QUA022","CERBET",2022,0,0,0
"1677","QUA022","ERICAL",2021,0,0,0
"1678","QUA022","ERICAL",2022,0,0,0
"1679","QUA022","ERINUD",2021,0,0,0
"1680","QUA022","ERINUD",2022,0,0,0
"1681","QUA022","HEAR",2021,0,0,0
"1682","QUA022","HEAR",2022,0,0,0
"1683","QUA022","HOLDIS",2021,0,0,0
"1684","QUA022","HOLDIS",2022,0,0,0
"1685","QUA022","LEPCAL",2021,0,0,0
"1686","QUA022","LEPCAL",2022,0,0,0
"1687","QUA022","MIMAUR",2021,0,0,0
"1688","QUA022","MIMAUR",2022,0,0,0
"1689","QUA022","QUEBER",2021,0,0,0
"1690","QUA022","QUEBER",2022,0,0,0
"1691","QUA022","RHAILI",2021,0,0,0
"1692","QUA022","RHAILI",2022,0,0,0
"1693","QUA022","RIBMAL",2021,0,0,0
"1694","QUA022","RIBMAL",2022,0,0,0
"1695","QUA022","SYMALB",2021,0,0,0
"1696","QUA022","SYMALB",2022,0,0,0
"1697","QUA022","SYMMOL",2021,0,0,0
"1698","QUA022","SYMMOL",2022,0,0,0
"1699","QUA022","TOXDIV",2021,0,0,0
"1700","QUA022","TOXDIV",2022,0,0,0
"1701","QUA021","ADFA",2021,0.6,3,150
"1702","QUA021","ADFA",2022,0.2,1,50
"1703","QUA021","ARCMAN",2021,0,0,0
"1704","QUA021","ARCMAN",2022,0,0,0
"1705","QUA021","CEACUN",2021,1.4,7,350
"1706","QUA021","CEACUN",2022,0.4,2,100
"1707","QUA021","CEAOLI",2021,0,0,0
"1708","QUA021","CEAOLI",2022,0,0,0
"1709","QUA021","CERBET",2021,0,0,0
"1710","QUA021","CERBET",2022,0,0,0
"1711","QUA021","ERICAL",2021,0,0,0
"1712","QUA021","ERICAL",2022,0,0,0
"1713","QUA021","ERINUD",2021,0,0,0
"1714","QUA021","ERINUD",2022,0,0,0
"1715","QUA021","HEAR",2021,0,0,0
"1716","QUA021","HEAR",2022,0,0,0
"1717","QUA021","HOLDIS",2021,0,0,0
"1718","QUA021","HOLDIS",2022,0,0,0
"1719","QUA021","LEPCAL",2021,4.6,23,1150
"1720","QUA021","LEPCAL",2022,3.6,18,900
"1721","QUA021","MIMAUR",2021,0,0,0
"1722","QUA021","MIMAUR",2022,0,0,0
"1723","QUA021","QUEBER",2021,0,0,0
"1724","QUA021","QUEBER",2022,0,0,0
"1725","QUA021","RHAILI",2021,0,0,0
"1726","QUA021","RHAILI",2022,0,0,0
"1727","QUA021","RIBMAL",2021,0,0,0
"1728","QUA021","RIBMAL",2022,0,0,0
"1729","QUA021","SYMALB",2021,0,0,0
"1730","QUA021","SYMALB",2022,0,0,0
"1731","QUA021","SYMMOL",2021,0,0,0
"1732","QUA021","SYMMOL",2022,0,0,0
"1733","QUA021","TOXDIV",2021,0,0,0
"1734","QUA021","TOXDIV",2022,0,0,0
"1735","CCC010","ADFA",2021,0,0,0
"1736","CCC010","ADFA",2022,0,0,0
"1737","CCC010","ARCMAN",2021,0,0,0
"1738","CCC010","ARCMAN",2022,0,0,0
"1739","CCC010","CEACUN",2021,0,0,0
"1740","CCC010","CEACUN",2022,0,0,0
"1741","CCC010","CEAOLI",2021,0,0,0
"1742","CCC010","CEAOLI",2022,0,0,0
"1743","CCC010","CERBET",2021,0,0,0
"1744","CCC010","CERBET",2022,0,0,0
"1745","CCC010","ERICAL",2021,1.2,6,300
"1746","CCC010","ERICAL",2022,0,0,0
"1747","CCC010","ERINUD",2021,0,0,0
"1748","CCC010","ERINUD",2022,0,0,0
"1749","CCC010","HEAR",2021,0,0,0
"1750","CCC010","HEAR",2022,0,0,0
"1751","CCC010","HOLDIS",2021,0,0,0
"1752","CCC010","HOLDIS",2022,0,0,0
"1753","CCC010","LEPCAL",2021,0,0,0
"1754","CCC010","LEPCAL",2022,0,0,0
"1755","CCC010","MIMAUR",2021,0,0,0
"1756","CCC010","MIMAUR",2022,0.2,1,50
"1757","CCC010","QUEBER",2021,0,0,0
"1758","CCC010","QUEBER",2022,0,0,0
"1759","CCC010","RHAILI",2021,0,0,0
"1760","CCC010","RHAILI",2022,0,0,0
"1761","CCC010","RIBMAL",2021,0,0,0
"1762","CCC010","RIBMAL",2022,0,0,0
"1763","CCC010","SYMALB",2021,0,0,0
"1764","CCC010","SYMALB",2022,0,0,0
"1765","CCC010","SYMMOL",2021,0,0,0
"1766","CCC010","SYMMOL",2022,0,0,0
"1767","CCC010","TOXDIV",2021,0,0,0
"1768","CCC010","TOXDIV",2022,0,0,0
"1769","CCC012","ADFA",2021,0,0,0
"1770","CCC012","ADFA",2022,0,0,0
"1771","CCC012","ARCMAN",2021,0,0,0
"1772","CCC012","ARCMAN",2022,0,0,0
"1773","CCC012","CEACUN",2021,0,0,0
"1774","CCC012","CEACUN",2022,0,0,0
"1775","CCC012","CEAOLI",2021,0,0,0
"1776","CCC012","CEAOLI",2022,0,0,0
"1777","CCC012","CERBET",2021,0,0,0
"1778","CCC012","CERBET",2022,0,0,0
"1779","CCC012","ERICAL",2021,0,0,0
"1780","CCC012","ERICAL",2022,0,0,0
"1781","CCC012","ERINUD",2021,0,0,0
"1782","CCC012","ERINUD",2022,0,0,0
"1783","CCC012","HEAR",2021,0,0,0
"1784","CCC012","HEAR",2022,0,0,0
"1785","CCC012","HOLDIS",2021,0,0,0
"1786","CCC012","HOLDIS",2022,0,0,0
"1787","CCC012","LEPCAL",2021,0,0,0
"1788","CCC012","LEPCAL",2022,0,0,0
"1789","CCC012","MIMAUR",2021,0,0,0
"1790","CCC012","MIMAUR",2022,0,0,0
"1791","CCC012","QUEBER",2021,0,0,0
"1792","CCC012","QUEBER",2022,0,0,0
"1793","CCC012","RHAILI",2021,0,0,0
"1794","CCC012","RHAILI",2022,0,0,0
"1795","CCC012","RIBMAL",2021,0,0,0
"1796","CCC012","RIBMAL",2022,0,0,0
"1797","CCC012","SYMALB",2021,0,0,0
"1798","CCC012","SYMALB",2022,0,0,0
"1799","CCC012","SYMMOL",2021,0,0,0
"1800","CCC012","SYMMOL",2022,0,0,0
"1801","CCC012","TOXDIV",2021,0,0,0
"1802","CCC012","TOXDIV",2022,0,0,0
"1803","CCC002","ADFA",2021,0,0,0
"1804","CCC002","ADFA",2022,0,0,0
"1805","CCC002","ARCMAN",2021,0.4,2,100
"1806","CCC002","ARCMAN",2022,0,0,0
"1807","CCC002","CEACUN",2021,0,0,0
"1808","CCC002","CEACUN",2022,0,0,0
"1809","CCC002","CEAOLI",2021,0,0,0
"1810","CCC002","CEAOLI",2022,0,0,0
"1811","CCC002","CERBET",2021,0,0,0
"1812","CCC002","CERBET",2022,0,0,0
"1813","CCC002","ERICAL",2021,0.2,1,50
"1814","CCC002","ERICAL",2022,0,0,0
"1815","CCC002","ERINUD",2021,0,0,0
"1816","CCC002","ERINUD",2022,0,0,0
"1817","CCC002","HEAR",2021,0,0,0
"1818","CCC002","HEAR",2022,0,0,0
"1819","CCC002","HOLDIS",2021,0,0,0
"1820","CCC002","HOLDIS",2022,0.6,3,150
"1821","CCC002","LEPCAL",2021,0,0,0
"1822","CCC002","LEPCAL",2022,0,0,0
"1823","CCC002","MIMAUR",2021,0,0,0
"1824","CCC002","MIMAUR",2022,0,0,0
"1825","CCC002","QUEBER",2021,0,0,0
"1826","CCC002","QUEBER",2022,0,0,0
"1827","CCC002","RHAILI",2021,0,0,0
"1828","CCC002","RHAILI",2022,0,0,0
"1829","CCC002","RIBMAL",2021,0,0,0
"1830","CCC002","RIBMAL",2022,0,0,0
"1831","CCC002","SYMALB",2021,0,0,0
"1832","CCC002","SYMALB",2022,0,0,0
"1833","CCC002","SYMMOL",2021,0,0,0
"1834","CCC002","SYMMOL",2022,0,0,0
"1835","CCC002","TOXDIV",2021,0,0,0
"1836","CCC002","TOXDIV",2022,0,0,0
