"","PlotID","spp","year","avg.cover","sum.cover"
"1","CCC004","ADFA",2021,0,0
"2","CCC004","ADFA",2022,0,0
"3","CCC004","ARCMAN",2021,0,0
"4","CCC004","ARCMAN",2022,0,0
"5","CCC004","CEACUN",2021,0,0
"6","CCC004","CEACUN",2022,0,0
"7","CCC004","CEAOLI",2021,0.64,3.2
"8","CCC004","CEAOLI",2022,0,0
"9","CCC004","CERBET",2021,0,0
"10","CCC004","CERBET",2022,0,0
"11","CCC004","ERICAL",2021,0.08,0.4
"12","CCC004","ERICAL",2022,0,0
"13","CCC004","ERINUD",2021,0,0
"14","CCC004","ERINUD",2022,0,0
"15","CCC004","HEAR",2021,0,0
"16","CCC004","HEAR",2022,0,0
"17","CCC004","HOLDIS",2021,0,0
"18","CCC004","HOLDIS",2022,0,0
"19","CCC004","LEPCAL",2021,0.88,4.4
"20","CCC004","LEPCAL",2022,0.4,2
"21","CCC004","MIMAUR",2021,0,0
"22","CCC004","MIMAUR",2022,0,0
"23","CCC004","RHAILI",2021,0,0
"24","CCC004","RHAILI",2022,0,0
"25","CCC004","RIBMAL",2021,0,0
"26","CCC004","RIBMAL",2022,0,0
"27","CCC004","SYMALB",2021,0,0
"28","CCC004","SYMALB",2022,0,0
"29","CCC004","SYMMOL",2021,0,0
"30","CCC004","SYMMOL",2022,0,0
"31","CCC004","TOXDIV",2021,0,0
"32","CCC004","TOXDIV",2022,0,0
"33","CCC011","ADFA",2021,0,0
"34","CCC011","ADFA",2022,0.04,0.2
"35","CCC011","ARCMAN",2021,0,0
"36","CCC011","ARCMAN",2022,0,0
"37","CCC011","CEACUN",2021,0.02,0.1
"38","CCC011","CEACUN",2022,0,0
"39","CCC011","CEAOLI",2021,0,0
"40","CCC011","CEAOLI",2022,0,0
"41","CCC011","CERBET",2021,0.02,0.1
"42","CCC011","CERBET",2022,0,0
"43","CCC011","ERICAL",2021,0,0
"44","CCC011","ERICAL",2022,0.2,1
"45","CCC011","ERINUD",2021,0,0
"46","CCC011","ERINUD",2022,0,0
"47","CCC011","HEAR",2021,0,0
"48","CCC011","HEAR",2022,0,0
"49","CCC011","HOLDIS",2021,0,0
"50","CCC011","HOLDIS",2022,0,0
"51","CCC011","LEPCAL",2021,0,0
"52","CCC011","LEPCAL",2022,0,0
"53","CCC011","MIMAUR",2021,0,0
"54","CCC011","MIMAUR",2022,0,0
"55","CCC011","RHAILI",2021,0,0
"56","CCC011","RHAILI",2022,0,0
"57","CCC011","RIBMAL",2021,0,0
"58","CCC011","RIBMAL",2022,0,0
"59","CCC011","SYMALB",2021,0,0
"60","CCC011","SYMALB",2022,0,0
"61","CCC011","SYMMOL",2021,0,0
"62","CCC011","SYMMOL",2022,0,0
"63","CCC011","TOXDIV",2021,0,0
"64","CCC011","TOXDIV",2022,0,0
"65","COL014","ADFA",2021,0,0
"66","COL014","ADFA",2022,0,0
"67","COL014","ARCMAN",2021,0,0
"68","COL014","ARCMAN",2022,0,0
"69","COL014","CEACUN",2021,0,0
"70","COL014","CEACUN",2022,0,0
"71","COL014","CEAOLI",2021,0,0
"72","COL014","CEAOLI",2022,0,0
"73","COL014","CERBET",2021,0,0
"74","COL014","CERBET",2022,0,0
"75","COL014","ERICAL",2021,0,0
"76","COL014","ERICAL",2022,0,0
"77","COL014","ERINUD",2021,0,0
"78","COL014","ERINUD",2022,0,0
"79","COL014","HEAR",2021,0,0
"80","COL014","HEAR",2022,0,0
"81","COL014","HOLDIS",2021,0,0
"82","COL014","HOLDIS",2022,0,0
"83","COL014","LEPCAL",2021,0,0
"84","COL014","LEPCAL",2022,0,0
"85","COL014","MIMAUR",2021,0,0
"86","COL014","MIMAUR",2022,0,0
"87","COL014","RHAILI",2021,0,0
"88","COL014","RHAILI",2022,0,0
"89","COL014","RIBMAL",2021,0,0
"90","COL014","RIBMAL",2022,0,0
"91","COL014","SYMALB",2021,0,0
"92","COL014","SYMALB",2022,0,0
"93","COL014","SYMMOL",2021,0,0
"94","COL014","SYMMOL",2022,0,0
"95","COL014","TOXDIV",2021,0,0
"96","COL014","TOXDIV",2022,0,0
"97","BOB012","ADFA",2021,0,0
"98","BOB012","ADFA",2022,0,0
"99","BOB012","ARCMAN",2021,0,0
"100","BOB012","ARCMAN",2022,0,0
"101","BOB012","CEACUN",2021,0,0
"102","BOB012","CEACUN",2022,0,0
"103","BOB012","CEAOLI",2021,0,0
"104","BOB012","CEAOLI",2022,0,0
"105","BOB012","CERBET",2021,0,0
"106","BOB012","CERBET",2022,0,0
"107","BOB012","ERICAL",2021,0,0
"108","BOB012","ERICAL",2022,2,10
"109","BOB012","ERINUD",2021,0,0
"110","BOB012","ERINUD",2022,0,0
"111","BOB012","HEAR",2021,0,0
"112","BOB012","HEAR",2022,0,0
"113","BOB012","HOLDIS",2021,0,0
"114","BOB012","HOLDIS",2022,0,0
"115","BOB012","LEPCAL",2021,0,0
"116","BOB012","LEPCAL",2022,0,0
"117","BOB012","MIMAUR",2021,0,0
"118","BOB012","MIMAUR",2022,0,0
"119","BOB012","RHAILI",2021,0,0
"120","BOB012","RHAILI",2022,0,0
"121","BOB012","RIBMAL",2021,0,0
"122","BOB012","RIBMAL",2022,0,0
"123","BOB012","SYMALB",2021,0,0
"124","BOB012","SYMALB",2022,0,0
"125","BOB012","SYMMOL",2021,0,0
"126","BOB012","SYMMOL",2022,0,0
"127","BOB012","TOXDIV",2021,0,0
"128","BOB012","TOXDIV",2022,0,0
"129","BOB001","ADFA",2021,1.2,6
"130","BOB001","ADFA",2022,0,0
"131","BOB001","ARCMAN",2021,0,0
"132","BOB001","ARCMAN",2022,0,0
"133","BOB001","CEACUN",2021,0,0
"134","BOB001","CEACUN",2022,0,0
"135","BOB001","CEAOLI",2021,0,0
"136","BOB001","CEAOLI",2022,0,0
"137","BOB001","CERBET",2021,0,0
"138","BOB001","CERBET",2022,0,0
"139","BOB001","ERICAL",2021,0,0
"140","BOB001","ERICAL",2022,5.2,26
"141","BOB001","ERINUD",2021,0,0
"142","BOB001","ERINUD",2022,0,0
"143","BOB001","HEAR",2021,0,0
"144","BOB001","HEAR",2022,0,0
"145","BOB001","HOLDIS",2021,0,0
"146","BOB001","HOLDIS",2022,0,0
"147","BOB001","LEPCAL",2021,0,0
"148","BOB001","LEPCAL",2022,0,0
"149","BOB001","MIMAUR",2021,0,0
"150","BOB001","MIMAUR",2022,0,0
"151","BOB001","RHAILI",2021,0,0
"152","BOB001","RHAILI",2022,0,0
"153","BOB001","RIBMAL",2021,0,0
"154","BOB001","RIBMAL",2022,0,0
"155","BOB001","SYMALB",2021,0,0
"156","BOB001","SYMALB",2022,0,0
"157","BOB001","SYMMOL",2021,0,0
"158","BOB001","SYMMOL",2022,0,0
"159","BOB001","TOXDIV",2021,0,0
"160","BOB001","TOXDIV",2022,0,0
"161","BOB004","ADFA",2021,0.7,3.5
"162","BOB004","ADFA",2022,1.02,5.1
"163","BOB004","ARCMAN",2021,0,0
"164","BOB004","ARCMAN",2022,0,0
"165","BOB004","CEACUN",2021,0,0
"166","BOB004","CEACUN",2022,0,0
"167","BOB004","CEAOLI",2021,0,0
"168","BOB004","CEAOLI",2022,0,0
"169","BOB004","CERBET",2021,0,0
"170","BOB004","CERBET",2022,0,0
"171","BOB004","ERICAL",2021,0,0
"172","BOB004","ERICAL",2022,0,0
"173","BOB004","ERINUD",2021,0,0
"174","BOB004","ERINUD",2022,0,0
"175","BOB004","HEAR",2021,0,0
"176","BOB004","HEAR",2022,0,0
"177","BOB004","HOLDIS",2021,0,0
"178","BOB004","HOLDIS",2022,0,0
"179","BOB004","LEPCAL",2021,0,0
"180","BOB004","LEPCAL",2022,0,0
"181","BOB004","MIMAUR",2021,0,0
"182","BOB004","MIMAUR",2022,0,0
"183","BOB004","RHAILI",2021,0,0
"184","BOB004","RHAILI",2022,0,0
"185","BOB004","RIBMAL",2021,0,0
"186","BOB004","RIBMAL",2022,0,0
"187","BOB004","SYMALB",2021,0,0
"188","BOB004","SYMALB",2022,0,0
"189","BOB004","SYMMOL",2021,0,0
"190","BOB004","SYMMOL",2022,0,0
"191","BOB004","TOXDIV",2021,0,0
"192","BOB004","TOXDIV",2022,0,0
"193","BOB005","ADFA",2021,0,0
"194","BOB005","ADFA",2022,0,0
"195","BOB005","ARCMAN",2021,0,0
"196","BOB005","ARCMAN",2022,0,0
"197","BOB005","CEACUN",2021,0,0
"198","BOB005","CEACUN",2022,0,0
"199","BOB005","CEAOLI",2021,0,0
"200","BOB005","CEAOLI",2022,0,0
"201","BOB005","CERBET",2021,0,0
"202","BOB005","CERBET",2022,0,0
"203","BOB005","ERICAL",2021,0,0
"204","BOB005","ERICAL",2022,5,25
"205","BOB005","ERINUD",2021,0,0
"206","BOB005","ERINUD",2022,0,0
"207","BOB005","HEAR",2021,0,0
"208","BOB005","HEAR",2022,0,0
"209","BOB005","HOLDIS",2021,0,0
"210","BOB005","HOLDIS",2022,0,0
"211","BOB005","LEPCAL",2021,0,0
"212","BOB005","LEPCAL",2022,0,0
"213","BOB005","MIMAUR",2021,0,0
"214","BOB005","MIMAUR",2022,0,0
"215","BOB005","RHAILI",2021,0,0
"216","BOB005","RHAILI",2022,0,0
"217","BOB005","RIBMAL",2021,0,0
"218","BOB005","RIBMAL",2022,0,0
"219","BOB005","SYMALB",2021,0,0
"220","BOB005","SYMALB",2022,0,0
"221","BOB005","SYMMOL",2021,0,0
"222","BOB005","SYMMOL",2022,0,0
"223","BOB005","TOXDIV",2021,0,0
"224","BOB005","TOXDIV",2022,0,0
"225","BOB006","ADFA",2021,0,0
"226","BOB006","ADFA",2022,0,0
"227","BOB006","ARCMAN",2021,0,0
"228","BOB006","ARCMAN",2022,0,0
"229","BOB006","CEACUN",2021,0,0
"230","BOB006","CEACUN",2022,0,0
"231","BOB006","CEAOLI",2021,0,0
"232","BOB006","CEAOLI",2022,0,0
"233","BOB006","CERBET",2021,0,0
"234","BOB006","CERBET",2022,0,0
"235","BOB006","ERICAL",2021,0,0
"236","BOB006","ERICAL",2022,6.8,34
"237","BOB006","ERINUD",2021,0,0
"238","BOB006","ERINUD",2022,0,0
"239","BOB006","HEAR",2021,0,0
"240","BOB006","HEAR",2022,0,0
"241","BOB006","HOLDIS",2021,0,0
"242","BOB006","HOLDIS",2022,0,0
"243","BOB006","LEPCAL",2021,0,0
"244","BOB006","LEPCAL",2022,0,0
"245","BOB006","MIMAUR",2021,0,0
"246","BOB006","MIMAUR",2022,0,0
"247","BOB006","RHAILI",2021,0,0
"248","BOB006","RHAILI",2022,0,0
"249","BOB006","RIBMAL",2021,0,0
"250","BOB006","RIBMAL",2022,0,0
"251","BOB006","SYMALB",2021,0,0
"252","BOB006","SYMALB",2022,0,0
"253","BOB006","SYMMOL",2021,0,0
"254","BOB006","SYMMOL",2022,0,0
"255","BOB006","TOXDIV",2021,0,0
"256","BOB006","TOXDIV",2022,0,0
"257","BOB009","ADFA",2021,0,0
"258","BOB009","ADFA",2022,0,0
"259","BOB009","ARCMAN",2021,0,0
"260","BOB009","ARCMAN",2022,0,0
"261","BOB009","CEACUN",2021,0,0
"262","BOB009","CEACUN",2022,0,0
"263","BOB009","CEAOLI",2021,0,0
"264","BOB009","CEAOLI",2022,0,0
"265","BOB009","CERBET",2021,0,0
"266","BOB009","CERBET",2022,0,0
"267","BOB009","ERICAL",2021,0,0
"268","BOB009","ERICAL",2022,0.41,2.05
"269","BOB009","ERINUD",2021,0,0
"270","BOB009","ERINUD",2022,0,0
"271","BOB009","HEAR",2021,0,0
"272","BOB009","HEAR",2022,0,0
"273","BOB009","HOLDIS",2021,0,0
"274","BOB009","HOLDIS",2022,0,0
"275","BOB009","LEPCAL",2021,0,0
"276","BOB009","LEPCAL",2022,0,0
"277","BOB009","MIMAUR",2021,0,0
"278","BOB009","MIMAUR",2022,0,0
"279","BOB009","RHAILI",2021,0,0
"280","BOB009","RHAILI",2022,0,0
"281","BOB009","RIBMAL",2021,0,0
"282","BOB009","RIBMAL",2022,0,0
"283","BOB009","SYMALB",2021,0,0
"284","BOB009","SYMALB",2022,0,0
"285","BOB009","SYMMOL",2021,0,0
"286","BOB009","SYMMOL",2022,0,0
"287","BOB009","TOXDIV",2021,0,0
"288","BOB009","TOXDIV",2022,0,0
"289","BOB010","ADFA",2021,0,0
"290","BOB010","ADFA",2022,0,0
"291","BOB010","ARCMAN",2021,0,0
"292","BOB010","ARCMAN",2022,0,0
"293","BOB010","CEACUN",2021,0,0
"294","BOB010","CEACUN",2022,0,0
"295","BOB010","CEAOLI",2021,0,0
"296","BOB010","CEAOLI",2022,0,0
"297","BOB010","CERBET",2021,0,0
"298","BOB010","CERBET",2022,0,0
"299","BOB010","ERICAL",2021,0,0
"300","BOB010","ERICAL",2022,0.2,1
"301","BOB010","ERINUD",2021,0,0
"302","BOB010","ERINUD",2022,0,0
"303","BOB010","HEAR",2021,0,0
"304","BOB010","HEAR",2022,0,0
"305","BOB010","HOLDIS",2021,0,0
"306","BOB010","HOLDIS",2022,0,0
"307","BOB010","LEPCAL",2021,0,0
"308","BOB010","LEPCAL",2022,0,0
"309","BOB010","MIMAUR",2021,0,0
"310","BOB010","MIMAUR",2022,0,0
"311","BOB010","RHAILI",2021,0,0
"312","BOB010","RHAILI",2022,0,0
"313","BOB010","RIBMAL",2021,0,0
"314","BOB010","RIBMAL",2022,0,0
"315","BOB010","SYMALB",2021,0,0
"316","BOB010","SYMALB",2022,0,0
"317","BOB010","SYMMOL",2021,0,0
"318","BOB010","SYMMOL",2022,0,0
"319","BOB010","TOXDIV",2021,0,0
"320","BOB010","TOXDIV",2022,0,0
"321","BOB011","ADFA",2021,0,0
"322","BOB011","ADFA",2022,0,0
"323","BOB011","ARCMAN",2021,0,0
"324","BOB011","ARCMAN",2022,0,0
"325","BOB011","CEACUN",2021,0,0
"326","BOB011","CEACUN",2022,0,0
"327","BOB011","CEAOLI",2021,0,0
"328","BOB011","CEAOLI",2022,0,0
"329","BOB011","CERBET",2021,0,0
"330","BOB011","CERBET",2022,0,0
"331","BOB011","ERICAL",2021,0,0
"332","BOB011","ERICAL",2022,0,0
"333","BOB011","ERINUD",2021,0,0
"334","BOB011","ERINUD",2022,0,0
"335","BOB011","HEAR",2021,0,0
"336","BOB011","HEAR",2022,0,0
"337","BOB011","HOLDIS",2021,0,0
"338","BOB011","HOLDIS",2022,0,0
"339","BOB011","LEPCAL",2021,0,0
"340","BOB011","LEPCAL",2022,0,0
"341","BOB011","MIMAUR",2021,0,0
"342","BOB011","MIMAUR",2022,0,0
"343","BOB011","RHAILI",2021,0,0
"344","BOB011","RHAILI",2022,0,0
"345","BOB011","RIBMAL",2021,0,0
"346","BOB011","RIBMAL",2022,0,0
"347","BOB011","SYMALB",2021,0,0
"348","BOB011","SYMALB",2022,0,0
"349","BOB011","SYMMOL",2021,0,0
"350","BOB011","SYMMOL",2022,0,0
"351","BOB011","TOXDIV",2021,0,0
"352","BOB011","TOXDIV",2022,0,0
"353","BOB016","ADFA",2021,0,0
"354","BOB016","ADFA",2022,0,0
"355","BOB016","ARCMAN",2021,0,0
"356","BOB016","ARCMAN",2022,0,0
"357","BOB016","CEACUN",2021,0,0
"358","BOB016","CEACUN",2022,0,0
"359","BOB016","CEAOLI",2021,0,0
"360","BOB016","CEAOLI",2022,0,0
"361","BOB016","CERBET",2021,0,0
"362","BOB016","CERBET",2022,0,0
"363","BOB016","ERICAL",2021,0.04,0.2
"364","BOB016","ERICAL",2022,0.3,1.5
"365","BOB016","ERINUD",2021,0,0
"366","BOB016","ERINUD",2022,0,0
"367","BOB016","HEAR",2021,0,0
"368","BOB016","HEAR",2022,0,0
"369","BOB016","HOLDIS",2021,0,0
"370","BOB016","HOLDIS",2022,0,0
"371","BOB016","LEPCAL",2021,0,0
"372","BOB016","LEPCAL",2022,0,0
"373","BOB016","MIMAUR",2021,0,0
"374","BOB016","MIMAUR",2022,0,0
"375","BOB016","RHAILI",2021,0,0
"376","BOB016","RHAILI",2022,0,0
"377","BOB016","RIBMAL",2021,0,0
"378","BOB016","RIBMAL",2022,0,0
"379","BOB016","SYMALB",2021,0,0
"380","BOB016","SYMALB",2022,0,0
"381","BOB016","SYMMOL",2021,0,0
"382","BOB016","SYMMOL",2022,0,0
"383","BOB016","TOXDIV",2021,0,0
"384","BOB016","TOXDIV",2022,0,0
"385","COL013","ADFA",2021,0,0
"386","COL013","ADFA",2022,0,0
"387","COL013","ARCMAN",2021,0,0
"388","COL013","ARCMAN",2022,0,0
"389","COL013","CEACUN",2021,0,0
"390","COL013","CEACUN",2022,0,0
"391","COL013","CEAOLI",2021,0,0
"392","COL013","CEAOLI",2022,0,0
"393","COL013","CERBET",2021,0,0
"394","COL013","CERBET",2022,0,0
"395","COL013","ERICAL",2021,0.4,2
"396","COL013","ERICAL",2022,1.8,9
"397","COL013","ERINUD",2021,0,0
"398","COL013","ERINUD",2022,0,0
"399","COL013","HEAR",2021,0,0
"400","COL013","HEAR",2022,0,0
"401","COL013","HOLDIS",2021,0,0
"402","COL013","HOLDIS",2022,0,0
"403","COL013","LEPCAL",2021,0,0
"404","COL013","LEPCAL",2022,0,0
"405","COL013","MIMAUR",2021,0,0
"406","COL013","MIMAUR",2022,0,0
"407","COL013","RHAILI",2021,0,0
"408","COL013","RHAILI",2022,0,0
"409","COL013","RIBMAL",2021,0,0
"410","COL013","RIBMAL",2022,0,0
"411","COL013","SYMALB",2021,0,0
"412","COL013","SYMALB",2022,0,0
"413","COL013","SYMMOL",2021,0,0
"414","COL013","SYMMOL",2022,0,0
"415","COL013","TOXDIV",2021,0,0
"416","COL013","TOXDIV",2022,0,0
"417","QUA002","ADFA",2021,0,0
"418","QUA002","ADFA",2022,0,0
"419","QUA002","ARCMAN",2021,0,0
"420","QUA002","ARCMAN",2022,0,0
"421","QUA002","CEACUN",2021,0,0
"422","QUA002","CEACUN",2022,0,0
"423","QUA002","CEAOLI",2021,0,0
"424","QUA002","CEAOLI",2022,0,0
"425","QUA002","CERBET",2021,0,0
"426","QUA002","CERBET",2022,0,0
"427","QUA002","ERICAL",2021,1.6,8
"428","QUA002","ERICAL",2022,1.8,9
"429","QUA002","ERINUD",2021,0,0
"430","QUA002","ERINUD",2022,0,0
"431","QUA002","HEAR",2021,0,0
"432","QUA002","HEAR",2022,0,0
"433","QUA002","HOLDIS",2021,0,0
"434","QUA002","HOLDIS",2022,0,0
"435","QUA002","LEPCAL",2021,0,0
"436","QUA002","LEPCAL",2022,2.4,12
"437","QUA002","MIMAUR",2021,0,0
"438","QUA002","MIMAUR",2022,0,0
"439","QUA002","RHAILI",2021,0,0
"440","QUA002","RHAILI",2022,0,0
"441","QUA002","RIBMAL",2021,0,0
"442","QUA002","RIBMAL",2022,0,0
"443","QUA002","SYMALB",2021,0,0
"444","QUA002","SYMALB",2022,0,0
"445","QUA002","SYMMOL",2021,0,0
"446","QUA002","SYMMOL",2022,0,0
"447","QUA002","TOXDIV",2021,0,0
"448","QUA002","TOXDIV",2022,0,0
"449","QUA003","ADFA",2021,0,0
"450","QUA003","ADFA",2022,0,0
"451","QUA003","ARCMAN",2021,0,0
"452","QUA003","ARCMAN",2022,0,0
"453","QUA003","CEACUN",2021,0,0
"454","QUA003","CEACUN",2022,0,0
"455","QUA003","CEAOLI",2021,0,0
"456","QUA003","CEAOLI",2022,0,0
"457","QUA003","CERBET",2021,0,0
"458","QUA003","CERBET",2022,0,0
"459","QUA003","ERICAL",2021,0,0
"460","QUA003","ERICAL",2022,0,0
"461","QUA003","ERINUD",2021,0,0
"462","QUA003","ERINUD",2022,0,0
"463","QUA003","HEAR",2021,0,0
"464","QUA003","HEAR",2022,0,0
"465","QUA003","HOLDIS",2021,0,0
"466","QUA003","HOLDIS",2022,0,0
"467","QUA003","LEPCAL",2021,0,0
"468","QUA003","LEPCAL",2022,0,0
"469","QUA003","MIMAUR",2021,0,0
"470","QUA003","MIMAUR",2022,0,0
"471","QUA003","RHAILI",2021,0,0
"472","QUA003","RHAILI",2022,0,0
"473","QUA003","RIBMAL",2021,0,0
"474","QUA003","RIBMAL",2022,0,0
"475","QUA003","SYMALB",2021,0,0
"476","QUA003","SYMALB",2022,0,0
"477","QUA003","SYMMOL",2021,0,0
"478","QUA003","SYMMOL",2022,0,0
"479","QUA003","TOXDIV",2021,0,0
"480","QUA003","TOXDIV",2022,0,0
"481","QUA005","ADFA",2021,2,10
"482","QUA005","ADFA",2022,0,0
"483","QUA005","ARCMAN",2021,0,0
"484","QUA005","ARCMAN",2022,0,0
"485","QUA005","CEACUN",2021,0,0
"486","QUA005","CEACUN",2022,0,0
"487","QUA005","CEAOLI",2021,0,0
"488","QUA005","CEAOLI",2022,0,0
"489","QUA005","CERBET",2021,0,0
"490","QUA005","CERBET",2022,0,0
"491","QUA005","ERICAL",2021,1,5
"492","QUA005","ERICAL",2022,8,40
"493","QUA005","ERINUD",2021,0,0
"494","QUA005","ERINUD",2022,0,0
"495","QUA005","HEAR",2021,0,0
"496","QUA005","HEAR",2022,0,0
"497","QUA005","HOLDIS",2021,0,0
"498","QUA005","HOLDIS",2022,0,0
"499","QUA005","LEPCAL",2021,0,0
"500","QUA005","LEPCAL",2022,0,0
"501","QUA005","MIMAUR",2021,0,0
"502","QUA005","MIMAUR",2022,0,0
"503","QUA005","RHAILI",2021,0,0
"504","QUA005","RHAILI",2022,0,0
"505","QUA005","RIBMAL",2021,0,0
"506","QUA005","RIBMAL",2022,0,0
"507","QUA005","SYMALB",2021,0,0
"508","QUA005","SYMALB",2022,0,0
"509","QUA005","SYMMOL",2021,0,0
"510","QUA005","SYMMOL",2022,0,0
"511","QUA005","TOXDIV",2021,0,0
"512","QUA005","TOXDIV",2022,0,0
"513","QUA006","ADFA",2021,0.4,2
"514","QUA006","ADFA",2022,0.02,0.1
"515","QUA006","ARCMAN",2021,0,0
"516","QUA006","ARCMAN",2022,0,0
"517","QUA006","CEACUN",2021,0,0
"518","QUA006","CEACUN",2022,0,0
"519","QUA006","CEAOLI",2021,0,0
"520","QUA006","CEAOLI",2022,0,0
"521","QUA006","CERBET",2021,0,0
"522","QUA006","CERBET",2022,0,0
"523","QUA006","ERICAL",2021,0,0
"524","QUA006","ERICAL",2022,0,0
"525","QUA006","ERINUD",2021,0,0
"526","QUA006","ERINUD",2022,0,0
"527","QUA006","HEAR",2021,0,0
"528","QUA006","HEAR",2022,0,0
"529","QUA006","HOLDIS",2021,0,0
"530","QUA006","HOLDIS",2022,0,0
"531","QUA006","LEPCAL",2021,0,0
"532","QUA006","LEPCAL",2022,0.8,4
"533","QUA006","MIMAUR",2021,0,0
"534","QUA006","MIMAUR",2022,0,0
"535","QUA006","RHAILI",2021,0,0
"536","QUA006","RHAILI",2022,0,0
"537","QUA006","RIBMAL",2021,0,0
"538","QUA006","RIBMAL",2022,0,0
"539","QUA006","SYMALB",2021,0,0
"540","QUA006","SYMALB",2022,0,0
"541","QUA006","SYMMOL",2021,0,0
"542","QUA006","SYMMOL",2022,0,0
"543","QUA006","TOXDIV",2021,0,0
"544","QUA006","TOXDIV",2022,0,0
"545","QUA008","ADFA",2021,1,5
"546","QUA008","ADFA",2022,0.2,1
"547","QUA008","ARCMAN",2021,0,0
"548","QUA008","ARCMAN",2022,0,0
"549","QUA008","CEACUN",2021,0,0
"550","QUA008","CEACUN",2022,0,0
"551","QUA008","CEAOLI",2021,0,0
"552","QUA008","CEAOLI",2022,0,0
"553","QUA008","CERBET",2021,0,0
"554","QUA008","CERBET",2022,0,0
"555","QUA008","ERICAL",2021,0,0
"556","QUA008","ERICAL",2022,0,0
"557","QUA008","ERINUD",2021,0,0
"558","QUA008","ERINUD",2022,0,0
"559","QUA008","HEAR",2021,0,0
"560","QUA008","HEAR",2022,0,0
"561","QUA008","HOLDIS",2021,0,0
"562","QUA008","HOLDIS",2022,0,0
"563","QUA008","LEPCAL",2021,0,0
"564","QUA008","LEPCAL",2022,0,0
"565","QUA008","MIMAUR",2021,0,0
"566","QUA008","MIMAUR",2022,0,0
"567","QUA008","RHAILI",2021,0,0
"568","QUA008","RHAILI",2022,0,0
"569","QUA008","RIBMAL",2021,0,0
"570","QUA008","RIBMAL",2022,0,0
"571","QUA008","SYMALB",2021,0,0
"572","QUA008","SYMALB",2022,0,0
"573","QUA008","SYMMOL",2021,0,0
"574","QUA008","SYMMOL",2022,0,0
"575","QUA008","TOXDIV",2021,0,0
"576","QUA008","TOXDIV",2022,0,0
"577","BOB002","ADFA",2021,0.4,2
"578","BOB002","ADFA",2022,0,0
"579","BOB002","ARCMAN",2021,0,0
"580","BOB002","ARCMAN",2022,0,0
"581","BOB002","CEACUN",2021,0,0
"582","BOB002","CEACUN",2022,0,0
"583","BOB002","CEAOLI",2021,0,0
"584","BOB002","CEAOLI",2022,0,0
"585","BOB002","CERBET",2021,0,0
"586","BOB002","CERBET",2022,0,0
"587","BOB002","ERICAL",2021,0,0
"588","BOB002","ERICAL",2022,0,0
"589","BOB002","ERINUD",2021,0,0
"590","BOB002","ERINUD",2022,0,0
"591","BOB002","HEAR",2021,0,0
"592","BOB002","HEAR",2022,0,0
"593","BOB002","HOLDIS",2021,0,0
"594","BOB002","HOLDIS",2022,0,0
"595","BOB002","LEPCAL",2021,0,0
"596","BOB002","LEPCAL",2022,0,0
"597","BOB002","MIMAUR",2021,0,0
"598","BOB002","MIMAUR",2022,0,0
"599","BOB002","RHAILI",2021,0,0
"600","BOB002","RHAILI",2022,0,0
"601","BOB002","RIBMAL",2021,0,0
"602","BOB002","RIBMAL",2022,0,0
"603","BOB002","SYMALB",2021,0,0
"604","BOB002","SYMALB",2022,0,0
"605","BOB002","SYMMOL",2021,0,0
"606","BOB002","SYMMOL",2022,0,0
"607","BOB002","TOXDIV",2021,0,0
"608","BOB002","TOXDIV",2022,0,0
"609","BOB003","ADFA",2021,0,0
"610","BOB003","ADFA",2022,0,0
"611","BOB003","ARCMAN",2021,0,0
"612","BOB003","ARCMAN",2022,0,0
"613","BOB003","CEACUN",2021,0,0
"614","BOB003","CEACUN",2022,0,0
"615","BOB003","CEAOLI",2021,0,0
"616","BOB003","CEAOLI",2022,0,0
"617","BOB003","CERBET",2021,0,0
"618","BOB003","CERBET",2022,0,0
"619","BOB003","ERICAL",2021,0,0
"620","BOB003","ERICAL",2022,0,0
"621","BOB003","ERINUD",2021,0,0
"622","BOB003","ERINUD",2022,0,0
"623","BOB003","HEAR",2021,0,0
"624","BOB003","HEAR",2022,0,0
"625","BOB003","HOLDIS",2021,0,0
"626","BOB003","HOLDIS",2022,0,0
"627","BOB003","LEPCAL",2021,0,0
"628","BOB003","LEPCAL",2022,0,0
"629","BOB003","MIMAUR",2021,0,0
"630","BOB003","MIMAUR",2022,0,0
"631","BOB003","RHAILI",2021,0,0
"632","BOB003","RHAILI",2022,0,0
"633","BOB003","RIBMAL",2021,0,0
"634","BOB003","RIBMAL",2022,0,0
"635","BOB003","SYMALB",2021,0,0
"636","BOB003","SYMALB",2022,0,0
"637","BOB003","SYMMOL",2021,0,0
"638","BOB003","SYMMOL",2022,0,0
"639","BOB003","TOXDIV",2021,0,0
"640","BOB003","TOXDIV",2022,0,0
"641","BOB014","ADFA",2021,0,0
"642","BOB014","ADFA",2022,0,0
"643","BOB014","ARCMAN",2021,0,0
"644","BOB014","ARCMAN",2022,0,0
"645","BOB014","CEACUN",2021,0.06,0.3
"646","BOB014","CEACUN",2022,0,0
"647","BOB014","CEAOLI",2021,0,0
"648","BOB014","CEAOLI",2022,0,0
"649","BOB014","CERBET",2021,0,0
"650","BOB014","CERBET",2022,0,0
"651","BOB014","ERICAL",2021,0.08,0.4
"652","BOB014","ERICAL",2022,0.6,3
"653","BOB014","ERINUD",2021,0,0
"654","BOB014","ERINUD",2022,0,0
"655","BOB014","HEAR",2021,0,0
"656","BOB014","HEAR",2022,0,0
"657","BOB014","HOLDIS",2021,0,0
"658","BOB014","HOLDIS",2022,0,0
"659","BOB014","LEPCAL",2021,0.4,2
"660","BOB014","LEPCAL",2022,0.4,2
"661","BOB014","MIMAUR",2021,0,0
"662","BOB014","MIMAUR",2022,0,0
"663","BOB014","RHAILI",2021,0,0
"664","BOB014","RHAILI",2022,0,0
"665","BOB014","RIBMAL",2021,0,0
"666","BOB014","RIBMAL",2022,0,0
"667","BOB014","SYMALB",2021,0,0
"668","BOB014","SYMALB",2022,0,0
"669","BOB014","SYMMOL",2021,0,0
"670","BOB014","SYMMOL",2022,0,0
"671","BOB014","TOXDIV",2021,0,0
"672","BOB014","TOXDIV",2022,0,0
"673","BOB017","ADFA",2021,0,0
"674","BOB017","ADFA",2022,0,0
"675","BOB017","ARCMAN",2021,0,0
"676","BOB017","ARCMAN",2022,0,0
"677","BOB017","CEACUN",2021,0,0
"678","BOB017","CEACUN",2022,0,0
"679","BOB017","CEAOLI",2021,0,0
"680","BOB017","CEAOLI",2022,0,0
"681","BOB017","CERBET",2021,0,0
"682","BOB017","CERBET",2022,0,0
"683","BOB017","ERICAL",2021,3,15
"684","BOB017","ERICAL",2022,24,120
"685","BOB017","ERINUD",2021,0,0
"686","BOB017","ERINUD",2022,0,0
"687","BOB017","HEAR",2021,0,0
"688","BOB017","HEAR",2022,0,0
"689","BOB017","HOLDIS",2021,0,0
"690","BOB017","HOLDIS",2022,0,0
"691","BOB017","LEPCAL",2021,0,0
"692","BOB017","LEPCAL",2022,0,0
"693","BOB017","MIMAUR",2021,0,0
"694","BOB017","MIMAUR",2022,0,0
"695","BOB017","RHAILI",2021,0,0
"696","BOB017","RHAILI",2022,0,0
"697","BOB017","RIBMAL",2021,0,0
"698","BOB017","RIBMAL",2022,0,0
"699","BOB017","SYMALB",2021,0,0
"700","BOB017","SYMALB",2022,0,0
"701","BOB017","SYMMOL",2021,0,0
"702","BOB017","SYMMOL",2022,0,0
"703","BOB017","TOXDIV",2021,0,0
"704","BOB017","TOXDIV",2022,0,0
"705","BOB018","ADFA",2021,0,0
"706","BOB018","ADFA",2022,1,5
"707","BOB018","ARCMAN",2021,0,0
"708","BOB018","ARCMAN",2022,0,0
"709","BOB018","CEACUN",2021,0,0
"710","BOB018","CEACUN",2022,0,0
"711","BOB018","CEAOLI",2021,0,0
"712","BOB018","CEAOLI",2022,0,0
"713","BOB018","CERBET",2021,0,0
"714","BOB018","CERBET",2022,0,0
"715","BOB018","ERICAL",2021,0,0
"716","BOB018","ERICAL",2022,7.1,35.5
"717","BOB018","ERINUD",2021,0,0
"718","BOB018","ERINUD",2022,0,0
"719","BOB018","HEAR",2021,0,0
"720","BOB018","HEAR",2022,0,0
"721","BOB018","HOLDIS",2021,0,0
"722","BOB018","HOLDIS",2022,0,0
"723","BOB018","LEPCAL",2021,0,0
"724","BOB018","LEPCAL",2022,0,0
"725","BOB018","MIMAUR",2021,0,0
"726","BOB018","MIMAUR",2022,0,0
"727","BOB018","RHAILI",2021,0,0
"728","BOB018","RHAILI",2022,0,0
"729","BOB018","RIBMAL",2021,0,0
"730","BOB018","RIBMAL",2022,0,0
"731","BOB018","SYMALB",2021,0,0
"732","BOB018","SYMALB",2022,0,0
"733","BOB018","SYMMOL",2021,0,0
"734","BOB018","SYMMOL",2022,0,0
"735","BOB018","TOXDIV",2021,0,0
"736","BOB018","TOXDIV",2022,0,0
"737","CCC001","ADFA",2021,0,0
"738","CCC001","ADFA",2022,0,0
"739","CCC001","ARCMAN",2021,0,0
"740","CCC001","ARCMAN",2022,0,0
"741","CCC001","CEACUN",2021,0,0
"742","CCC001","CEACUN",2022,0,0
"743","CCC001","CEAOLI",2021,0.34,1.7
"744","CCC001","CEAOLI",2022,0,0
"745","CCC001","CERBET",2021,0,0
"746","CCC001","CERBET",2022,0,0
"747","CCC001","ERICAL",2021,0.02,0.1
"748","CCC001","ERICAL",2022,0,0
"749","CCC001","ERINUD",2021,0,0
"750","CCC001","ERINUD",2022,0,0
"751","CCC001","HEAR",2021,0,0
"752","CCC001","HEAR",2022,0,0
"753","CCC001","HOLDIS",2021,0,0
"754","CCC001","HOLDIS",2022,0,0
"755","CCC001","LEPCAL",2021,0,0
"756","CCC001","LEPCAL",2022,0,0
"757","CCC001","MIMAUR",2021,0,0
"758","CCC001","MIMAUR",2022,0,0
"759","CCC001","RHAILI",2021,0,0
"760","CCC001","RHAILI",2022,0,0
"761","CCC001","RIBMAL",2021,0,0
"762","CCC001","RIBMAL",2022,0,0
"763","CCC001","SYMALB",2021,0,0
"764","CCC001","SYMALB",2022,0,0
"765","CCC001","SYMMOL",2021,0,0
"766","CCC001","SYMMOL",2022,0,0
"767","CCC001","TOXDIV",2021,0,0
"768","CCC001","TOXDIV",2022,0,0
"769","CCC003","ADFA",2021,0,0
"770","CCC003","ADFA",2022,0.88,4.4
"771","CCC003","ARCMAN",2021,0,0
"772","CCC003","ARCMAN",2022,0,0
"773","CCC003","CEACUN",2021,0.2,1
"774","CCC003","CEACUN",2022,2.3,11.5
"775","CCC003","CEAOLI",2021,0,0
"776","CCC003","CEAOLI",2022,0,0
"777","CCC003","CERBET",2021,0,0
"778","CCC003","CERBET",2022,0,0
"779","CCC003","ERICAL",2021,0.02,0.1
"780","CCC003","ERICAL",2022,3.2,16
"781","CCC003","ERINUD",2021,0,0
"782","CCC003","ERINUD",2022,0,0
"783","CCC003","HEAR",2021,0,0
"784","CCC003","HEAR",2022,0,0
"785","CCC003","HOLDIS",2021,0,0
"786","CCC003","HOLDIS",2022,0,0
"787","CCC003","LEPCAL",2021,0,0
"788","CCC003","LEPCAL",2022,0,0
"789","CCC003","MIMAUR",2021,0,0
"790","CCC003","MIMAUR",2022,0,0
"791","CCC003","RHAILI",2021,0,0
"792","CCC003","RHAILI",2022,0,0
"793","CCC003","RIBMAL",2021,0,0
"794","CCC003","RIBMAL",2022,0,0
"795","CCC003","SYMALB",2021,0,0
"796","CCC003","SYMALB",2022,0,0
"797","CCC003","SYMMOL",2021,0,0
"798","CCC003","SYMMOL",2022,0,0
"799","CCC003","TOXDIV",2021,0,0
"800","CCC003","TOXDIV",2022,0,0
"801","CCC005","ADFA",2021,0.02,0.1
"802","CCC005","ADFA",2022,1.42,7.1
"803","CCC005","ARCMAN",2021,0,0
"804","CCC005","ARCMAN",2022,0,0
"805","CCC005","CEACUN",2021,0,0
"806","CCC005","CEACUN",2022,0.4,2
"807","CCC005","CEAOLI",2021,0,0
"808","CCC005","CEAOLI",2022,0,0
"809","CCC005","CERBET",2021,0,0
"810","CCC005","CERBET",2022,0,0
"811","CCC005","ERICAL",2021,0.08,0.4
"812","CCC005","ERICAL",2022,0.4,2
"813","CCC005","ERINUD",2021,0,0
"814","CCC005","ERINUD",2022,0,0
"815","CCC005","HEAR",2021,0,0
"816","CCC005","HEAR",2022,0,0
"817","CCC005","HOLDIS",2021,0,0
"818","CCC005","HOLDIS",2022,0,0
"819","CCC005","LEPCAL",2021,0.02,0.1
"820","CCC005","LEPCAL",2022,2.2,11
"821","CCC005","MIMAUR",2021,0,0
"822","CCC005","MIMAUR",2022,0,0
"823","CCC005","RHAILI",2021,0,0
"824","CCC005","RHAILI",2022,0,0
"825","CCC005","RIBMAL",2021,0,0
"826","CCC005","RIBMAL",2022,0,0
"827","CCC005","SYMALB",2021,0,0
"828","CCC005","SYMALB",2022,0,0
"829","CCC005","SYMMOL",2021,0,0
"830","CCC005","SYMMOL",2022,0,0
"831","CCC005","TOXDIV",2021,0,0
"832","CCC005","TOXDIV",2022,0,0
"833","CCC006","ADFA",2021,0,0
"834","CCC006","ADFA",2022,0,0
"835","CCC006","ARCMAN",2021,0,0
"836","CCC006","ARCMAN",2022,0,0
"837","CCC006","CEACUN",2021,0.08,0.4
"838","CCC006","CEACUN",2022,0.04,0.2
"839","CCC006","CEAOLI",2021,0,0
"840","CCC006","CEAOLI",2022,0,0
"841","CCC006","CERBET",2021,0,0
"842","CCC006","CERBET",2022,0,0
"843","CCC006","ERICAL",2021,0,0
"844","CCC006","ERICAL",2022,0.02,0.1
"845","CCC006","ERINUD",2021,0,0
"846","CCC006","ERINUD",2022,0,0
"847","CCC006","HEAR",2021,0,0
"848","CCC006","HEAR",2022,0,0
"849","CCC006","HOLDIS",2021,0,0
"850","CCC006","HOLDIS",2022,0,0
"851","CCC006","LEPCAL",2021,0,0
"852","CCC006","LEPCAL",2022,0,0
"853","CCC006","MIMAUR",2021,0,0
"854","CCC006","MIMAUR",2022,0,0
"855","CCC006","RHAILI",2021,0,0
"856","CCC006","RHAILI",2022,0,0
"857","CCC006","RIBMAL",2021,0,0
"858","CCC006","RIBMAL",2022,0,0
"859","CCC006","SYMALB",2021,0,0
"860","CCC006","SYMALB",2022,0,0
"861","CCC006","SYMMOL",2021,0,0
"862","CCC006","SYMMOL",2022,0,0
"863","CCC006","TOXDIV",2021,0,0
"864","CCC006","TOXDIV",2022,0,0
"865","CCC008","ADFA",2021,0.04,0.2
"866","CCC008","ADFA",2022,0.06,0.3
"867","CCC008","ARCMAN",2021,0,0
"868","CCC008","ARCMAN",2022,0,0
"869","CCC008","CEACUN",2021,0,0
"870","CCC008","CEACUN",2022,0,0
"871","CCC008","CEAOLI",2021,0,0
"872","CCC008","CEAOLI",2022,0,0
"873","CCC008","CERBET",2021,0,0
"874","CCC008","CERBET",2022,0,0
"875","CCC008","ERICAL",2021,1.5,7.5
"876","CCC008","ERICAL",2022,0.6,3
"877","CCC008","ERINUD",2021,0,0
"878","CCC008","ERINUD",2022,0,0
"879","CCC008","HEAR",2021,0,0
"880","CCC008","HEAR",2022,0,0
"881","CCC008","HOLDIS",2021,0,0
"882","CCC008","HOLDIS",2022,0,0
"883","CCC008","LEPCAL",2021,0,0
"884","CCC008","LEPCAL",2022,0,0
"885","CCC008","MIMAUR",2021,0,0
"886","CCC008","MIMAUR",2022,0,0
"887","CCC008","RHAILI",2021,0,0
"888","CCC008","RHAILI",2022,0,0
"889","CCC008","RIBMAL",2021,0,0
"890","CCC008","RIBMAL",2022,0,0
"891","CCC008","SYMALB",2021,0,0
"892","CCC008","SYMALB",2022,0,0
"893","CCC008","SYMMOL",2021,0,0
"894","CCC008","SYMMOL",2022,0,0
"895","CCC008","TOXDIV",2021,0,0
"896","CCC008","TOXDIV",2022,0,0
"897","CCC009","ADFA",2021,0,0
"898","CCC009","ADFA",2022,0,0
"899","CCC009","ARCMAN",2021,0,0
"900","CCC009","ARCMAN",2022,0,0
"901","CCC009","CEACUN",2021,0,0
"902","CCC009","CEACUN",2022,0,0
"903","CCC009","CEAOLI",2021,0,0
"904","CCC009","CEAOLI",2022,0,0
"905","CCC009","CERBET",2021,0,0
"906","CCC009","CERBET",2022,0,0
"907","CCC009","ERICAL",2021,0,0
"908","CCC009","ERICAL",2022,0.8,4
"909","CCC009","ERINUD",2021,0,0
"910","CCC009","ERINUD",2022,0,0
"911","CCC009","HEAR",2021,0,0
"912","CCC009","HEAR",2022,0,0
"913","CCC009","HOLDIS",2021,0,0
"914","CCC009","HOLDIS",2022,0,0
"915","CCC009","LEPCAL",2021,0,0
"916","CCC009","LEPCAL",2022,0,0
"917","CCC009","MIMAUR",2021,0,0
"918","CCC009","MIMAUR",2022,0,0
"919","CCC009","RHAILI",2021,0,0
"920","CCC009","RHAILI",2022,0,0
"921","CCC009","RIBMAL",2021,0,0
"922","CCC009","RIBMAL",2022,0,0
"923","CCC009","SYMALB",2021,0,0
"924","CCC009","SYMALB",2022,0,0
"925","CCC009","SYMMOL",2021,0,0
"926","CCC009","SYMMOL",2022,0,0
"927","CCC009","TOXDIV",2021,0,0
"928","CCC009","TOXDIV",2022,0,0
"929","COL007","ADFA",2021,0,0
"930","COL007","ADFA",2022,0,0
"931","COL007","ARCMAN",2021,0,0
"932","COL007","ARCMAN",2022,0,0
"933","COL007","CEACUN",2021,0,0
"934","COL007","CEACUN",2022,0,0
"935","COL007","CEAOLI",2021,0,0
"936","COL007","CEAOLI",2022,0,0
"937","COL007","CERBET",2021,0,0
"938","COL007","CERBET",2022,0,0
"939","COL007","ERICAL",2021,0,0
"940","COL007","ERICAL",2022,0.5,2.5
"941","COL007","ERINUD",2021,0,0
"942","COL007","ERINUD",2022,0,0
"943","COL007","HEAR",2021,0,0
"944","COL007","HEAR",2022,0,0
"945","COL007","HOLDIS",2021,0,0
"946","COL007","HOLDIS",2022,0,0
"947","COL007","LEPCAL",2021,0,0
"948","COL007","LEPCAL",2022,0.2,1
"949","COL007","MIMAUR",2021,0,0
"950","COL007","MIMAUR",2022,0,0
"951","COL007","RHAILI",2021,0,0
"952","COL007","RHAILI",2022,0,0
"953","COL007","RIBMAL",2021,0,0
"954","COL007","RIBMAL",2022,0,0
"955","COL007","SYMALB",2021,0,0
"956","COL007","SYMALB",2022,0,0
"957","COL007","SYMMOL",2021,0,0
"958","COL007","SYMMOL",2022,0,0
"959","COL007","TOXDIV",2021,0,0
"960","COL007","TOXDIV",2022,0,0
"961","COL012","ADFA",2021,0,0
"962","COL012","ADFA",2022,0,0
"963","COL012","ARCMAN",2021,0,0
"964","COL012","ARCMAN",2022,0,0
"965","COL012","CEACUN",2021,0,0
"966","COL012","CEACUN",2022,0,0
"967","COL012","CEAOLI",2021,0,0
"968","COL012","CEAOLI",2022,0,0
"969","COL012","CERBET",2021,0,0
"970","COL012","CERBET",2022,0,0
"971","COL012","ERICAL",2021,1.02,5.1
"972","COL012","ERICAL",2022,4,20
"973","COL012","ERINUD",2021,0,0
"974","COL012","ERINUD",2022,0,0
"975","COL012","HEAR",2021,0,0
"976","COL012","HEAR",2022,0,0
"977","COL012","HOLDIS",2021,0,0
"978","COL012","HOLDIS",2022,0,0
"979","COL012","LEPCAL",2021,0,0
"980","COL012","LEPCAL",2022,0,0
"981","COL012","MIMAUR",2021,0,0
"982","COL012","MIMAUR",2022,0,0
"983","COL012","RHAILI",2021,0,0
"984","COL012","RHAILI",2022,0,0
"985","COL012","RIBMAL",2021,0,0
"986","COL012","RIBMAL",2022,0,0
"987","COL012","SYMALB",2021,0,0
"988","COL012","SYMALB",2022,0,0
"989","COL012","SYMMOL",2021,0,0
"990","COL012","SYMMOL",2022,0,0
"991","COL012","TOXDIV",2021,0,0
"992","COL012","TOXDIV",2022,0,0
"993","QUA004","ADFA",2021,0,0
"994","QUA004","ADFA",2022,0.04,0.2
"995","QUA004","ARCMAN",2021,0,0
"996","QUA004","ARCMAN",2022,0,0
"997","QUA004","CEACUN",2021,0,0
"998","QUA004","CEACUN",2022,2,10
"999","QUA004","CEAOLI",2021,0,0
"1000","QUA004","CEAOLI",2022,0,0
"1001","QUA004","CERBET",2021,0,0
"1002","QUA004","CERBET",2022,0,0
"1003","QUA004","ERICAL",2021,0,0
"1004","QUA004","ERICAL",2022,0,0
"1005","QUA004","ERINUD",2021,0,0
"1006","QUA004","ERINUD",2022,0,0
"1007","QUA004","HEAR",2021,0,0
"1008","QUA004","HEAR",2022,0,0
"1009","QUA004","HOLDIS",2021,0,0
"1010","QUA004","HOLDIS",2022,0,0
"1011","QUA004","LEPCAL",2021,0,0
"1012","QUA004","LEPCAL",2022,0,0
"1013","QUA004","MIMAUR",2021,0,0
"1014","QUA004","MIMAUR",2022,0,0
"1015","QUA004","RHAILI",2021,0,0
"1016","QUA004","RHAILI",2022,0,0
"1017","QUA004","RIBMAL",2021,0,0
"1018","QUA004","RIBMAL",2022,0,0
"1019","QUA004","SYMALB",2021,0,0
"1020","QUA004","SYMALB",2022,0,0
"1021","QUA004","SYMMOL",2021,0,0
"1022","QUA004","SYMMOL",2022,0,0
"1023","QUA004","TOXDIV",2021,0,0
"1024","QUA004","TOXDIV",2022,0,0
"1025","QUA009","ADFA",2021,0.6,3
"1026","QUA009","ADFA",2022,2.42,12.1
"1027","QUA009","ARCMAN",2021,0,0
"1028","QUA009","ARCMAN",2022,0,0
"1029","QUA009","CEACUN",2021,0,0
"1030","QUA009","CEACUN",2022,0,0
"1031","QUA009","CEAOLI",2021,0,0
"1032","QUA009","CEAOLI",2022,0,0
"1033","QUA009","CERBET",2021,0,0
"1034","QUA009","CERBET",2022,0,0
"1035","QUA009","ERICAL",2021,0,0
"1036","QUA009","ERICAL",2022,0,0
"1037","QUA009","ERINUD",2021,0,0
"1038","QUA009","ERINUD",2022,0,0
"1039","QUA009","HEAR",2021,0,0
"1040","QUA009","HEAR",2022,0,0
"1041","QUA009","HOLDIS",2021,0,0
"1042","QUA009","HOLDIS",2022,0,0
"1043","QUA009","LEPCAL",2021,0,0
"1044","QUA009","LEPCAL",2022,0,0
"1045","QUA009","MIMAUR",2021,0,0
"1046","QUA009","MIMAUR",2022,0,0
"1047","QUA009","RHAILI",2021,0,0
"1048","QUA009","RHAILI",2022,0,0
"1049","QUA009","RIBMAL",2021,0,0
"1050","QUA009","RIBMAL",2022,0,0
"1051","QUA009","SYMALB",2021,0,0
"1052","QUA009","SYMALB",2022,0,0
"1053","QUA009","SYMMOL",2021,0,0
"1054","QUA009","SYMMOL",2022,0,0
"1055","QUA009","TOXDIV",2021,0,0
"1056","QUA009","TOXDIV",2022,0,0
"1057","QUA010","ADFA",2021,0.6,3
"1058","QUA010","ADFA",2022,0.02,0.1
"1059","QUA010","ARCMAN",2021,0,0
"1060","QUA010","ARCMAN",2022,0,0
"1061","QUA010","CEACUN",2021,0,0
"1062","QUA010","CEACUN",2022,0,0
"1063","QUA010","CEAOLI",2021,0,0
"1064","QUA010","CEAOLI",2022,0,0
"1065","QUA010","CERBET",2021,0,0
"1066","QUA010","CERBET",2022,0,0
"1067","QUA010","ERICAL",2021,0,0
"1068","QUA010","ERICAL",2022,0,0
"1069","QUA010","ERINUD",2021,0,0
"1070","QUA010","ERINUD",2022,0,0
"1071","QUA010","HEAR",2021,0,0
"1072","QUA010","HEAR",2022,0,0
"1073","QUA010","HOLDIS",2021,0,0
"1074","QUA010","HOLDIS",2022,0,0
"1075","QUA010","LEPCAL",2021,0,0
"1076","QUA010","LEPCAL",2022,0,0
"1077","QUA010","MIMAUR",2021,0,0
"1078","QUA010","MIMAUR",2022,0,0
"1079","QUA010","RHAILI",2021,0,0
"1080","QUA010","RHAILI",2022,0,0
"1081","QUA010","RIBMAL",2021,0,0
"1082","QUA010","RIBMAL",2022,0,0
"1083","QUA010","SYMALB",2021,0,0
"1084","QUA010","SYMALB",2022,0,0
"1085","QUA010","SYMMOL",2021,0,0
"1086","QUA010","SYMMOL",2022,0,0
"1087","QUA010","TOXDIV",2021,0,0
"1088","QUA010","TOXDIV",2022,0,0
"1089","QUA011","ADFA",2021,0,0
"1090","QUA011","ADFA",2022,0.2,1
"1091","QUA011","ARCMAN",2021,0,0
"1092","QUA011","ARCMAN",2022,0,0
"1093","QUA011","CEACUN",2021,0,0
"1094","QUA011","CEACUN",2022,0,0
"1095","QUA011","CEAOLI",2021,0,0
"1096","QUA011","CEAOLI",2022,0,0
"1097","QUA011","CERBET",2021,0,0
"1098","QUA011","CERBET",2022,0,0
"1099","QUA011","ERICAL",2021,0,0
"1100","QUA011","ERICAL",2022,0,0
"1101","QUA011","ERINUD",2021,0,0
"1102","QUA011","ERINUD",2022,0,0
"1103","QUA011","HEAR",2021,0,0
"1104","QUA011","HEAR",2022,0,0
"1105","QUA011","HOLDIS",2021,0,0
"1106","QUA011","HOLDIS",2022,0,0
"1107","QUA011","LEPCAL",2021,0,0
"1108","QUA011","LEPCAL",2022,0,0
"1109","QUA011","MIMAUR",2021,0,0
"1110","QUA011","MIMAUR",2022,0,0
"1111","QUA011","RHAILI",2021,0,0
"1112","QUA011","RHAILI",2022,0,0
"1113","QUA011","RIBMAL",2021,0,0
"1114","QUA011","RIBMAL",2022,0,0
"1115","QUA011","SYMALB",2021,0,0
"1116","QUA011","SYMALB",2022,0,0
"1117","QUA011","SYMMOL",2021,0,0
"1118","QUA011","SYMMOL",2022,0,0
"1119","QUA011","TOXDIV",2021,0,0
"1120","QUA011","TOXDIV",2022,0,0
"1121","QUA015","ADFA",2021,0.6,3
"1122","QUA015","ADFA",2022,1.02,5.1
"1123","QUA015","ARCMAN",2021,0,0
"1124","QUA015","ARCMAN",2022,0,0
"1125","QUA015","CEACUN",2021,0.02,0.1
"1126","QUA015","CEACUN",2022,0.6,3
"1127","QUA015","CEAOLI",2021,0,0
"1128","QUA015","CEAOLI",2022,0,0
"1129","QUA015","CERBET",2021,0.02,0.1
"1130","QUA015","CERBET",2022,0,0
"1131","QUA015","ERICAL",2021,0,0
"1132","QUA015","ERICAL",2022,1.4,7
"1133","QUA015","ERINUD",2021,0,0
"1134","QUA015","ERINUD",2022,0,0
"1135","QUA015","HEAR",2021,0,0
"1136","QUA015","HEAR",2022,0,0
"1137","QUA015","HOLDIS",2021,0,0
"1138","QUA015","HOLDIS",2022,0,0
"1139","QUA015","LEPCAL",2021,0.02,0.1
"1140","QUA015","LEPCAL",2022,0,0
"1141","QUA015","MIMAUR",2021,0,0
"1142","QUA015","MIMAUR",2022,0.02,0.1
"1143","QUA015","RHAILI",2021,0,0
"1144","QUA015","RHAILI",2022,0,0
"1145","QUA015","RIBMAL",2021,0,0
"1146","QUA015","RIBMAL",2022,0,0
"1147","QUA015","SYMALB",2021,0,0
"1148","QUA015","SYMALB",2022,0,0
"1149","QUA015","SYMMOL",2021,0,0
"1150","QUA015","SYMMOL",2022,0,0
"1151","QUA015","TOXDIV",2021,0,0
"1152","QUA015","TOXDIV",2022,0,0
"1153","QUA016","ADFA",2021,0,0
"1154","QUA016","ADFA",2022,0,0
"1155","QUA016","ARCMAN",2021,0,0
"1156","QUA016","ARCMAN",2022,0,0
"1157","QUA016","CEACUN",2021,0,0
"1158","QUA016","CEACUN",2022,0,0
"1159","QUA016","CEAOLI",2021,0,0
"1160","QUA016","CEAOLI",2022,0.3,1.5
"1161","QUA016","CERBET",2021,0,0
"1162","QUA016","CERBET",2022,0,0
"1163","QUA016","ERICAL",2021,0,0
"1164","QUA016","ERICAL",2022,0,0
"1165","QUA016","ERINUD",2021,0,0
"1166","QUA016","ERINUD",2022,0,0
"1167","QUA016","HEAR",2021,0,0
"1168","QUA016","HEAR",2022,0,0
"1169","QUA016","HOLDIS",2021,0,0
"1170","QUA016","HOLDIS",2022,0,0
"1171","QUA016","LEPCAL",2021,0,0
"1172","QUA016","LEPCAL",2022,0.8,4
"1173","QUA016","MIMAUR",2021,0,0
"1174","QUA016","MIMAUR",2022,0.02,0.1
"1175","QUA016","RHAILI",2021,0,0
"1176","QUA016","RHAILI",2022,0,0
"1177","QUA016","RIBMAL",2021,0,0
"1178","QUA016","RIBMAL",2022,0,0
"1179","QUA016","SYMALB",2021,0,0
"1180","QUA016","SYMALB",2022,0,0
"1181","QUA016","SYMMOL",2021,0,0
"1182","QUA016","SYMMOL",2022,0,0
"1183","QUA016","TOXDIV",2021,0,0
"1184","QUA016","TOXDIV",2022,0,0
"1185","QUA020","ADFA",2021,0.6,3
"1186","QUA020","ADFA",2022,0.8,4
"1187","QUA020","ARCMAN",2021,0,0
"1188","QUA020","ARCMAN",2022,0,0
"1189","QUA020","CEACUN",2021,0.24,1.2
"1190","QUA020","CEACUN",2022,1.3,6.5
"1191","QUA020","CEAOLI",2021,0,0
"1192","QUA020","CEAOLI",2022,0,0
"1193","QUA020","CERBET",2021,0.02,0.1
"1194","QUA020","CERBET",2022,0,0
"1195","QUA020","ERICAL",2021,0,0
"1196","QUA020","ERICAL",2022,0,0
"1197","QUA020","ERINUD",2021,0,0
"1198","QUA020","ERINUD",2022,0,0
"1199","QUA020","HEAR",2021,0,0
"1200","QUA020","HEAR",2022,0,0
"1201","QUA020","HOLDIS",2021,0,0
"1202","QUA020","HOLDIS",2022,0,0
"1203","QUA020","LEPCAL",2021,0,0
"1204","QUA020","LEPCAL",2022,0,0
"1205","QUA020","MIMAUR",2021,0,0
"1206","QUA020","MIMAUR",2022,0,0
"1207","QUA020","RHAILI",2021,0,0
"1208","QUA020","RHAILI",2022,0,0
"1209","QUA020","RIBMAL",2021,0,0
"1210","QUA020","RIBMAL",2022,0,0
"1211","QUA020","SYMALB",2021,0,0
"1212","QUA020","SYMALB",2022,0,0
"1213","QUA020","SYMMOL",2021,0,0
"1214","QUA020","SYMMOL",2022,0,0
"1215","QUA020","TOXDIV",2021,0,0
"1216","QUA020","TOXDIV",2022,0,0
"1217","QUA024","ADFA",2021,0,0
"1218","QUA024","ADFA",2022,0,0
"1219","QUA024","ARCMAN",2021,0,0
"1220","QUA024","ARCMAN",2022,0,0
"1221","QUA024","CEACUN",2021,0,0
"1222","QUA024","CEACUN",2022,0,0
"1223","QUA024","CEAOLI",2021,0,0
"1224","QUA024","CEAOLI",2022,0,0
"1225","QUA024","CERBET",2021,0,0
"1226","QUA024","CERBET",2022,0,0
"1227","QUA024","ERICAL",2021,0,0
"1228","QUA024","ERICAL",2022,0,0
"1229","QUA024","ERINUD",2021,0,0
"1230","QUA024","ERINUD",2022,0,0
"1231","QUA024","HEAR",2021,0,0
"1232","QUA024","HEAR",2022,0,0
"1233","QUA024","HOLDIS",2021,0,0
"1234","QUA024","HOLDIS",2022,0,0
"1235","QUA024","LEPCAL",2021,0,0
"1236","QUA024","LEPCAL",2022,0.02,0.1
"1237","QUA024","MIMAUR",2021,0,0
"1238","QUA024","MIMAUR",2022,0,0
"1239","QUA024","RHAILI",2021,0,0
"1240","QUA024","RHAILI",2022,0,0
"1241","QUA024","RIBMAL",2021,0,0
"1242","QUA024","RIBMAL",2022,0,0
"1243","QUA024","SYMALB",2021,0,0
"1244","QUA024","SYMALB",2022,0,0
"1245","QUA024","SYMMOL",2021,0,0
"1246","QUA024","SYMMOL",2022,0,0
"1247","QUA024","TOXDIV",2021,0,0
"1248","QUA024","TOXDIV",2022,0,0
"1249","QUA025","ADFA",2021,0,0
"1250","QUA025","ADFA",2022,0.1,0.5
"1251","QUA025","ARCMAN",2021,0,0
"1252","QUA025","ARCMAN",2022,0,0
"1253","QUA025","CEACUN",2021,0,0
"1254","QUA025","CEACUN",2022,0,0
"1255","QUA025","CEAOLI",2021,0,0
"1256","QUA025","CEAOLI",2022,0,0
"1257","QUA025","CERBET",2021,0,0
"1258","QUA025","CERBET",2022,0,0
"1259","QUA025","ERICAL",2021,0,0
"1260","QUA025","ERICAL",2022,0,0
"1261","QUA025","ERINUD",2021,0,0
"1262","QUA025","ERINUD",2022,0,0
"1263","QUA025","HEAR",2021,0,0
"1264","QUA025","HEAR",2022,0,0
"1265","QUA025","HOLDIS",2021,0,0
"1266","QUA025","HOLDIS",2022,0,0
"1267","QUA025","LEPCAL",2021,0,0
"1268","QUA025","LEPCAL",2022,0.8,4
"1269","QUA025","MIMAUR",2021,0,0
"1270","QUA025","MIMAUR",2022,0,0
"1271","QUA025","RHAILI",2021,0,0
"1272","QUA025","RHAILI",2022,0,0
"1273","QUA025","RIBMAL",2021,0,0
"1274","QUA025","RIBMAL",2022,0,0
"1275","QUA025","SYMALB",2021,0,0
"1276","QUA025","SYMALB",2022,0,0
"1277","QUA025","SYMMOL",2021,0,0
"1278","QUA025","SYMMOL",2022,0,0
"1279","QUA025","TOXDIV",2021,0,0
"1280","QUA025","TOXDIV",2022,0,0
"1281","BOB008","ADFA",2021,0,0
"1282","BOB008","ADFA",2022,0,0
"1283","BOB008","ARCMAN",2021,0,0
"1284","BOB008","ARCMAN",2022,0,0
"1285","BOB008","CEACUN",2021,0,0
"1286","BOB008","CEACUN",2022,0,0
"1287","BOB008","CEAOLI",2021,0,0
"1288","BOB008","CEAOLI",2022,0,0
"1289","BOB008","CERBET",2021,0,0
"1290","BOB008","CERBET",2022,0,0
"1291","BOB008","ERICAL",2021,0,0
"1292","BOB008","ERICAL",2022,0,0
"1293","BOB008","ERINUD",2021,0,0
"1294","BOB008","ERINUD",2022,0,0
"1295","BOB008","HEAR",2021,0,0
"1296","BOB008","HEAR",2022,0,0
"1297","BOB008","HOLDIS",2021,0,0
"1298","BOB008","HOLDIS",2022,0,0
"1299","BOB008","LEPCAL",2021,0,0
"1300","BOB008","LEPCAL",2022,0,0
"1301","BOB008","MIMAUR",2021,0,0
"1302","BOB008","MIMAUR",2022,0,0
"1303","BOB008","RHAILI",2021,0,0
"1304","BOB008","RHAILI",2022,0,0
"1305","BOB008","RIBMAL",2021,0,0
"1306","BOB008","RIBMAL",2022,0,0
"1307","BOB008","SYMALB",2021,0,0
"1308","BOB008","SYMALB",2022,0,0
"1309","BOB008","SYMMOL",2021,0,0
"1310","BOB008","SYMMOL",2022,0,0
"1311","BOB008","TOXDIV",2021,0,0
"1312","BOB008","TOXDIV",2022,0,0
"1313","BOB013","ADFA",2021,0,0
"1314","BOB013","ADFA",2022,0,0
"1315","BOB013","ARCMAN",2021,0,0
"1316","BOB013","ARCMAN",2022,0,0
"1317","BOB013","CEACUN",2021,0,0
"1318","BOB013","CEACUN",2022,0,0
"1319","BOB013","CEAOLI",2021,0,0
"1320","BOB013","CEAOLI",2022,0,0
"1321","BOB013","CERBET",2021,0,0
"1322","BOB013","CERBET",2022,0,0
"1323","BOB013","ERICAL",2021,0,0
"1324","BOB013","ERICAL",2022,0,0
"1325","BOB013","ERINUD",2021,0,0
"1326","BOB013","ERINUD",2022,0,0
"1327","BOB013","HEAR",2021,0,0
"1328","BOB013","HEAR",2022,0,0
"1329","BOB013","HOLDIS",2021,0,0
"1330","BOB013","HOLDIS",2022,0,0
"1331","BOB013","LEPCAL",2021,0,0
"1332","BOB013","LEPCAL",2022,0,0
"1333","BOB013","MIMAUR",2021,0,0
"1334","BOB013","MIMAUR",2022,0,0
"1335","BOB013","RHAILI",2021,0,0
"1336","BOB013","RHAILI",2022,0,0
"1337","BOB013","RIBMAL",2021,0,0
"1338","BOB013","RIBMAL",2022,0,0
"1339","BOB013","SYMALB",2021,0,0
"1340","BOB013","SYMALB",2022,0,0
"1341","BOB013","SYMMOL",2021,0,0
"1342","BOB013","SYMMOL",2022,0,0
"1343","BOB013","TOXDIV",2021,0,0
"1344","BOB013","TOXDIV",2022,0,0
"1345","BOB015","ADFA",2021,0,0
"1346","BOB015","ADFA",2022,0,0
"1347","BOB015","ARCMAN",2021,0,0
"1348","BOB015","ARCMAN",2022,0,0
"1349","BOB015","CEACUN",2021,0,0
"1350","BOB015","CEACUN",2022,0,0
"1351","BOB015","CEAOLI",2021,0,0
"1352","BOB015","CEAOLI",2022,0,0
"1353","BOB015","CERBET",2021,0,0
"1354","BOB015","CERBET",2022,0,0
"1355","BOB015","ERICAL",2021,0,0
"1356","BOB015","ERICAL",2022,1,5
"1357","BOB015","ERINUD",2021,0,0
"1358","BOB015","ERINUD",2022,0,0
"1359","BOB015","HEAR",2021,0,0
"1360","BOB015","HEAR",2022,0,0
"1361","BOB015","HOLDIS",2021,0,0
"1362","BOB015","HOLDIS",2022,0,0
"1363","BOB015","LEPCAL",2021,0,0
"1364","BOB015","LEPCAL",2022,0.2,1
"1365","BOB015","MIMAUR",2021,0,0
"1366","BOB015","MIMAUR",2022,0,0
"1367","BOB015","RHAILI",2021,0,0
"1368","BOB015","RHAILI",2022,0,0
"1369","BOB015","RIBMAL",2021,0,0
"1370","BOB015","RIBMAL",2022,0,0
"1371","BOB015","SYMALB",2021,0,0
"1372","BOB015","SYMALB",2022,0,0
"1373","BOB015","SYMMOL",2021,0,0
"1374","BOB015","SYMMOL",2022,0,0
"1375","BOB015","TOXDIV",2021,0,0
"1376","BOB015","TOXDIV",2022,0,0
"1377","BOB019","ADFA",2021,0,0
"1378","BOB019","ADFA",2022,0,0
"1379","BOB019","ARCMAN",2021,0,0
"1380","BOB019","ARCMAN",2022,0,0
"1381","BOB019","CEACUN",2021,0,0
"1382","BOB019","CEACUN",2022,0,0
"1383","BOB019","CEAOLI",2021,0,0
"1384","BOB019","CEAOLI",2022,0,0
"1385","BOB019","CERBET",2021,0,0
"1386","BOB019","CERBET",2022,0,0
"1387","BOB019","ERICAL",2021,0,0
"1388","BOB019","ERICAL",2022,0,0
"1389","BOB019","ERINUD",2021,0,0
"1390","BOB019","ERINUD",2022,0,0
"1391","BOB019","HEAR",2021,0,0
"1392","BOB019","HEAR",2022,0,0
"1393","BOB019","HOLDIS",2021,0,0
"1394","BOB019","HOLDIS",2022,0,0
"1395","BOB019","LEPCAL",2021,0,0
"1396","BOB019","LEPCAL",2022,16,80
"1397","BOB019","MIMAUR",2021,0,0
"1398","BOB019","MIMAUR",2022,0,0
"1399","BOB019","RHAILI",2021,0,0
"1400","BOB019","RHAILI",2022,0,0
"1401","BOB019","RIBMAL",2021,0,0
"1402","BOB019","RIBMAL",2022,0,0
"1403","BOB019","SYMALB",2021,0,0
"1404","BOB019","SYMALB",2022,0,0
"1405","BOB019","SYMMOL",2021,0,0
"1406","BOB019","SYMMOL",2022,0,0
"1407","BOB019","TOXDIV",2021,0,0
"1408","BOB019","TOXDIV",2022,0,0
"1409","CCC007","ADFA",2021,0,0
"1410","CCC007","ADFA",2022,0,0
"1411","CCC007","ARCMAN",2021,0,0
"1412","CCC007","ARCMAN",2022,0,0
"1413","CCC007","CEACUN",2021,0,0
"1414","CCC007","CEACUN",2022,0,0
"1415","CCC007","CEAOLI",2021,0,0
"1416","CCC007","CEAOLI",2022,0,0
"1417","CCC007","CERBET",2021,0,0
"1418","CCC007","CERBET",2022,0,0
"1419","CCC007","ERICAL",2021,0.4,2
"1420","CCC007","ERICAL",2022,0.5,2.5
"1421","CCC007","ERINUD",2021,0,0
"1422","CCC007","ERINUD",2022,0,0
"1423","CCC007","HEAR",2021,0,0
"1424","CCC007","HEAR",2022,0,0
"1425","CCC007","HOLDIS",2021,0,0
"1426","CCC007","HOLDIS",2022,0,0
"1427","CCC007","LEPCAL",2021,0,0
"1428","CCC007","LEPCAL",2022,0,0
"1429","CCC007","MIMAUR",2021,0,0
"1430","CCC007","MIMAUR",2022,0,0
"1431","CCC007","RHAILI",2021,0,0
"1432","CCC007","RHAILI",2022,0,0
"1433","CCC007","RIBMAL",2021,0,0
"1434","CCC007","RIBMAL",2022,0,0
"1435","CCC007","SYMALB",2021,0,0
"1436","CCC007","SYMALB",2022,0,0
"1437","CCC007","SYMMOL",2021,0,0
"1438","CCC007","SYMMOL",2022,0,0
"1439","CCC007","TOXDIV",2021,0,0
"1440","CCC007","TOXDIV",2022,0,0
"1441","COL018","ADFA",2021,0,0
"1442","COL018","ADFA",2022,0,0
"1443","COL018","ARCMAN",2021,0,0
"1444","COL018","ARCMAN",2022,0,0
"1445","COL018","CEACUN",2021,0,0
"1446","COL018","CEACUN",2022,0,0
"1447","COL018","CEAOLI",2021,0,0
"1448","COL018","CEAOLI",2022,0,0
"1449","COL018","CERBET",2021,0,0
"1450","COL018","CERBET",2022,0,0
"1451","COL018","ERICAL",2021,0.6,3
"1452","COL018","ERICAL",2022,0.8,4
"1453","COL018","ERINUD",2021,0,0
"1454","COL018","ERINUD",2022,0,0
"1455","COL018","HEAR",2021,0,0
"1456","COL018","HEAR",2022,0,0
"1457","COL018","HOLDIS",2021,0,0
"1458","COL018","HOLDIS",2022,0,0
"1459","COL018","LEPCAL",2021,0,0
"1460","COL018","LEPCAL",2022,0,0
"1461","COL018","MIMAUR",2021,0,0
"1462","COL018","MIMAUR",2022,0,0
"1463","COL018","RHAILI",2021,0,0
"1464","COL018","RHAILI",2022,0,0
"1465","COL018","RIBMAL",2021,0,0
"1466","COL018","RIBMAL",2022,0,0
"1467","COL018","SYMALB",2021,0,0
"1468","COL018","SYMALB",2022,0,0
"1469","COL018","SYMMOL",2021,0,0
"1470","COL018","SYMMOL",2022,0,0
"1471","COL018","TOXDIV",2021,0,0
"1472","COL018","TOXDIV",2022,0,0
"1473","QUA001","ADFA",2021,0,0
"1474","QUA001","ADFA",2022,0,0
"1475","QUA001","ARCMAN",2021,0,0
"1476","QUA001","ARCMAN",2022,0,0
"1477","QUA001","CEACUN",2021,0,0
"1478","QUA001","CEACUN",2022,0,0
"1479","QUA001","CEAOLI",2021,0,0
"1480","QUA001","CEAOLI",2022,0,0
"1481","QUA001","CERBET",2021,0,0
"1482","QUA001","CERBET",2022,0,0
"1483","QUA001","ERICAL",2021,0,0
"1484","QUA001","ERICAL",2022,0,0
"1485","QUA001","ERINUD",2021,0,0
"1486","QUA001","ERINUD",2022,0,0
"1487","QUA001","HEAR",2021,0,0
"1488","QUA001","HEAR",2022,0,0
"1489","QUA001","HOLDIS",2021,0,0
"1490","QUA001","HOLDIS",2022,0,0
"1491","QUA001","LEPCAL",2021,1,5
"1492","QUA001","LEPCAL",2022,0,0
"1493","QUA001","MIMAUR",2021,0,0
"1494","QUA001","MIMAUR",2022,0,0
"1495","QUA001","RHAILI",2021,0,0
"1496","QUA001","RHAILI",2022,0,0
"1497","QUA001","RIBMAL",2021,0,0
"1498","QUA001","RIBMAL",2022,0,0
"1499","QUA001","SYMALB",2021,0,0
"1500","QUA001","SYMALB",2022,0,0
"1501","QUA001","SYMMOL",2021,0,0
"1502","QUA001","SYMMOL",2022,0,0
"1503","QUA001","TOXDIV",2021,0,0
"1504","QUA001","TOXDIV",2022,0,0
"1505","BOB007","ADFA",2021,0,0
"1506","BOB007","ADFA",2022,0,0
"1507","BOB007","ARCMAN",2021,0,0
"1508","BOB007","ARCMAN",2022,0,0
"1509","BOB007","CEACUN",2021,0,0
"1510","BOB007","CEACUN",2022,0,0
"1511","BOB007","CEAOLI",2021,0,0
"1512","BOB007","CEAOLI",2022,0,0
"1513","BOB007","CERBET",2021,0,0
"1514","BOB007","CERBET",2022,0,0
"1515","BOB007","ERICAL",2021,0,0
"1516","BOB007","ERICAL",2022,0,0
"1517","BOB007","ERINUD",2021,0,0
"1518","BOB007","ERINUD",2022,0,0
"1519","BOB007","HEAR",2021,0,0
"1520","BOB007","HEAR",2022,0,0
"1521","BOB007","HOLDIS",2021,0,0
"1522","BOB007","HOLDIS",2022,0,0
"1523","BOB007","LEPCAL",2021,0,0
"1524","BOB007","LEPCAL",2022,0,0
"1525","BOB007","MIMAUR",2021,0,0
"1526","BOB007","MIMAUR",2022,0,0
"1527","BOB007","RHAILI",2021,0,0
"1528","BOB007","RHAILI",2022,0,0
"1529","BOB007","RIBMAL",2021,0,0
"1530","BOB007","RIBMAL",2022,0,0
"1531","BOB007","SYMALB",2021,0,0
"1532","BOB007","SYMALB",2022,0,0
"1533","BOB007","SYMMOL",2021,0,0
"1534","BOB007","SYMMOL",2022,0,0
"1535","BOB007","TOXDIV",2021,0,0
"1536","BOB007","TOXDIV",2022,0,0
"1537","COL017","ADFA",2021,0,0
"1538","COL017","ADFA",2022,0,0
"1539","COL017","ARCMAN",2021,0,0
"1540","COL017","ARCMAN",2022,0,0
"1541","COL017","CEACUN",2021,0,0
"1542","COL017","CEACUN",2022,0,0
"1543","COL017","CEAOLI",2021,0,0
"1544","COL017","CEAOLI",2022,0,0
"1545","COL017","CERBET",2021,0,0
"1546","COL017","CERBET",2022,0,0
"1547","COL017","ERICAL",2021,0,0
"1548","COL017","ERICAL",2022,0,0
"1549","COL017","ERINUD",2021,0,0
"1550","COL017","ERINUD",2022,0,0
"1551","COL017","HEAR",2021,0,0
"1552","COL017","HEAR",2022,0,0
"1553","COL017","HOLDIS",2021,0,0
"1554","COL017","HOLDIS",2022,0,0
"1555","COL017","LEPCAL",2021,0.2,1
"1556","COL017","LEPCAL",2022,0,0
"1557","COL017","MIMAUR",2021,0,0
"1558","COL017","MIMAUR",2022,0,0
"1559","COL017","RHAILI",2021,0,0
"1560","COL017","RHAILI",2022,0,0
"1561","COL017","RIBMAL",2021,0,0
"1562","COL017","RIBMAL",2022,0,0
"1563","COL017","SYMALB",2021,0,0
"1564","COL017","SYMALB",2022,0,0
"1565","COL017","SYMMOL",2021,0,0
"1566","COL017","SYMMOL",2022,0,0
"1567","COL017","TOXDIV",2021,0,0
"1568","COL017","TOXDIV",2022,0,0
"1569","QUA021","ADFA",2021,0.04,0.2
"1570","QUA021","ADFA",2022,0.1,0.5
"1571","QUA021","ARCMAN",2021,0,0
"1572","QUA021","ARCMAN",2022,0,0
"1573","QUA021","CEACUN",2021,0.14,0.7
"1574","QUA021","CEACUN",2022,0.8,4
"1575","QUA021","CEAOLI",2021,0,0
"1576","QUA021","CEAOLI",2022,0,0
"1577","QUA021","CERBET",2021,0,0
"1578","QUA021","CERBET",2022,0,0
"1579","QUA021","ERICAL",2021,0,0
"1580","QUA021","ERICAL",2022,0,0
"1581","QUA021","ERINUD",2021,0,0
"1582","QUA021","ERINUD",2022,0,0
"1583","QUA021","HEAR",2021,0,0
"1584","QUA021","HEAR",2022,0,0
"1585","QUA021","HOLDIS",2021,0,0
"1586","QUA021","HOLDIS",2022,0,0
"1587","QUA021","LEPCAL",2021,0.42,2.1
"1588","QUA021","LEPCAL",2022,3.5,17.5
"1589","QUA021","MIMAUR",2021,0,0
"1590","QUA021","MIMAUR",2022,0,0
"1591","QUA021","RHAILI",2021,0,0
"1592","QUA021","RHAILI",2022,0,0
"1593","QUA021","RIBMAL",2021,0,0
"1594","QUA021","RIBMAL",2022,0,0
"1595","QUA021","SYMALB",2021,0,0
"1596","QUA021","SYMALB",2022,0,0
"1597","QUA021","SYMMOL",2021,0,0
"1598","QUA021","SYMMOL",2022,0,0
"1599","QUA021","TOXDIV",2021,0,0
"1600","QUA021","TOXDIV",2022,0,0
"1601","QUA022","ADFA",2021,0,0
"1602","QUA022","ADFA",2022,1.2,6
"1603","QUA022","ARCMAN",2021,0,0
"1604","QUA022","ARCMAN",2022,0,0
"1605","QUA022","CEACUN",2021,0,0
"1606","QUA022","CEACUN",2022,0,0
"1607","QUA022","CEAOLI",2021,0,0
"1608","QUA022","CEAOLI",2022,0,0
"1609","QUA022","CERBET",2021,0,0
"1610","QUA022","CERBET",2022,0,0
"1611","QUA022","ERICAL",2021,0,0
"1612","QUA022","ERICAL",2022,0,0
"1613","QUA022","ERINUD",2021,0,0
"1614","QUA022","ERINUD",2022,0,0
"1615","QUA022","HEAR",2021,0,0
"1616","QUA022","HEAR",2022,0,0
"1617","QUA022","HOLDIS",2021,0,0
"1618","QUA022","HOLDIS",2022,0,0
"1619","QUA022","LEPCAL",2021,0.02,0.1
"1620","QUA022","LEPCAL",2022,0,0
"1621","QUA022","MIMAUR",2021,0,0
"1622","QUA022","MIMAUR",2022,0,0
"1623","QUA022","RHAILI",2021,0,0
"1624","QUA022","RHAILI",2022,0,0
"1625","QUA022","RIBMAL",2021,0,0
"1626","QUA022","RIBMAL",2022,0,0
"1627","QUA022","SYMALB",2021,0,0
"1628","QUA022","SYMALB",2022,0,0
"1629","QUA022","SYMMOL",2021,0,0
"1630","QUA022","SYMMOL",2022,0,0
"1631","QUA022","TOXDIV",2021,0,0
"1632","QUA022","TOXDIV",2022,0,0
"1633","CCC010","ADFA",2021,0,0
"1634","CCC010","ADFA",2022,0,0
"1635","CCC010","ARCMAN",2021,0,0
"1636","CCC010","ARCMAN",2022,0,0
"1637","CCC010","CEACUN",2021,0,0
"1638","CCC010","CEACUN",2022,0,0
"1639","CCC010","CEAOLI",2021,0,0
"1640","CCC010","CEAOLI",2022,0,0
"1641","CCC010","CERBET",2021,0,0
"1642","CCC010","CERBET",2022,0,0
"1643","CCC010","ERICAL",2021,0.28,1.4
"1644","CCC010","ERICAL",2022,0,0
"1645","CCC010","ERINUD",2021,0,0
"1646","CCC010","ERINUD",2022,0,0
"1647","CCC010","HEAR",2021,0,0
"1648","CCC010","HEAR",2022,0,0
"1649","CCC010","HOLDIS",2021,0,0
"1650","CCC010","HOLDIS",2022,0,0
"1651","CCC010","LEPCAL",2021,0,0
"1652","CCC010","LEPCAL",2022,0,0
"1653","CCC010","MIMAUR",2021,0,0
"1654","CCC010","MIMAUR",2022,0.2,1
"1655","CCC010","RHAILI",2021,0,0
"1656","CCC010","RHAILI",2022,0,0
"1657","CCC010","RIBMAL",2021,0,0
"1658","CCC010","RIBMAL",2022,0,0
"1659","CCC010","SYMALB",2021,0,0
"1660","CCC010","SYMALB",2022,0,0
"1661","CCC010","SYMMOL",2021,0,0
"1662","CCC010","SYMMOL",2022,0,0
"1663","CCC010","TOXDIV",2021,0,0
"1664","CCC010","TOXDIV",2022,0,0
"1665","CCC012","ADFA",2021,0,0
"1666","CCC012","ADFA",2022,0,0
"1667","CCC012","ARCMAN",2021,0,0
"1668","CCC012","ARCMAN",2022,0,0
"1669","CCC012","CEACUN",2021,0,0
"1670","CCC012","CEACUN",2022,0,0
"1671","CCC012","CEAOLI",2021,0,0
"1672","CCC012","CEAOLI",2022,0,0
"1673","CCC012","CERBET",2021,0,0
"1674","CCC012","CERBET",2022,0,0
"1675","CCC012","ERICAL",2021,0,0
"1676","CCC012","ERICAL",2022,0,0
"1677","CCC012","ERINUD",2021,0,0
"1678","CCC012","ERINUD",2022,0,0
"1679","CCC012","HEAR",2021,0,0
"1680","CCC012","HEAR",2022,0,0
"1681","CCC012","HOLDIS",2021,0,0
"1682","CCC012","HOLDIS",2022,0,0
"1683","CCC012","LEPCAL",2021,0,0
"1684","CCC012","LEPCAL",2022,0,0
"1685","CCC012","MIMAUR",2021,0,0
"1686","CCC012","MIMAUR",2022,0,0
"1687","CCC012","RHAILI",2021,0,0
"1688","CCC012","RHAILI",2022,0,0
"1689","CCC012","RIBMAL",2021,0,0
"1690","CCC012","RIBMAL",2022,0,0
"1691","CCC012","SYMALB",2021,0,0
"1692","CCC012","SYMALB",2022,0,0
"1693","CCC012","SYMMOL",2021,0,0
"1694","CCC012","SYMMOL",2022,0,0
"1695","CCC012","TOXDIV",2021,0,0
"1696","CCC012","TOXDIV",2022,0,0
"1697","CCC002","ADFA",2021,0,0
"1698","CCC002","ADFA",2022,0,0
"1699","CCC002","ARCMAN",2021,0.04,0.2
"1700","CCC002","ARCMAN",2022,0,0
"1701","CCC002","CEACUN",2021,0,0
"1702","CCC002","CEACUN",2022,0,0
"1703","CCC002","CEAOLI",2021,0,0
"1704","CCC002","CEAOLI",2022,0,0
"1705","CCC002","CERBET",2021,0,0
"1706","CCC002","CERBET",2022,0,0
"1707","CCC002","ERICAL",2021,0.02,0.1
"1708","CCC002","ERICAL",2022,0,0
"1709","CCC002","ERINUD",2021,0,0
"1710","CCC002","ERINUD",2022,0,0
"1711","CCC002","HEAR",2021,0,0
"1712","CCC002","HEAR",2022,0,0
"1713","CCC002","HOLDIS",2021,0.06,0.3
"1714","CCC002","HOLDIS",2022,0.2,1
"1715","CCC002","LEPCAL",2021,0,0
"1716","CCC002","LEPCAL",2022,0,0
"1717","CCC002","MIMAUR",2021,0,0
"1718","CCC002","MIMAUR",2022,0,0
"1719","CCC002","RHAILI",2021,0,0
"1720","CCC002","RHAILI",2022,0,0
"1721","CCC002","RIBMAL",2021,0,0
"1722","CCC002","RIBMAL",2022,0,0
"1723","CCC002","SYMALB",2021,0,0
"1724","CCC002","SYMALB",2022,0,0
"1725","CCC002","SYMMOL",2021,0,0
"1726","CCC002","SYMMOL",2022,0,0
"1727","CCC002","TOXDIV",2021,0,0
"1728","CCC002","TOXDIV",2022,0,0
