"","PlotID","spp","year","presence","prop.presence"
"1","CCC004","ADFA",2021,0,0
"2","CCC004","ADFA",2022,0,0
"3","CCC004","ARCMAN",2021,0,0
"4","CCC004","ARCMAN",2022,0,0
"5","CCC004","CEACUN",2021,0,0
"6","CCC004","CEACUN",2022,0,0
"7","CCC004","CEAOLI",2021,5,1
"8","CCC004","CEAOLI",2022,0,0
"9","CCC004","CERBET",2021,0,0
"10","CCC004","CERBET",2022,0,0
"11","CCC004","ERICAL",2021,3,0.6
"12","CCC004","ERICAL",2022,0,0
"13","CCC004","ERINUD",2021,0,0
"14","CCC004","ERINUD",2022,0,0
"15","CCC004","HEAR",2021,0,0
"16","CCC004","HEAR",2022,0,0
"17","CCC004","HOLDIS",2021,0,0
"18","CCC004","HOLDIS",2022,0,0
"19","CCC004","MIMAUR",2021,0,0
"20","CCC004","MIMAUR",2022,0,0
"21","CCC004","RHAILI",2021,0,0
"22","CCC004","RHAILI",2022,0,0
"23","CCC004","RIBMAL",2021,0,0
"24","CCC004","RIBMAL",2022,0,0
"25","CCC004","SYMALB",2021,0,0
"26","CCC004","SYMALB",2022,0,0
"27","CCC004","SYMMOL",2021,0,0
"28","CCC004","SYMMOL",2022,0,0
"29","CCC004","TOXDIV",2021,0,0
"30","CCC004","TOXDIV",2022,0,0
"31","CCC011","ADFA",2021,0,0
"32","CCC011","ADFA",2022,2,0.4
"33","CCC011","ARCMAN",2021,0,0
"34","CCC011","ARCMAN",2022,0,0
"35","CCC011","CEACUN",2021,1,0.2
"36","CCC011","CEACUN",2022,0,0
"37","CCC011","CEAOLI",2021,0,0
"38","CCC011","CEAOLI",2022,0,0
"39","CCC011","CERBET",2021,1,0.2
"40","CCC011","CERBET",2022,0,0
"41","CCC011","ERICAL",2021,0,0
"42","CCC011","ERICAL",2022,1,0.2
"43","CCC011","ERINUD",2021,0,0
"44","CCC011","ERINUD",2022,0,0
"45","CCC011","HEAR",2021,0,0
"46","CCC011","HEAR",2022,0,0
"47","CCC011","HOLDIS",2021,0,0
"48","CCC011","HOLDIS",2022,0,0
"49","CCC011","MIMAUR",2021,0,0
"50","CCC011","MIMAUR",2022,0,0
"51","CCC011","RHAILI",2021,0,0
"52","CCC011","RHAILI",2022,0,0
"53","CCC011","RIBMAL",2021,0,0
"54","CCC011","RIBMAL",2022,0,0
"55","CCC011","SYMALB",2021,0,0
"56","CCC011","SYMALB",2022,0,0
"57","CCC011","SYMMOL",2021,0,0
"58","CCC011","SYMMOL",2022,0,0
"59","CCC011","TOXDIV",2021,0,0
"60","CCC011","TOXDIV",2022,0,0
"61","COL014","ADFA",2021,0,0
"62","COL014","ADFA",2022,0,0
"63","COL014","ARCMAN",2021,0,0
"64","COL014","ARCMAN",2022,0,0
"65","COL014","CEACUN",2021,0,0
"66","COL014","CEACUN",2022,0,0
"67","COL014","CEAOLI",2021,0,0
"68","COL014","CEAOLI",2022,0,0
"69","COL014","CERBET",2021,0,0
"70","COL014","CERBET",2022,0,0
"71","COL014","ERICAL",2021,0,0
"72","COL014","ERICAL",2022,0,0
"73","COL014","ERINUD",2021,0,0
"74","COL014","ERINUD",2022,0,0
"75","COL014","HEAR",2021,0,0
"76","COL014","HEAR",2022,0,0
"77","COL014","HOLDIS",2021,0,0
"78","COL014","HOLDIS",2022,0,0
"79","COL014","MIMAUR",2021,0,0
"80","COL014","MIMAUR",2022,0,0
"81","COL014","RHAILI",2021,0,0
"82","COL014","RHAILI",2022,0,0
"83","COL014","RIBMAL",2021,0,0
"84","COL014","RIBMAL",2022,0,0
"85","COL014","SYMALB",2021,0,0
"86","COL014","SYMALB",2022,0,0
"87","COL014","SYMMOL",2021,0,0
"88","COL014","SYMMOL",2022,0,0
"89","COL014","TOXDIV",2021,0,0
"90","COL014","TOXDIV",2022,0,0
"91","BOB012","ADFA",2021,0,0
"92","BOB012","ADFA",2022,0,0
"93","BOB012","ARCMAN",2021,0,0
"94","BOB012","ARCMAN",2022,0,0
"95","BOB012","CEACUN",2021,0,0
"96","BOB012","CEACUN",2022,0,0
"97","BOB012","CEAOLI",2021,0,0
"98","BOB012","CEAOLI",2022,0,0
"99","BOB012","CERBET",2021,0,0
"100","BOB012","CERBET",2022,0,0
"101","BOB012","ERICAL",2021,0,0
"102","BOB012","ERICAL",2022,1,0.2
"103","BOB012","ERINUD",2021,0,0
"104","BOB012","ERINUD",2022,0,0
"105","BOB012","HEAR",2021,0,0
"106","BOB012","HEAR",2022,0,0
"107","BOB012","HOLDIS",2021,0,0
"108","BOB012","HOLDIS",2022,0,0
"109","BOB012","MIMAUR",2021,0,0
"110","BOB012","MIMAUR",2022,0,0
"111","BOB012","RHAILI",2021,0,0
"112","BOB012","RHAILI",2022,0,0
"113","BOB012","RIBMAL",2021,0,0
"114","BOB012","RIBMAL",2022,0,0
"115","BOB012","SYMALB",2021,0,0
"116","BOB012","SYMALB",2022,0,0
"117","BOB012","SYMMOL",2021,0,0
"118","BOB012","SYMMOL",2022,0,0
"119","BOB012","TOXDIV",2021,0,0
"120","BOB012","TOXDIV",2022,0,0
"121","BOB001","ADFA",2021,0,0
"122","BOB001","ADFA",2022,0,0
"123","BOB001","ARCMAN",2021,0,0
"124","BOB001","ARCMAN",2022,0,0
"125","BOB001","CEACUN",2021,0,0
"126","BOB001","CEACUN",2022,0,0
"127","BOB001","CEAOLI",2021,0,0
"128","BOB001","CEAOLI",2022,0,0
"129","BOB001","CERBET",2021,0,0
"130","BOB001","CERBET",2022,0,0
"131","BOB001","ERICAL",2021,0,0
"132","BOB001","ERICAL",2022,2,0.4
"133","BOB001","ERINUD",2021,0,0
"134","BOB001","ERINUD",2022,0,0
"135","BOB001","HEAR",2021,0,0
"136","BOB001","HEAR",2022,0,0
"137","BOB001","HOLDIS",2021,0,0
"138","BOB001","HOLDIS",2022,0,0
"139","BOB001","MIMAUR",2021,0,0
"140","BOB001","MIMAUR",2022,0,0
"141","BOB001","RHAILI",2021,0,0
"142","BOB001","RHAILI",2022,0,0
"143","BOB001","RIBMAL",2021,0,0
"144","BOB001","RIBMAL",2022,0,0
"145","BOB001","SYMALB",2021,0,0
"146","BOB001","SYMALB",2022,0,0
"147","BOB001","SYMMOL",2021,0,0
"148","BOB001","SYMMOL",2022,0,0
"149","BOB001","TOXDIV",2021,0,0
"150","BOB001","TOXDIV",2022,0,0
"151","BOB004","ADFA",2021,2,0.4
"152","BOB004","ADFA",2022,2,0.4
"153","BOB004","ARCMAN",2021,0,0
"154","BOB004","ARCMAN",2022,0,0
"155","BOB004","CEACUN",2021,0,0
"156","BOB004","CEACUN",2022,0,0
"157","BOB004","CEAOLI",2021,0,0
"158","BOB004","CEAOLI",2022,0,0
"159","BOB004","CERBET",2021,0,0
"160","BOB004","CERBET",2022,0,0
"161","BOB004","ERICAL",2021,0,0
"162","BOB004","ERICAL",2022,0,0
"163","BOB004","ERINUD",2021,0,0
"164","BOB004","ERINUD",2022,0,0
"165","BOB004","HEAR",2021,0,0
"166","BOB004","HEAR",2022,0,0
"167","BOB004","HOLDIS",2021,0,0
"168","BOB004","HOLDIS",2022,0,0
"169","BOB004","MIMAUR",2021,0,0
"170","BOB004","MIMAUR",2022,0,0
"171","BOB004","RHAILI",2021,0,0
"172","BOB004","RHAILI",2022,0,0
"173","BOB004","RIBMAL",2021,0,0
"174","BOB004","RIBMAL",2022,0,0
"175","BOB004","SYMALB",2021,0,0
"176","BOB004","SYMALB",2022,0,0
"177","BOB004","SYMMOL",2021,0,0
"178","BOB004","SYMMOL",2022,0,0
"179","BOB004","TOXDIV",2021,0,0
"180","BOB004","TOXDIV",2022,0,0
"181","BOB005","ADFA",2021,0,0
"182","BOB005","ADFA",2022,0,0
"183","BOB005","ARCMAN",2021,0,0
"184","BOB005","ARCMAN",2022,0,0
"185","BOB005","CEACUN",2021,0,0
"186","BOB005","CEACUN",2022,0,0
"187","BOB005","CEAOLI",2021,0,0
"188","BOB005","CEAOLI",2022,0,0
"189","BOB005","CERBET",2021,0,0
"190","BOB005","CERBET",2022,0,0
"191","BOB005","ERICAL",2021,0,0
"192","BOB005","ERICAL",2022,1,0.2
"193","BOB005","ERINUD",2021,0,0
"194","BOB005","ERINUD",2022,0,0
"195","BOB005","HEAR",2021,0,0
"196","BOB005","HEAR",2022,0,0
"197","BOB005","HOLDIS",2021,0,0
"198","BOB005","HOLDIS",2022,0,0
"199","BOB005","MIMAUR",2021,0,0
"200","BOB005","MIMAUR",2022,0,0
"201","BOB005","RHAILI",2021,0,0
"202","BOB005","RHAILI",2022,0,0
"203","BOB005","RIBMAL",2021,0,0
"204","BOB005","RIBMAL",2022,0,0
"205","BOB005","SYMALB",2021,0,0
"206","BOB005","SYMALB",2022,0,0
"207","BOB005","SYMMOL",2021,0,0
"208","BOB005","SYMMOL",2022,0,0
"209","BOB005","TOXDIV",2021,0,0
"210","BOB005","TOXDIV",2022,0,0
"211","BOB006","ADFA",2021,0,0
"212","BOB006","ADFA",2022,0,0
"213","BOB006","ARCMAN",2021,0,0
"214","BOB006","ARCMAN",2022,0,0
"215","BOB006","CEACUN",2021,0,0
"216","BOB006","CEACUN",2022,0,0
"217","BOB006","CEAOLI",2021,0,0
"218","BOB006","CEAOLI",2022,0,0
"219","BOB006","CERBET",2021,0,0
"220","BOB006","CERBET",2022,0,0
"221","BOB006","ERICAL",2021,0,0
"222","BOB006","ERICAL",2022,3,0.6
"223","BOB006","ERINUD",2021,0,0
"224","BOB006","ERINUD",2022,0,0
"225","BOB006","HEAR",2021,0,0
"226","BOB006","HEAR",2022,0,0
"227","BOB006","HOLDIS",2021,0,0
"228","BOB006","HOLDIS",2022,0,0
"229","BOB006","MIMAUR",2021,0,0
"230","BOB006","MIMAUR",2022,0,0
"231","BOB006","RHAILI",2021,0,0
"232","BOB006","RHAILI",2022,0,0
"233","BOB006","RIBMAL",2021,0,0
"234","BOB006","RIBMAL",2022,0,0
"235","BOB006","SYMALB",2021,0,0
"236","BOB006","SYMALB",2022,0,0
"237","BOB006","SYMMOL",2021,0,0
"238","BOB006","SYMMOL",2022,0,0
"239","BOB006","TOXDIV",2021,0,0
"240","BOB006","TOXDIV",2022,0,0
"241","BOB009","ADFA",2021,0,0
"242","BOB009","ADFA",2022,0,0
"243","BOB009","ARCMAN",2021,0,0
"244","BOB009","ARCMAN",2022,0,0
"245","BOB009","CEACUN",2021,0,0
"246","BOB009","CEACUN",2022,0,0
"247","BOB009","CEAOLI",2021,0,0
"248","BOB009","CEAOLI",2022,0,0
"249","BOB009","CERBET",2021,0,0
"250","BOB009","CERBET",2022,0,0
"251","BOB009","ERICAL",2021,0,0
"252","BOB009","ERICAL",2022,2,0.4
"253","BOB009","ERINUD",2021,0,0
"254","BOB009","ERINUD",2022,0,0
"255","BOB009","HEAR",2021,0,0
"256","BOB009","HEAR",2022,0,0
"257","BOB009","HOLDIS",2021,0,0
"258","BOB009","HOLDIS",2022,0,0
"259","BOB009","MIMAUR",2021,0,0
"260","BOB009","MIMAUR",2022,0,0
"261","BOB009","RHAILI",2021,0,0
"262","BOB009","RHAILI",2022,0,0
"263","BOB009","RIBMAL",2021,0,0
"264","BOB009","RIBMAL",2022,0,0
"265","BOB009","SYMALB",2021,0,0
"266","BOB009","SYMALB",2022,0,0
"267","BOB009","SYMMOL",2021,0,0
"268","BOB009","SYMMOL",2022,0,0
"269","BOB009","TOXDIV",2021,0,0
"270","BOB009","TOXDIV",2022,0,0
"271","BOB010","ADFA",2021,0,0
"272","BOB010","ADFA",2022,0,0
"273","BOB010","ARCMAN",2021,0,0
"274","BOB010","ARCMAN",2022,0,0
"275","BOB010","CEACUN",2021,0,0
"276","BOB010","CEACUN",2022,0,0
"277","BOB010","CEAOLI",2021,0,0
"278","BOB010","CEAOLI",2022,0,0
"279","BOB010","CERBET",2021,0,0
"280","BOB010","CERBET",2022,0,0
"281","BOB010","ERICAL",2021,0,0
"282","BOB010","ERICAL",2022,1,0.2
"283","BOB010","ERINUD",2021,0,0
"284","BOB010","ERINUD",2022,0,0
"285","BOB010","HEAR",2021,0,0
"286","BOB010","HEAR",2022,0,0
"287","BOB010","HOLDIS",2021,0,0
"288","BOB010","HOLDIS",2022,0,0
"289","BOB010","MIMAUR",2021,0,0
"290","BOB010","MIMAUR",2022,0,0
"291","BOB010","RHAILI",2021,0,0
"292","BOB010","RHAILI",2022,0,0
"293","BOB010","RIBMAL",2021,0,0
"294","BOB010","RIBMAL",2022,0,0
"295","BOB010","SYMALB",2021,0,0
"296","BOB010","SYMALB",2022,0,0
"297","BOB010","SYMMOL",2021,0,0
"298","BOB010","SYMMOL",2022,0,0
"299","BOB010","TOXDIV",2021,0,0
"300","BOB010","TOXDIV",2022,0,0
"301","BOB011","ADFA",2021,0,0
"302","BOB011","ADFA",2022,0,0
"303","BOB011","ARCMAN",2021,0,0
"304","BOB011","ARCMAN",2022,0,0
"305","BOB011","CEACUN",2021,0,0
"306","BOB011","CEACUN",2022,0,0
"307","BOB011","CEAOLI",2021,0,0
"308","BOB011","CEAOLI",2022,0,0
"309","BOB011","CERBET",2021,0,0
"310","BOB011","CERBET",2022,0,0
"311","BOB011","ERICAL",2021,0,0
"312","BOB011","ERICAL",2022,0,0
"313","BOB011","ERINUD",2021,0,0
"314","BOB011","ERINUD",2022,0,0
"315","BOB011","HEAR",2021,0,0
"316","BOB011","HEAR",2022,0,0
"317","BOB011","HOLDIS",2021,0,0
"318","BOB011","HOLDIS",2022,0,0
"319","BOB011","MIMAUR",2021,0,0
"320","BOB011","MIMAUR",2022,0,0
"321","BOB011","RHAILI",2021,0,0
"322","BOB011","RHAILI",2022,0,0
"323","BOB011","RIBMAL",2021,0,0
"324","BOB011","RIBMAL",2022,0,0
"325","BOB011","SYMALB",2021,0,0
"326","BOB011","SYMALB",2022,0,0
"327","BOB011","SYMMOL",2021,0,0
"328","BOB011","SYMMOL",2022,0,0
"329","BOB011","TOXDIV",2021,0,0
"330","BOB011","TOXDIV",2022,0,0
"331","BOB016","ADFA",2021,0,0
"332","BOB016","ADFA",2022,0,0
"333","BOB016","ARCMAN",2021,0,0
"334","BOB016","ARCMAN",2022,0,0
"335","BOB016","CEACUN",2021,0,0
"336","BOB016","CEACUN",2022,0,0
"337","BOB016","CEAOLI",2021,0,0
"338","BOB016","CEAOLI",2022,0,0
"339","BOB016","CERBET",2021,0,0
"340","BOB016","CERBET",2022,0,0
"341","BOB016","ERICAL",2021,1,0.2
"342","BOB016","ERICAL",2022,2,0.4
"343","BOB016","ERINUD",2021,0,0
"344","BOB016","ERINUD",2022,0,0
"345","BOB016","HEAR",2021,0,0
"346","BOB016","HEAR",2022,0,0
"347","BOB016","HOLDIS",2021,0,0
"348","BOB016","HOLDIS",2022,0,0
"349","BOB016","MIMAUR",2021,0,0
"350","BOB016","MIMAUR",2022,0,0
"351","BOB016","RHAILI",2021,0,0
"352","BOB016","RHAILI",2022,0,0
"353","BOB016","RIBMAL",2021,0,0
"354","BOB016","RIBMAL",2022,0,0
"355","BOB016","SYMALB",2021,0,0
"356","BOB016","SYMALB",2022,0,0
"357","BOB016","SYMMOL",2021,0,0
"358","BOB016","SYMMOL",2022,0,0
"359","BOB016","TOXDIV",2021,0,0
"360","BOB016","TOXDIV",2022,0,0
"361","COL013","ADFA",2021,0,0
"362","COL013","ADFA",2022,0,0
"363","COL013","ARCMAN",2021,0,0
"364","COL013","ARCMAN",2022,0,0
"365","COL013","CEACUN",2021,0,0
"366","COL013","CEACUN",2022,0,0
"367","COL013","CEAOLI",2021,0,0
"368","COL013","CEAOLI",2022,0,0
"369","COL013","CERBET",2021,0,0
"370","COL013","CERBET",2022,0,0
"371","COL013","ERICAL",2021,1,0.2
"372","COL013","ERICAL",2022,2,0.4
"373","COL013","ERINUD",2021,0,0
"374","COL013","ERINUD",2022,0,0
"375","COL013","HEAR",2021,0,0
"376","COL013","HEAR",2022,0,0
"377","COL013","HOLDIS",2021,0,0
"378","COL013","HOLDIS",2022,0,0
"379","COL013","MIMAUR",2021,0,0
"380","COL013","MIMAUR",2022,0,0
"381","COL013","RHAILI",2021,0,0
"382","COL013","RHAILI",2022,0,0
"383","COL013","RIBMAL",2021,0,0
"384","COL013","RIBMAL",2022,0,0
"385","COL013","SYMALB",2021,0,0
"386","COL013","SYMALB",2022,0,0
"387","COL013","SYMMOL",2021,0,0
"388","COL013","SYMMOL",2022,0,0
"389","COL013","TOXDIV",2021,0,0
"390","COL013","TOXDIV",2022,0,0
"391","QUA002","ADFA",2021,0,0
"392","QUA002","ADFA",2022,0,0
"393","QUA002","ARCMAN",2021,0,0
"394","QUA002","ARCMAN",2022,0,0
"395","QUA002","CEACUN",2021,0,0
"396","QUA002","CEACUN",2022,0,0
"397","QUA002","CEAOLI",2021,0,0
"398","QUA002","CEAOLI",2022,0,0
"399","QUA002","CERBET",2021,0,0
"400","QUA002","CERBET",2022,0,0
"401","QUA002","ERICAL",2021,3,0.6
"402","QUA002","ERICAL",2022,3,0.6
"403","QUA002","ERINUD",2021,0,0
"404","QUA002","ERINUD",2022,0,0
"405","QUA002","HEAR",2021,0,0
"406","QUA002","HEAR",2022,0,0
"407","QUA002","HOLDIS",2021,0,0
"408","QUA002","HOLDIS",2022,0,0
"409","QUA002","MIMAUR",2021,0,0
"410","QUA002","MIMAUR",2022,0,0
"411","QUA002","RHAILI",2021,0,0
"412","QUA002","RHAILI",2022,0,0
"413","QUA002","RIBMAL",2021,0,0
"414","QUA002","RIBMAL",2022,0,0
"415","QUA002","SYMALB",2021,0,0
"416","QUA002","SYMALB",2022,0,0
"417","QUA002","SYMMOL",2021,0,0
"418","QUA002","SYMMOL",2022,0,0
"419","QUA002","TOXDIV",2021,0,0
"420","QUA002","TOXDIV",2022,0,0
"421","QUA003","ADFA",2021,2,0.4
"422","QUA003","ADFA",2022,0,0
"423","QUA003","ARCMAN",2021,0,0
"424","QUA003","ARCMAN",2022,0,0
"425","QUA003","CEACUN",2021,0,0
"426","QUA003","CEACUN",2022,0,0
"427","QUA003","CEAOLI",2021,0,0
"428","QUA003","CEAOLI",2022,0,0
"429","QUA003","CERBET",2021,0,0
"430","QUA003","CERBET",2022,0,0
"431","QUA003","ERICAL",2021,0,0
"432","QUA003","ERICAL",2022,0,0
"433","QUA003","ERINUD",2021,0,0
"434","QUA003","ERINUD",2022,0,0
"435","QUA003","HEAR",2021,0,0
"436","QUA003","HEAR",2022,0,0
"437","QUA003","HOLDIS",2021,0,0
"438","QUA003","HOLDIS",2022,0,0
"439","QUA003","MIMAUR",2021,0,0
"440","QUA003","MIMAUR",2022,0,0
"441","QUA003","RHAILI",2021,0,0
"442","QUA003","RHAILI",2022,0,0
"443","QUA003","RIBMAL",2021,0,0
"444","QUA003","RIBMAL",2022,0,0
"445","QUA003","SYMALB",2021,0,0
"446","QUA003","SYMALB",2022,0,0
"447","QUA003","SYMMOL",2021,0,0
"448","QUA003","SYMMOL",2022,0,0
"449","QUA003","TOXDIV",2021,0,0
"450","QUA003","TOXDIV",2022,0,0
"451","QUA005","ADFA",2021,1,0.2
"452","QUA005","ADFA",2022,0,0
"453","QUA005","ARCMAN",2021,0,0
"454","QUA005","ARCMAN",2022,0,0
"455","QUA005","CEACUN",2021,0,0
"456","QUA005","CEACUN",2022,0,0
"457","QUA005","CEAOLI",2021,0,0
"458","QUA005","CEAOLI",2022,0,0
"459","QUA005","CERBET",2021,0,0
"460","QUA005","CERBET",2022,0,0
"461","QUA005","ERICAL",2021,1,0.2
"462","QUA005","ERICAL",2022,1,0.2
"463","QUA005","ERINUD",2021,0,0
"464","QUA005","ERINUD",2022,0,0
"465","QUA005","HEAR",2021,0,0
"466","QUA005","HEAR",2022,0,0
"467","QUA005","HOLDIS",2021,0,0
"468","QUA005","HOLDIS",2022,0,0
"469","QUA005","MIMAUR",2021,0,0
"470","QUA005","MIMAUR",2022,0,0
"471","QUA005","RHAILI",2021,0,0
"472","QUA005","RHAILI",2022,0,0
"473","QUA005","RIBMAL",2021,0,0
"474","QUA005","RIBMAL",2022,0,0
"475","QUA005","SYMALB",2021,0,0
"476","QUA005","SYMALB",2022,0,0
"477","QUA005","SYMMOL",2021,0,0
"478","QUA005","SYMMOL",2022,0,0
"479","QUA005","TOXDIV",2021,0,0
"480","QUA005","TOXDIV",2022,0,0
"481","QUA006","ADFA",2021,1,0.2
"482","QUA006","ADFA",2022,1,0.2
"483","QUA006","ARCMAN",2021,0,0
"484","QUA006","ARCMAN",2022,0,0
"485","QUA006","CEACUN",2021,0,0
"486","QUA006","CEACUN",2022,0,0
"487","QUA006","CEAOLI",2021,0,0
"488","QUA006","CEAOLI",2022,0,0
"489","QUA006","CERBET",2021,0,0
"490","QUA006","CERBET",2022,0,0
"491","QUA006","ERICAL",2021,0,0
"492","QUA006","ERICAL",2022,0,0
"493","QUA006","ERINUD",2021,0,0
"494","QUA006","ERINUD",2022,0,0
"495","QUA006","HEAR",2021,0,0
"496","QUA006","HEAR",2022,0,0
"497","QUA006","HOLDIS",2021,0,0
"498","QUA006","HOLDIS",2022,0,0
"499","QUA006","MIMAUR",2021,0,0
"500","QUA006","MIMAUR",2022,0,0
"501","QUA006","RHAILI",2021,0,0
"502","QUA006","RHAILI",2022,0,0
"503","QUA006","RIBMAL",2021,0,0
"504","QUA006","RIBMAL",2022,0,0
"505","QUA006","SYMALB",2021,0,0
"506","QUA006","SYMALB",2022,0,0
"507","QUA006","SYMMOL",2021,0,0
"508","QUA006","SYMMOL",2022,0,0
"509","QUA006","TOXDIV",2021,0,0
"510","QUA006","TOXDIV",2022,0,0
"511","QUA008","ADFA",2021,2,0.4
"512","QUA008","ADFA",2022,1,0.2
"513","QUA008","ARCMAN",2021,0,0
"514","QUA008","ARCMAN",2022,0,0
"515","QUA008","CEACUN",2021,0,0
"516","QUA008","CEACUN",2022,0,0
"517","QUA008","CEAOLI",2021,0,0
"518","QUA008","CEAOLI",2022,0,0
"519","QUA008","CERBET",2021,0,0
"520","QUA008","CERBET",2022,0,0
"521","QUA008","ERICAL",2021,0,0
"522","QUA008","ERICAL",2022,0,0
"523","QUA008","ERINUD",2021,0,0
"524","QUA008","ERINUD",2022,0,0
"525","QUA008","HEAR",2021,0,0
"526","QUA008","HEAR",2022,0,0
"527","QUA008","HOLDIS",2021,0,0
"528","QUA008","HOLDIS",2022,0,0
"529","QUA008","MIMAUR",2021,0,0
"530","QUA008","MIMAUR",2022,0,0
"531","QUA008","RHAILI",2021,0,0
"532","QUA008","RHAILI",2022,0,0
"533","QUA008","RIBMAL",2021,0,0
"534","QUA008","RIBMAL",2022,0,0
"535","QUA008","SYMALB",2021,0,0
"536","QUA008","SYMALB",2022,0,0
"537","QUA008","SYMMOL",2021,0,0
"538","QUA008","SYMMOL",2022,0,0
"539","QUA008","TOXDIV",2021,0,0
"540","QUA008","TOXDIV",2022,0,0
"541","BOB002","ADFA",2021,0,0
"542","BOB002","ADFA",2022,0,0
"543","BOB002","ARCMAN",2021,0,0
"544","BOB002","ARCMAN",2022,0,0
"545","BOB002","CEACUN",2021,0,0
"546","BOB002","CEACUN",2022,0,0
"547","BOB002","CEAOLI",2021,0,0
"548","BOB002","CEAOLI",2022,0,0
"549","BOB002","CERBET",2021,0,0
"550","BOB002","CERBET",2022,0,0
"551","BOB002","ERICAL",2021,0,0
"552","BOB002","ERICAL",2022,0,0
"553","BOB002","ERINUD",2021,0,0
"554","BOB002","ERINUD",2022,0,0
"555","BOB002","HEAR",2021,0,0
"556","BOB002","HEAR",2022,0,0
"557","BOB002","HOLDIS",2021,0,0
"558","BOB002","HOLDIS",2022,0,0
"559","BOB002","MIMAUR",2021,0,0
"560","BOB002","MIMAUR",2022,0,0
"561","BOB002","RHAILI",2021,0,0
"562","BOB002","RHAILI",2022,0,0
"563","BOB002","RIBMAL",2021,0,0
"564","BOB002","RIBMAL",2022,0,0
"565","BOB002","SYMALB",2021,0,0
"566","BOB002","SYMALB",2022,0,0
"567","BOB002","SYMMOL",2021,0,0
"568","BOB002","SYMMOL",2022,0,0
"569","BOB002","TOXDIV",2021,0,0
"570","BOB002","TOXDIV",2022,0,0
"571","BOB003","ADFA",2021,0,0
"572","BOB003","ADFA",2022,0,0
"573","BOB003","ARCMAN",2021,0,0
"574","BOB003","ARCMAN",2022,0,0
"575","BOB003","CEACUN",2021,0,0
"576","BOB003","CEACUN",2022,0,0
"577","BOB003","CEAOLI",2021,0,0
"578","BOB003","CEAOLI",2022,0,0
"579","BOB003","CERBET",2021,0,0
"580","BOB003","CERBET",2022,0,0
"581","BOB003","ERICAL",2021,0,0
"582","BOB003","ERICAL",2022,0,0
"583","BOB003","ERINUD",2021,0,0
"584","BOB003","ERINUD",2022,0,0
"585","BOB003","HEAR",2021,0,0
"586","BOB003","HEAR",2022,0,0
"587","BOB003","HOLDIS",2021,0,0
"588","BOB003","HOLDIS",2022,0,0
"589","BOB003","MIMAUR",2021,0,0
"590","BOB003","MIMAUR",2022,0,0
"591","BOB003","RHAILI",2021,0,0
"592","BOB003","RHAILI",2022,0,0
"593","BOB003","RIBMAL",2021,0,0
"594","BOB003","RIBMAL",2022,0,0
"595","BOB003","SYMALB",2021,0,0
"596","BOB003","SYMALB",2022,0,0
"597","BOB003","SYMMOL",2021,0,0
"598","BOB003","SYMMOL",2022,0,0
"599","BOB003","TOXDIV",2021,0,0
"600","BOB003","TOXDIV",2022,0,0
"601","BOB014","ADFA",2021,0,0
"602","BOB014","ADFA",2022,0,0
"603","BOB014","ARCMAN",2021,0,0
"604","BOB014","ARCMAN",2022,0,0
"605","BOB014","CEACUN",2021,1,0.2
"606","BOB014","CEACUN",2022,0,0
"607","BOB014","CEAOLI",2021,0,0
"608","BOB014","CEAOLI",2022,0,0
"609","BOB014","CERBET",2021,0,0
"610","BOB014","CERBET",2022,0,0
"611","BOB014","ERICAL",2021,1,0.2
"612","BOB014","ERICAL",2022,1,0.2
"613","BOB014","ERINUD",2021,0,0
"614","BOB014","ERINUD",2022,0,0
"615","BOB014","HEAR",2021,0,0
"616","BOB014","HEAR",2022,0,0
"617","BOB014","HOLDIS",2021,0,0
"618","BOB014","HOLDIS",2022,0,0
"619","BOB014","MIMAUR",2021,0,0
"620","BOB014","MIMAUR",2022,0,0
"621","BOB014","RHAILI",2021,0,0
"622","BOB014","RHAILI",2022,0,0
"623","BOB014","RIBMAL",2021,0,0
"624","BOB014","RIBMAL",2022,0,0
"625","BOB014","SYMALB",2021,0,0
"626","BOB014","SYMALB",2022,0,0
"627","BOB014","SYMMOL",2021,0,0
"628","BOB014","SYMMOL",2022,0,0
"629","BOB014","TOXDIV",2021,0,0
"630","BOB014","TOXDIV",2022,0,0
"631","BOB017","ADFA",2021,0,0
"632","BOB017","ADFA",2022,0,0
"633","BOB017","ARCMAN",2021,0,0
"634","BOB017","ARCMAN",2022,0,0
"635","BOB017","CEACUN",2021,0,0
"636","BOB017","CEACUN",2022,0,0
"637","BOB017","CEAOLI",2021,0,0
"638","BOB017","CEAOLI",2022,0,0
"639","BOB017","CERBET",2021,0,0
"640","BOB017","CERBET",2022,0,0
"641","BOB017","ERICAL",2021,1,0.2
"642","BOB017","ERICAL",2022,5,1
"643","BOB017","ERINUD",2021,0,0
"644","BOB017","ERINUD",2022,0,0
"645","BOB017","HEAR",2021,0,0
"646","BOB017","HEAR",2022,0,0
"647","BOB017","HOLDIS",2021,0,0
"648","BOB017","HOLDIS",2022,0,0
"649","BOB017","MIMAUR",2021,0,0
"650","BOB017","MIMAUR",2022,0,0
"651","BOB017","RHAILI",2021,0,0
"652","BOB017","RHAILI",2022,0,0
"653","BOB017","RIBMAL",2021,0,0
"654","BOB017","RIBMAL",2022,0,0
"655","BOB017","SYMALB",2021,0,0
"656","BOB017","SYMALB",2022,0,0
"657","BOB017","SYMMOL",2021,0,0
"658","BOB017","SYMMOL",2022,0,0
"659","BOB017","TOXDIV",2021,0,0
"660","BOB017","TOXDIV",2022,0,0
"661","BOB018","ADFA",2021,0,0
"662","BOB018","ADFA",2022,1,0.2
"663","BOB018","ARCMAN",2021,0,0
"664","BOB018","ARCMAN",2022,0,0
"665","BOB018","CEACUN",2021,0,0
"666","BOB018","CEACUN",2022,0,0
"667","BOB018","CEAOLI",2021,0,0
"668","BOB018","CEAOLI",2022,0,0
"669","BOB018","CERBET",2021,0,0
"670","BOB018","CERBET",2022,0,0
"671","BOB018","ERICAL",2021,0,0
"672","BOB018","ERICAL",2022,4,0.8
"673","BOB018","ERINUD",2021,0,0
"674","BOB018","ERINUD",2022,0,0
"675","BOB018","HEAR",2021,0,0
"676","BOB018","HEAR",2022,0,0
"677","BOB018","HOLDIS",2021,0,0
"678","BOB018","HOLDIS",2022,0,0
"679","BOB018","MIMAUR",2021,0,0
"680","BOB018","MIMAUR",2022,0,0
"681","BOB018","RHAILI",2021,0,0
"682","BOB018","RHAILI",2022,0,0
"683","BOB018","RIBMAL",2021,0,0
"684","BOB018","RIBMAL",2022,0,0
"685","BOB018","SYMALB",2021,0,0
"686","BOB018","SYMALB",2022,0,0
"687","BOB018","SYMMOL",2021,0,0
"688","BOB018","SYMMOL",2022,0,0
"689","BOB018","TOXDIV",2021,0,0
"690","BOB018","TOXDIV",2022,0,0
"691","CCC001","ADFA",2021,0,0
"692","CCC001","ADFA",2022,0,0
"693","CCC001","ARCMAN",2021,0,0
"694","CCC001","ARCMAN",2022,0,0
"695","CCC001","CEACUN",2021,0,0
"696","CCC001","CEACUN",2022,0,0
"697","CCC001","CEAOLI",2021,3,0.6
"698","CCC001","CEAOLI",2022,0,0
"699","CCC001","CERBET",2021,0,0
"700","CCC001","CERBET",2022,0,0
"701","CCC001","ERICAL",2021,1,0.2
"702","CCC001","ERICAL",2022,0,0
"703","CCC001","ERINUD",2021,0,0
"704","CCC001","ERINUD",2022,0,0
"705","CCC001","HEAR",2021,0,0
"706","CCC001","HEAR",2022,0,0
"707","CCC001","HOLDIS",2021,0,0
"708","CCC001","HOLDIS",2022,0,0
"709","CCC001","MIMAUR",2021,0,0
"710","CCC001","MIMAUR",2022,0,0
"711","CCC001","RHAILI",2021,0,0
"712","CCC001","RHAILI",2022,0,0
"713","CCC001","RIBMAL",2021,0,0
"714","CCC001","RIBMAL",2022,0,0
"715","CCC001","SYMALB",2021,0,0
"716","CCC001","SYMALB",2022,0,0
"717","CCC001","SYMMOL",2021,0,0
"718","CCC001","SYMMOL",2022,0,0
"719","CCC001","TOXDIV",2021,0,0
"720","CCC001","TOXDIV",2022,0,0
"721","CCC003","ADFA",2021,0,0
"722","CCC003","ADFA",2022,3,0.6
"723","CCC003","ARCMAN",2021,0,0
"724","CCC003","ARCMAN",2022,0,0
"725","CCC003","CEACUN",2021,4,0.8
"726","CCC003","CEACUN",2022,4,0.8
"727","CCC003","CEAOLI",2021,0,0
"728","CCC003","CEAOLI",2022,0,0
"729","CCC003","CERBET",2021,0,0
"730","CCC003","CERBET",2022,0,0
"731","CCC003","ERICAL",2021,1,0.2
"732","CCC003","ERICAL",2022,4,0.8
"733","CCC003","ERINUD",2021,0,0
"734","CCC003","ERINUD",2022,0,0
"735","CCC003","HEAR",2021,0,0
"736","CCC003","HEAR",2022,0,0
"737","CCC003","HOLDIS",2021,0,0
"738","CCC003","HOLDIS",2022,0,0
"739","CCC003","MIMAUR",2021,0,0
"740","CCC003","MIMAUR",2022,0,0
"741","CCC003","RHAILI",2021,0,0
"742","CCC003","RHAILI",2022,0,0
"743","CCC003","RIBMAL",2021,0,0
"744","CCC003","RIBMAL",2022,0,0
"745","CCC003","SYMALB",2021,0,0
"746","CCC003","SYMALB",2022,0,0
"747","CCC003","SYMMOL",2021,0,0
"748","CCC003","SYMMOL",2022,0,0
"749","CCC003","TOXDIV",2021,0,0
"750","CCC003","TOXDIV",2022,0,0
"751","CCC005","ADFA",2021,1,0.2
"752","CCC005","ADFA",2022,3,0.6
"753","CCC005","ARCMAN",2021,0,0
"754","CCC005","ARCMAN",2022,0,0
"755","CCC005","CEACUN",2021,0,0
"756","CCC005","CEACUN",2022,1,0.2
"757","CCC005","CEAOLI",2021,0,0
"758","CCC005","CEAOLI",2022,0,0
"759","CCC005","CERBET",2021,0,0
"760","CCC005","CERBET",2022,0,0
"761","CCC005","ERICAL",2021,3,0.6
"762","CCC005","ERICAL",2022,2,0.4
"763","CCC005","ERINUD",2021,0,0
"764","CCC005","ERINUD",2022,0,0
"765","CCC005","HEAR",2021,0,0
"766","CCC005","HEAR",2022,0,0
"767","CCC005","HOLDIS",2021,0,0
"768","CCC005","HOLDIS",2022,0,0
"769","CCC005","MIMAUR",2021,0,0
"770","CCC005","MIMAUR",2022,0,0
"771","CCC005","RHAILI",2021,0,0
"772","CCC005","RHAILI",2022,0,0
"773","CCC005","RIBMAL",2021,0,0
"774","CCC005","RIBMAL",2022,0,0
"775","CCC005","SYMALB",2021,0,0
"776","CCC005","SYMALB",2022,0,0
"777","CCC005","SYMMOL",2021,0,0
"778","CCC005","SYMMOL",2022,0,0
"779","CCC005","TOXDIV",2021,0,0
"780","CCC005","TOXDIV",2022,0,0
"781","CCC006","ADFA",2021,0,0
"782","CCC006","ADFA",2022,0,0
"783","CCC006","ARCMAN",2021,0,0
"784","CCC006","ARCMAN",2022,0,0
"785","CCC006","CEACUN",2021,3,0.6
"786","CCC006","CEACUN",2022,1,0.2
"787","CCC006","CEAOLI",2021,0,0
"788","CCC006","CEAOLI",2022,0,0
"789","CCC006","CERBET",2021,0,0
"790","CCC006","CERBET",2022,0,0
"791","CCC006","ERICAL",2021,0,0
"792","CCC006","ERICAL",2022,1,0.2
"793","CCC006","ERINUD",2021,0,0
"794","CCC006","ERINUD",2022,0,0
"795","CCC006","HEAR",2021,0,0
"796","CCC006","HEAR",2022,0,0
"797","CCC006","HOLDIS",2021,0,0
"798","CCC006","HOLDIS",2022,0,0
"799","CCC006","MIMAUR",2021,0,0
"800","CCC006","MIMAUR",2022,0,0
"801","CCC006","RHAILI",2021,0,0
"802","CCC006","RHAILI",2022,0,0
"803","CCC006","RIBMAL",2021,0,0
"804","CCC006","RIBMAL",2022,0,0
"805","CCC006","SYMALB",2021,0,0
"806","CCC006","SYMALB",2022,0,0
"807","CCC006","SYMMOL",2021,0,0
"808","CCC006","SYMMOL",2022,0,0
"809","CCC006","TOXDIV",2021,0,0
"810","CCC006","TOXDIV",2022,0,0
"811","CCC008","ADFA",2021,1,0.2
"812","CCC008","ADFA",2022,1,0.2
"813","CCC008","ARCMAN",2021,0,0
"814","CCC008","ARCMAN",2022,0,0
"815","CCC008","CEACUN",2021,0,0
"816","CCC008","CEACUN",2022,0,0
"817","CCC008","CEAOLI",2021,0,0
"818","CCC008","CEAOLI",2022,0,0
"819","CCC008","CERBET",2021,0,0
"820","CCC008","CERBET",2022,0,0
"821","CCC008","ERICAL",2021,0,0
"822","CCC008","ERICAL",2022,1,0.2
"823","CCC008","ERINUD",2021,0,0
"824","CCC008","ERINUD",2022,0,0
"825","CCC008","HEAR",2021,0,0
"826","CCC008","HEAR",2022,0,0
"827","CCC008","HOLDIS",2021,0,0
"828","CCC008","HOLDIS",2022,0,0
"829","CCC008","MIMAUR",2021,0,0
"830","CCC008","MIMAUR",2022,0,0
"831","CCC008","RHAILI",2021,0,0
"832","CCC008","RHAILI",2022,0,0
"833","CCC008","RIBMAL",2021,0,0
"834","CCC008","RIBMAL",2022,0,0
"835","CCC008","SYMALB",2021,0,0
"836","CCC008","SYMALB",2022,0,0
"837","CCC008","SYMMOL",2021,0,0
"838","CCC008","SYMMOL",2022,0,0
"839","CCC008","TOXDIV",2021,0,0
"840","CCC008","TOXDIV",2022,0,0
"841","CCC009","ADFA",2021,0,0
"842","CCC009","ADFA",2022,0,0
"843","CCC009","ARCMAN",2021,0,0
"844","CCC009","ARCMAN",2022,0,0
"845","CCC009","CEACUN",2021,0,0
"846","CCC009","CEACUN",2022,0,0
"847","CCC009","CEAOLI",2021,0,0
"848","CCC009","CEAOLI",2022,0,0
"849","CCC009","CERBET",2021,0,0
"850","CCC009","CERBET",2022,0,0
"851","CCC009","ERICAL",2021,0,0
"852","CCC009","ERICAL",2022,1,0.2
"853","CCC009","ERINUD",2021,0,0
"854","CCC009","ERINUD",2022,0,0
"855","CCC009","HEAR",2021,0,0
"856","CCC009","HEAR",2022,0,0
"857","CCC009","HOLDIS",2021,0,0
"858","CCC009","HOLDIS",2022,0,0
"859","CCC009","MIMAUR",2021,0,0
"860","CCC009","MIMAUR",2022,0,0
"861","CCC009","RHAILI",2021,0,0
"862","CCC009","RHAILI",2022,0,0
"863","CCC009","RIBMAL",2021,0,0
"864","CCC009","RIBMAL",2022,0,0
"865","CCC009","SYMALB",2021,0,0
"866","CCC009","SYMALB",2022,0,0
"867","CCC009","SYMMOL",2021,0,0
"868","CCC009","SYMMOL",2022,0,0
"869","CCC009","TOXDIV",2021,0,0
"870","CCC009","TOXDIV",2022,0,0
"871","COL007","ADFA",2021,0,0
"872","COL007","ADFA",2022,0,0
"873","COL007","ARCMAN",2021,0,0
"874","COL007","ARCMAN",2022,0,0
"875","COL007","CEACUN",2021,0,0
"876","COL007","CEACUN",2022,0,0
"877","COL007","CEAOLI",2021,0,0
"878","COL007","CEAOLI",2022,0,0
"879","COL007","CERBET",2021,0,0
"880","COL007","CERBET",2022,0,0
"881","COL007","ERICAL",2021,0,0
"882","COL007","ERICAL",2022,1,0.2
"883","COL007","ERINUD",2021,0,0
"884","COL007","ERINUD",2022,0,0
"885","COL007","HEAR",2021,0,0
"886","COL007","HEAR",2022,0,0
"887","COL007","HOLDIS",2021,0,0
"888","COL007","HOLDIS",2022,0,0
"889","COL007","MIMAUR",2021,0,0
"890","COL007","MIMAUR",2022,0,0
"891","COL007","RHAILI",2021,0,0
"892","COL007","RHAILI",2022,0,0
"893","COL007","RIBMAL",2021,0,0
"894","COL007","RIBMAL",2022,0,0
"895","COL007","SYMALB",2021,0,0
"896","COL007","SYMALB",2022,0,0
"897","COL007","SYMMOL",2021,0,0
"898","COL007","SYMMOL",2022,0,0
"899","COL007","TOXDIV",2021,0,0
"900","COL007","TOXDIV",2022,0,0
"901","COL012","ADFA",2021,0,0
"902","COL012","ADFA",2022,0,0
"903","COL012","ARCMAN",2021,0,0
"904","COL012","ARCMAN",2022,0,0
"905","COL012","CEACUN",2021,0,0
"906","COL012","CEACUN",2022,0,0
"907","COL012","CEAOLI",2021,0,0
"908","COL012","CEAOLI",2022,0,0
"909","COL012","CERBET",2021,0,0
"910","COL012","CERBET",2022,0,0
"911","COL012","ERICAL",2021,2,0.4
"912","COL012","ERICAL",2022,1,0.2
"913","COL012","ERINUD",2021,0,0
"914","COL012","ERINUD",2022,0,0
"915","COL012","HEAR",2021,0,0
"916","COL012","HEAR",2022,0,0
"917","COL012","HOLDIS",2021,0,0
"918","COL012","HOLDIS",2022,0,0
"919","COL012","MIMAUR",2021,0,0
"920","COL012","MIMAUR",2022,0,0
"921","COL012","RHAILI",2021,0,0
"922","COL012","RHAILI",2022,0,0
"923","COL012","RIBMAL",2021,0,0
"924","COL012","RIBMAL",2022,0,0
"925","COL012","SYMALB",2021,0,0
"926","COL012","SYMALB",2022,0,0
"927","COL012","SYMMOL",2021,0,0
"928","COL012","SYMMOL",2022,0,0
"929","COL012","TOXDIV",2021,0,0
"930","COL012","TOXDIV",2022,0,0
"931","QUA004","ADFA",2021,0,0
"932","QUA004","ADFA",2022,2,0.4
"933","QUA004","ARCMAN",2021,0,0
"934","QUA004","ARCMAN",2022,0,0
"935","QUA004","CEACUN",2021,1,0.2
"936","QUA004","CEACUN",2022,1,0.2
"937","QUA004","CEAOLI",2021,0,0
"938","QUA004","CEAOLI",2022,0,0
"939","QUA004","CERBET",2021,0,0
"940","QUA004","CERBET",2022,0,0
"941","QUA004","ERICAL",2021,0,0
"942","QUA004","ERICAL",2022,0,0
"943","QUA004","ERINUD",2021,0,0
"944","QUA004","ERINUD",2022,0,0
"945","QUA004","HEAR",2021,0,0
"946","QUA004","HEAR",2022,0,0
"947","QUA004","HOLDIS",2021,0,0
"948","QUA004","HOLDIS",2022,0,0
"949","QUA004","MIMAUR",2021,0,0
"950","QUA004","MIMAUR",2022,0,0
"951","QUA004","RHAILI",2021,0,0
"952","QUA004","RHAILI",2022,0,0
"953","QUA004","RIBMAL",2021,0,0
"954","QUA004","RIBMAL",2022,0,0
"955","QUA004","SYMALB",2021,0,0
"956","QUA004","SYMALB",2022,0,0
"957","QUA004","SYMMOL",2021,0,0
"958","QUA004","SYMMOL",2022,0,0
"959","QUA004","TOXDIV",2021,0,0
"960","QUA004","TOXDIV",2022,0,0
"961","QUA009","ADFA",2021,2,0.4
"962","QUA009","ADFA",2022,4,0.8
"963","QUA009","ARCMAN",2021,0,0
"964","QUA009","ARCMAN",2022,0,0
"965","QUA009","CEACUN",2021,0,0
"966","QUA009","CEACUN",2022,0,0
"967","QUA009","CEAOLI",2021,0,0
"968","QUA009","CEAOLI",2022,0,0
"969","QUA009","CERBET",2021,0,0
"970","QUA009","CERBET",2022,0,0
"971","QUA009","ERICAL",2021,0,0
"972","QUA009","ERICAL",2022,0,0
"973","QUA009","ERINUD",2021,0,0
"974","QUA009","ERINUD",2022,0,0
"975","QUA009","HEAR",2021,0,0
"976","QUA009","HEAR",2022,0,0
"977","QUA009","HOLDIS",2021,0,0
"978","QUA009","HOLDIS",2022,0,0
"979","QUA009","MIMAUR",2021,0,0
"980","QUA009","MIMAUR",2022,0,0
"981","QUA009","RHAILI",2021,0,0
"982","QUA009","RHAILI",2022,0,0
"983","QUA009","RIBMAL",2021,0,0
"984","QUA009","RIBMAL",2022,0,0
"985","QUA009","SYMALB",2021,0,0
"986","QUA009","SYMALB",2022,0,0
"987","QUA009","SYMMOL",2021,0,0
"988","QUA009","SYMMOL",2022,0,0
"989","QUA009","TOXDIV",2021,0,0
"990","QUA009","TOXDIV",2022,0,0
"991","QUA010","ADFA",2021,3,0.6
"992","QUA010","ADFA",2022,1,0.2
"993","QUA010","ARCMAN",2021,0,0
"994","QUA010","ARCMAN",2022,0,0
"995","QUA010","CEACUN",2021,0,0
"996","QUA010","CEACUN",2022,0,0
"997","QUA010","CEAOLI",2021,0,0
"998","QUA010","CEAOLI",2022,0,0
"999","QUA010","CERBET",2021,0,0
"1000","QUA010","CERBET",2022,0,0
"1001","QUA010","ERICAL",2021,0,0
"1002","QUA010","ERICAL",2022,0,0
"1003","QUA010","ERINUD",2021,0,0
"1004","QUA010","ERINUD",2022,0,0
"1005","QUA010","HEAR",2021,0,0
"1006","QUA010","HEAR",2022,0,0
"1007","QUA010","HOLDIS",2021,0,0
"1008","QUA010","HOLDIS",2022,0,0
"1009","QUA010","MIMAUR",2021,0,0
"1010","QUA010","MIMAUR",2022,0,0
"1011","QUA010","RHAILI",2021,0,0
"1012","QUA010","RHAILI",2022,0,0
"1013","QUA010","RIBMAL",2021,0,0
"1014","QUA010","RIBMAL",2022,0,0
"1015","QUA010","SYMALB",2021,0,0
"1016","QUA010","SYMALB",2022,0,0
"1017","QUA010","SYMMOL",2021,0,0
"1018","QUA010","SYMMOL",2022,0,0
"1019","QUA010","TOXDIV",2021,0,0
"1020","QUA010","TOXDIV",2022,0,0
"1021","QUA011","ADFA",2021,1,0.2
"1022","QUA011","ADFA",2022,1,0.2
"1023","QUA011","ARCMAN",2021,0,0
"1024","QUA011","ARCMAN",2022,0,0
"1025","QUA011","CEACUN",2021,0,0
"1026","QUA011","CEACUN",2022,0,0
"1027","QUA011","CEAOLI",2021,0,0
"1028","QUA011","CEAOLI",2022,0,0
"1029","QUA011","CERBET",2021,0,0
"1030","QUA011","CERBET",2022,0,0
"1031","QUA011","ERICAL",2021,0,0
"1032","QUA011","ERICAL",2022,0,0
"1033","QUA011","ERINUD",2021,0,0
"1034","QUA011","ERINUD",2022,0,0
"1035","QUA011","HEAR",2021,0,0
"1036","QUA011","HEAR",2022,0,0
"1037","QUA011","HOLDIS",2021,0,0
"1038","QUA011","HOLDIS",2022,0,0
"1039","QUA011","MIMAUR",2021,0,0
"1040","QUA011","MIMAUR",2022,0,0
"1041","QUA011","RHAILI",2021,0,0
"1042","QUA011","RHAILI",2022,0,0
"1043","QUA011","RIBMAL",2021,0,0
"1044","QUA011","RIBMAL",2022,0,0
"1045","QUA011","SYMALB",2021,0,0
"1046","QUA011","SYMALB",2022,0,0
"1047","QUA011","SYMMOL",2021,0,0
"1048","QUA011","SYMMOL",2022,0,0
"1049","QUA011","TOXDIV",2021,0,0
"1050","QUA011","TOXDIV",2022,0,0
"1051","QUA015","ADFA",2021,2,0.4
"1052","QUA015","ADFA",2022,3,0.6
"1053","QUA015","ARCMAN",2021,0,0
"1054","QUA015","ARCMAN",2022,0,0
"1055","QUA015","CEACUN",2021,1,0.2
"1056","QUA015","CEACUN",2022,1,0.2
"1057","QUA015","CEAOLI",2021,0,0
"1058","QUA015","CEAOLI",2022,0,0
"1059","QUA015","CERBET",2021,1,0.2
"1060","QUA015","CERBET",2022,0,0
"1061","QUA015","ERICAL",2021,0,0
"1062","QUA015","ERICAL",2022,2,0.4
"1063","QUA015","ERINUD",2021,0,0
"1064","QUA015","ERINUD",2022,0,0
"1065","QUA015","HEAR",2021,0,0
"1066","QUA015","HEAR",2022,0,0
"1067","QUA015","HOLDIS",2021,0,0
"1068","QUA015","HOLDIS",2022,0,0
"1069","QUA015","MIMAUR",2021,0,0
"1070","QUA015","MIMAUR",2022,1,0.2
"1071","QUA015","RHAILI",2021,0,0
"1072","QUA015","RHAILI",2022,0,0
"1073","QUA015","RIBMAL",2021,0,0
"1074","QUA015","RIBMAL",2022,0,0
"1075","QUA015","SYMALB",2021,0,0
"1076","QUA015","SYMALB",2022,0,0
"1077","QUA015","SYMMOL",2021,0,0
"1078","QUA015","SYMMOL",2022,0,0
"1079","QUA015","TOXDIV",2021,0,0
"1080","QUA015","TOXDIV",2022,0,0
"1081","QUA016","ADFA",2021,2,0.4
"1082","QUA016","ADFA",2022,0,0
"1083","QUA016","ARCMAN",2021,0,0
"1084","QUA016","ARCMAN",2022,0,0
"1085","QUA016","CEACUN",2021,3,0.6
"1086","QUA016","CEACUN",2022,0,0
"1087","QUA016","CEAOLI",2021,0,0
"1088","QUA016","CEAOLI",2022,1,0.2
"1089","QUA016","CERBET",2021,0,0
"1090","QUA016","CERBET",2022,0,0
"1091","QUA016","ERICAL",2021,0,0
"1092","QUA016","ERICAL",2022,0,0
"1093","QUA016","ERINUD",2021,0,0
"1094","QUA016","ERINUD",2022,0,0
"1095","QUA016","HEAR",2021,0,0
"1096","QUA016","HEAR",2022,0,0
"1097","QUA016","HOLDIS",2021,0,0
"1098","QUA016","HOLDIS",2022,0,0
"1099","QUA016","MIMAUR",2021,0,0
"1100","QUA016","MIMAUR",2022,1,0.2
"1101","QUA016","RHAILI",2021,0,0
"1102","QUA016","RHAILI",2022,0,0
"1103","QUA016","RIBMAL",2021,0,0
"1104","QUA016","RIBMAL",2022,0,0
"1105","QUA016","SYMALB",2021,0,0
"1106","QUA016","SYMALB",2022,0,0
"1107","QUA016","SYMMOL",2021,0,0
"1108","QUA016","SYMMOL",2022,0,0
"1109","QUA016","TOXDIV",2021,0,0
"1110","QUA016","TOXDIV",2022,0,0
"1111","QUA020","ADFA",2021,3,0.6
"1112","QUA020","ADFA",2022,3,0.6
"1113","QUA020","ARCMAN",2021,0,0
"1114","QUA020","ARCMAN",2022,0,0
"1115","QUA020","CEACUN",2021,3,0.6
"1116","QUA020","CEACUN",2022,2,0.4
"1117","QUA020","CEAOLI",2021,0,0
"1118","QUA020","CEAOLI",2022,0,0
"1119","QUA020","CERBET",2021,2,0.4
"1120","QUA020","CERBET",2022,0,0
"1121","QUA020","ERICAL",2021,0,0
"1122","QUA020","ERICAL",2022,0,0
"1123","QUA020","ERINUD",2021,0,0
"1124","QUA020","ERINUD",2022,0,0
"1125","QUA020","HEAR",2021,0,0
"1126","QUA020","HEAR",2022,0,0
"1127","QUA020","HOLDIS",2021,0,0
"1128","QUA020","HOLDIS",2022,0,0
"1129","QUA020","MIMAUR",2021,0,0
"1130","QUA020","MIMAUR",2022,0,0
"1131","QUA020","RHAILI",2021,0,0
"1132","QUA020","RHAILI",2022,0,0
"1133","QUA020","RIBMAL",2021,0,0
"1134","QUA020","RIBMAL",2022,0,0
"1135","QUA020","SYMALB",2021,0,0
"1136","QUA020","SYMALB",2022,0,0
"1137","QUA020","SYMMOL",2021,0,0
"1138","QUA020","SYMMOL",2022,0,0
"1139","QUA020","TOXDIV",2021,1,0.2
"1140","QUA020","TOXDIV",2022,0,0
"1141","QUA024","ADFA",2021,0,0
"1142","QUA024","ADFA",2022,0,0
"1143","QUA024","ARCMAN",2021,0,0
"1144","QUA024","ARCMAN",2022,0,0
"1145","QUA024","CEACUN",2021,0,0
"1146","QUA024","CEACUN",2022,0,0
"1147","QUA024","CEAOLI",2021,0,0
"1148","QUA024","CEAOLI",2022,0,0
"1149","QUA024","CERBET",2021,0,0
"1150","QUA024","CERBET",2022,0,0
"1151","QUA024","ERICAL",2021,0,0
"1152","QUA024","ERICAL",2022,0,0
"1153","QUA024","ERINUD",2021,0,0
"1154","QUA024","ERINUD",2022,0,0
"1155","QUA024","HEAR",2021,0,0
"1156","QUA024","HEAR",2022,0,0
"1157","QUA024","HOLDIS",2021,0,0
"1158","QUA024","HOLDIS",2022,0,0
"1159","QUA024","MIMAUR",2021,0,0
"1160","QUA024","MIMAUR",2022,0,0
"1161","QUA024","RHAILI",2021,0,0
"1162","QUA024","RHAILI",2022,0,0
"1163","QUA024","RIBMAL",2021,0,0
"1164","QUA024","RIBMAL",2022,0,0
"1165","QUA024","SYMALB",2021,0,0
"1166","QUA024","SYMALB",2022,0,0
"1167","QUA024","SYMMOL",2021,0,0
"1168","QUA024","SYMMOL",2022,0,0
"1169","QUA024","TOXDIV",2021,0,0
"1170","QUA024","TOXDIV",2022,0,0
"1171","QUA025","ADFA",2021,0,0
"1172","QUA025","ADFA",2022,1,0.2
"1173","QUA025","ARCMAN",2021,0,0
"1174","QUA025","ARCMAN",2022,0,0
"1175","QUA025","CEACUN",2021,0,0
"1176","QUA025","CEACUN",2022,0,0
"1177","QUA025","CEAOLI",2021,0,0
"1178","QUA025","CEAOLI",2022,0,0
"1179","QUA025","CERBET",2021,0,0
"1180","QUA025","CERBET",2022,0,0
"1181","QUA025","ERICAL",2021,0,0
"1182","QUA025","ERICAL",2022,0,0
"1183","QUA025","ERINUD",2021,0,0
"1184","QUA025","ERINUD",2022,0,0
"1185","QUA025","HEAR",2021,0,0
"1186","QUA025","HEAR",2022,0,0
"1187","QUA025","HOLDIS",2021,0,0
"1188","QUA025","HOLDIS",2022,0,0
"1189","QUA025","MIMAUR",2021,0,0
"1190","QUA025","MIMAUR",2022,0,0
"1191","QUA025","RHAILI",2021,0,0
"1192","QUA025","RHAILI",2022,0,0
"1193","QUA025","RIBMAL",2021,0,0
"1194","QUA025","RIBMAL",2022,0,0
"1195","QUA025","SYMALB",2021,0,0
"1196","QUA025","SYMALB",2022,0,0
"1197","QUA025","SYMMOL",2021,0,0
"1198","QUA025","SYMMOL",2022,0,0
"1199","QUA025","TOXDIV",2021,0,0
"1200","QUA025","TOXDIV",2022,0,0
"1201","BOB008","ADFA",2021,0,0
"1202","BOB008","ADFA",2022,0,0
"1203","BOB008","ARCMAN",2021,0,0
"1204","BOB008","ARCMAN",2022,0,0
"1205","BOB008","CEACUN",2021,0,0
"1206","BOB008","CEACUN",2022,0,0
"1207","BOB008","CEAOLI",2021,0,0
"1208","BOB008","CEAOLI",2022,0,0
"1209","BOB008","CERBET",2021,0,0
"1210","BOB008","CERBET",2022,0,0
"1211","BOB008","ERICAL",2021,0,0
"1212","BOB008","ERICAL",2022,0,0
"1213","BOB008","ERINUD",2021,0,0
"1214","BOB008","ERINUD",2022,0,0
"1215","BOB008","HEAR",2021,0,0
"1216","BOB008","HEAR",2022,0,0
"1217","BOB008","HOLDIS",2021,0,0
"1218","BOB008","HOLDIS",2022,0,0
"1219","BOB008","MIMAUR",2021,0,0
"1220","BOB008","MIMAUR",2022,0,0
"1221","BOB008","RHAILI",2021,0,0
"1222","BOB008","RHAILI",2022,0,0
"1223","BOB008","RIBMAL",2021,0,0
"1224","BOB008","RIBMAL",2022,0,0
"1225","BOB008","SYMALB",2021,0,0
"1226","BOB008","SYMALB",2022,0,0
"1227","BOB008","SYMMOL",2021,0,0
"1228","BOB008","SYMMOL",2022,0,0
"1229","BOB008","TOXDIV",2021,0,0
"1230","BOB008","TOXDIV",2022,0,0
"1231","BOB013","ADFA",2021,0,0
"1232","BOB013","ADFA",2022,0,0
"1233","BOB013","ARCMAN",2021,0,0
"1234","BOB013","ARCMAN",2022,0,0
"1235","BOB013","CEACUN",2021,0,0
"1236","BOB013","CEACUN",2022,0,0
"1237","BOB013","CEAOLI",2021,0,0
"1238","BOB013","CEAOLI",2022,0,0
"1239","BOB013","CERBET",2021,0,0
"1240","BOB013","CERBET",2022,0,0
"1241","BOB013","ERICAL",2021,0,0
"1242","BOB013","ERICAL",2022,0,0
"1243","BOB013","ERINUD",2021,0,0
"1244","BOB013","ERINUD",2022,0,0
"1245","BOB013","HEAR",2021,0,0
"1246","BOB013","HEAR",2022,0,0
"1247","BOB013","HOLDIS",2021,0,0
"1248","BOB013","HOLDIS",2022,0,0
"1249","BOB013","MIMAUR",2021,0,0
"1250","BOB013","MIMAUR",2022,0,0
"1251","BOB013","RHAILI",2021,0,0
"1252","BOB013","RHAILI",2022,0,0
"1253","BOB013","RIBMAL",2021,0,0
"1254","BOB013","RIBMAL",2022,0,0
"1255","BOB013","SYMALB",2021,0,0
"1256","BOB013","SYMALB",2022,0,0
"1257","BOB013","SYMMOL",2021,0,0
"1258","BOB013","SYMMOL",2022,0,0
"1259","BOB013","TOXDIV",2021,0,0
"1260","BOB013","TOXDIV",2022,0,0
"1261","BOB015","ADFA",2021,0,0
"1262","BOB015","ADFA",2022,0,0
"1263","BOB015","ARCMAN",2021,0,0
"1264","BOB015","ARCMAN",2022,0,0
"1265","BOB015","CEACUN",2021,0,0
"1266","BOB015","CEACUN",2022,0,0
"1267","BOB015","CEAOLI",2021,0,0
"1268","BOB015","CEAOLI",2022,0,0
"1269","BOB015","CERBET",2021,0,0
"1270","BOB015","CERBET",2022,0,0
"1271","BOB015","ERICAL",2021,0,0
"1272","BOB015","ERICAL",2022,2,0.4
"1273","BOB015","ERINUD",2021,0,0
"1274","BOB015","ERINUD",2022,0,0
"1275","BOB015","HEAR",2021,0,0
"1276","BOB015","HEAR",2022,0,0
"1277","BOB015","HOLDIS",2021,0,0
"1278","BOB015","HOLDIS",2022,0,0
"1279","BOB015","MIMAUR",2021,0,0
"1280","BOB015","MIMAUR",2022,0,0
"1281","BOB015","RHAILI",2021,0,0
"1282","BOB015","RHAILI",2022,0,0
"1283","BOB015","RIBMAL",2021,0,0
"1284","BOB015","RIBMAL",2022,0,0
"1285","BOB015","SYMALB",2021,0,0
"1286","BOB015","SYMALB",2022,0,0
"1287","BOB015","SYMMOL",2021,0,0
"1288","BOB015","SYMMOL",2022,0,0
"1289","BOB015","TOXDIV",2021,0,0
"1290","BOB015","TOXDIV",2022,0,0
"1291","BOB019","ADFA",2021,0,0
"1292","BOB019","ADFA",2022,0,0
"1293","BOB019","ARCMAN",2021,0,0
"1294","BOB019","ARCMAN",2022,0,0
"1295","BOB019","CEACUN",2021,0,0
"1296","BOB019","CEACUN",2022,0,0
"1297","BOB019","CEAOLI",2021,0,0
"1298","BOB019","CEAOLI",2022,0,0
"1299","BOB019","CERBET",2021,0,0
"1300","BOB019","CERBET",2022,0,0
"1301","BOB019","ERICAL",2021,0,0
"1302","BOB019","ERICAL",2022,0,0
"1303","BOB019","ERINUD",2021,0,0
"1304","BOB019","ERINUD",2022,0,0
"1305","BOB019","HEAR",2021,0,0
"1306","BOB019","HEAR",2022,0,0
"1307","BOB019","HOLDIS",2021,0,0
"1308","BOB019","HOLDIS",2022,0,0
"1309","BOB019","MIMAUR",2021,0,0
"1310","BOB019","MIMAUR",2022,0,0
"1311","BOB019","RHAILI",2021,0,0
"1312","BOB019","RHAILI",2022,0,0
"1313","BOB019","RIBMAL",2021,0,0
"1314","BOB019","RIBMAL",2022,0,0
"1315","BOB019","SYMALB",2021,0,0
"1316","BOB019","SYMALB",2022,0,0
"1317","BOB019","SYMMOL",2021,0,0
"1318","BOB019","SYMMOL",2022,0,0
"1319","BOB019","TOXDIV",2021,0,0
"1320","BOB019","TOXDIV",2022,0,0
"1321","CCC007","ADFA",2021,0,0
"1322","CCC007","ADFA",2022,0,0
"1323","CCC007","ARCMAN",2021,0,0
"1324","CCC007","ARCMAN",2022,0,0
"1325","CCC007","CEACUN",2021,0,0
"1326","CCC007","CEACUN",2022,0,0
"1327","CCC007","CEAOLI",2021,0,0
"1328","CCC007","CEAOLI",2022,0,0
"1329","CCC007","CERBET",2021,0,0
"1330","CCC007","CERBET",2022,0,0
"1331","CCC007","ERICAL",2021,0,0
"1332","CCC007","ERICAL",2022,2,0.4
"1333","CCC007","ERINUD",2021,0,0
"1334","CCC007","ERINUD",2022,0,0
"1335","CCC007","HEAR",2021,0,0
"1336","CCC007","HEAR",2022,0,0
"1337","CCC007","HOLDIS",2021,0,0
"1338","CCC007","HOLDIS",2022,0,0
"1339","CCC007","MIMAUR",2021,0,0
"1340","CCC007","MIMAUR",2022,0,0
"1341","CCC007","RHAILI",2021,0,0
"1342","CCC007","RHAILI",2022,0,0
"1343","CCC007","RIBMAL",2021,0,0
"1344","CCC007","RIBMAL",2022,0,0
"1345","CCC007","SYMALB",2021,0,0
"1346","CCC007","SYMALB",2022,0,0
"1347","CCC007","SYMMOL",2021,0,0
"1348","CCC007","SYMMOL",2022,0,0
"1349","CCC007","TOXDIV",2021,0,0
"1350","CCC007","TOXDIV",2022,0,0
"1351","COL018","ADFA",2021,0,0
"1352","COL018","ADFA",2022,0,0
"1353","COL018","ARCMAN",2021,0,0
"1354","COL018","ARCMAN",2022,0,0
"1355","COL018","CEACUN",2021,0,0
"1356","COL018","CEACUN",2022,0,0
"1357","COL018","CEAOLI",2021,0,0
"1358","COL018","CEAOLI",2022,0,0
"1359","COL018","CERBET",2021,0,0
"1360","COL018","CERBET",2022,0,0
"1361","COL018","ERICAL",2021,1,0.2
"1362","COL018","ERICAL",2022,2,0.4
"1363","COL018","ERINUD",2021,0,0
"1364","COL018","ERINUD",2022,0,0
"1365","COL018","HEAR",2021,0,0
"1366","COL018","HEAR",2022,0,0
"1367","COL018","HOLDIS",2021,0,0
"1368","COL018","HOLDIS",2022,0,0
"1369","COL018","MIMAUR",2021,0,0
"1370","COL018","MIMAUR",2022,0,0
"1371","COL018","RHAILI",2021,0,0
"1372","COL018","RHAILI",2022,0,0
"1373","COL018","RIBMAL",2021,0,0
"1374","COL018","RIBMAL",2022,0,0
"1375","COL018","SYMALB",2021,0,0
"1376","COL018","SYMALB",2022,0,0
"1377","COL018","SYMMOL",2021,0,0
"1378","COL018","SYMMOL",2022,0,0
"1379","COL018","TOXDIV",2021,0,0
"1380","COL018","TOXDIV",2022,0,0
"1381","QUA001","ADFA",2021,2,0.4
"1382","QUA001","ADFA",2022,0,0
"1383","QUA001","ARCMAN",2021,0,0
"1384","QUA001","ARCMAN",2022,0,0
"1385","QUA001","CEACUN",2021,0,0
"1386","QUA001","CEACUN",2022,0,0
"1387","QUA001","CEAOLI",2021,0,0
"1388","QUA001","CEAOLI",2022,0,0
"1389","QUA001","CERBET",2021,0,0
"1390","QUA001","CERBET",2022,0,0
"1391","QUA001","ERICAL",2021,0,0
"1392","QUA001","ERICAL",2022,0,0
"1393","QUA001","ERINUD",2021,0,0
"1394","QUA001","ERINUD",2022,0,0
"1395","QUA001","HEAR",2021,0,0
"1396","QUA001","HEAR",2022,0,0
"1397","QUA001","HOLDIS",2021,0,0
"1398","QUA001","HOLDIS",2022,0,0
"1399","QUA001","MIMAUR",2021,0,0
"1400","QUA001","MIMAUR",2022,0,0
"1401","QUA001","RHAILI",2021,0,0
"1402","QUA001","RHAILI",2022,0,0
"1403","QUA001","RIBMAL",2021,0,0
"1404","QUA001","RIBMAL",2022,0,0
"1405","QUA001","SYMALB",2021,0,0
"1406","QUA001","SYMALB",2022,0,0
"1407","QUA001","SYMMOL",2021,0,0
"1408","QUA001","SYMMOL",2022,0,0
"1409","QUA001","TOXDIV",2021,0,0
"1410","QUA001","TOXDIV",2022,0,0
"1411","BOB007","ADFA",2021,0,0
"1412","BOB007","ADFA",2022,0,0
"1413","BOB007","ARCMAN",2021,0,0
"1414","BOB007","ARCMAN",2022,0,0
"1415","BOB007","CEACUN",2021,0,0
"1416","BOB007","CEACUN",2022,0,0
"1417","BOB007","CEAOLI",2021,0,0
"1418","BOB007","CEAOLI",2022,0,0
"1419","BOB007","CERBET",2021,0,0
"1420","BOB007","CERBET",2022,0,0
"1421","BOB007","ERICAL",2021,0,0
"1422","BOB007","ERICAL",2022,0,0
"1423","BOB007","ERINUD",2021,0,0
"1424","BOB007","ERINUD",2022,0,0
"1425","BOB007","HEAR",2021,0,0
"1426","BOB007","HEAR",2022,0,0
"1427","BOB007","HOLDIS",2021,0,0
"1428","BOB007","HOLDIS",2022,0,0
"1429","BOB007","MIMAUR",2021,0,0
"1430","BOB007","MIMAUR",2022,0,0
"1431","BOB007","RHAILI",2021,0,0
"1432","BOB007","RHAILI",2022,0,0
"1433","BOB007","RIBMAL",2021,0,0
"1434","BOB007","RIBMAL",2022,0,0
"1435","BOB007","SYMALB",2021,0,0
"1436","BOB007","SYMALB",2022,0,0
"1437","BOB007","SYMMOL",2021,0,0
"1438","BOB007","SYMMOL",2022,0,0
"1439","BOB007","TOXDIV",2021,0,0
"1440","BOB007","TOXDIV",2022,0,0
"1441","COL017","ADFA",2021,0,0
"1442","COL017","ADFA",2022,0,0
"1443","COL017","ARCMAN",2021,0,0
"1444","COL017","ARCMAN",2022,0,0
"1445","COL017","CEACUN",2021,0,0
"1446","COL017","CEACUN",2022,0,0
"1447","COL017","CEAOLI",2021,0,0
"1448","COL017","CEAOLI",2022,0,0
"1449","COL017","CERBET",2021,0,0
"1450","COL017","CERBET",2022,0,0
"1451","COL017","ERICAL",2021,0,0
"1452","COL017","ERICAL",2022,0,0
"1453","COL017","ERINUD",2021,0,0
"1454","COL017","ERINUD",2022,0,0
"1455","COL017","HEAR",2021,0,0
"1456","COL017","HEAR",2022,0,0
"1457","COL017","HOLDIS",2021,0,0
"1458","COL017","HOLDIS",2022,0,0
"1459","COL017","MIMAUR",2021,0,0
"1460","COL017","MIMAUR",2022,0,0
"1461","COL017","RHAILI",2021,0,0
"1462","COL017","RHAILI",2022,0,0
"1463","COL017","RIBMAL",2021,0,0
"1464","COL017","RIBMAL",2022,0,0
"1465","COL017","SYMALB",2021,0,0
"1466","COL017","SYMALB",2022,0,0
"1467","COL017","SYMMOL",2021,0,0
"1468","COL017","SYMMOL",2022,0,0
"1469","COL017","TOXDIV",2021,0,0
"1470","COL017","TOXDIV",2022,0,0
"1471","QUA021","ADFA",2021,1,0.2
"1472","QUA021","ADFA",2022,1,0.2
"1473","QUA021","ARCMAN",2021,0,0
"1474","QUA021","ARCMAN",2022,0,0
"1475","QUA021","CEACUN",2021,2,0.4
"1476","QUA021","CEACUN",2022,1,0.2
"1477","QUA021","CEAOLI",2021,0,0
"1478","QUA021","CEAOLI",2022,0,0
"1479","QUA021","CERBET",2021,0,0
"1480","QUA021","CERBET",2022,0,0
"1481","QUA021","ERICAL",2021,0,0
"1482","QUA021","ERICAL",2022,0,0
"1483","QUA021","ERINUD",2021,0,0
"1484","QUA021","ERINUD",2022,0,0
"1485","QUA021","HEAR",2021,0,0
"1486","QUA021","HEAR",2022,0,0
"1487","QUA021","HOLDIS",2021,0,0
"1488","QUA021","HOLDIS",2022,0,0
"1489","QUA021","MIMAUR",2021,0,0
"1490","QUA021","MIMAUR",2022,0,0
"1491","QUA021","RHAILI",2021,0,0
"1492","QUA021","RHAILI",2022,0,0
"1493","QUA021","RIBMAL",2021,0,0
"1494","QUA021","RIBMAL",2022,0,0
"1495","QUA021","SYMALB",2021,0,0
"1496","QUA021","SYMALB",2022,0,0
"1497","QUA021","SYMMOL",2021,0,0
"1498","QUA021","SYMMOL",2022,0,0
"1499","QUA021","TOXDIV",2021,0,0
"1500","QUA021","TOXDIV",2022,0,0
"1501","QUA022","ADFA",2021,1,0.2
"1502","QUA022","ADFA",2022,1,0.2
"1503","QUA022","ARCMAN",2021,0,0
"1504","QUA022","ARCMAN",2022,0,0
"1505","QUA022","CEACUN",2021,1,0.2
"1506","QUA022","CEACUN",2022,0,0
"1507","QUA022","CEAOLI",2021,1,0.2
"1508","QUA022","CEAOLI",2022,0,0
"1509","QUA022","CERBET",2021,0,0
"1510","QUA022","CERBET",2022,0,0
"1511","QUA022","ERICAL",2021,0,0
"1512","QUA022","ERICAL",2022,0,0
"1513","QUA022","ERINUD",2021,0,0
"1514","QUA022","ERINUD",2022,0,0
"1515","QUA022","HEAR",2021,0,0
"1516","QUA022","HEAR",2022,0,0
"1517","QUA022","HOLDIS",2021,0,0
"1518","QUA022","HOLDIS",2022,0,0
"1519","QUA022","MIMAUR",2021,0,0
"1520","QUA022","MIMAUR",2022,0,0
"1521","QUA022","RHAILI",2021,0,0
"1522","QUA022","RHAILI",2022,0,0
"1523","QUA022","RIBMAL",2021,0,0
"1524","QUA022","RIBMAL",2022,0,0
"1525","QUA022","SYMALB",2021,0,0
"1526","QUA022","SYMALB",2022,0,0
"1527","QUA022","SYMMOL",2021,0,0
"1528","QUA022","SYMMOL",2022,0,0
"1529","QUA022","TOXDIV",2021,0,0
"1530","QUA022","TOXDIV",2022,0,0
"1531","CCC010","ADFA",2021,0,0
"1532","CCC010","ADFA",2022,0,0
"1533","CCC010","ARCMAN",2021,0,0
"1534","CCC010","ARCMAN",2022,0,0
"1535","CCC010","CEACUN",2021,0,0
"1536","CCC010","CEACUN",2022,0,0
"1537","CCC010","CEAOLI",2021,0,0
"1538","CCC010","CEAOLI",2022,0,0
"1539","CCC010","CERBET",2021,0,0
"1540","CCC010","CERBET",2022,0,0
"1541","CCC010","ERICAL",2021,2,0.4
"1542","CCC010","ERICAL",2022,0,0
"1543","CCC010","ERINUD",2021,0,0
"1544","CCC010","ERINUD",2022,0,0
"1545","CCC010","HEAR",2021,0,0
"1546","CCC010","HEAR",2022,0,0
"1547","CCC010","HOLDIS",2021,0,0
"1548","CCC010","HOLDIS",2022,0,0
"1549","CCC010","MIMAUR",2021,0,0
"1550","CCC010","MIMAUR",2022,1,0.2
"1551","CCC010","RHAILI",2021,0,0
"1552","CCC010","RHAILI",2022,0,0
"1553","CCC010","RIBMAL",2021,0,0
"1554","CCC010","RIBMAL",2022,0,0
"1555","CCC010","SYMALB",2021,0,0
"1556","CCC010","SYMALB",2022,0,0
"1557","CCC010","SYMMOL",2021,0,0
"1558","CCC010","SYMMOL",2022,0,0
"1559","CCC010","TOXDIV",2021,0,0
"1560","CCC010","TOXDIV",2022,0,0
"1561","CCC012","ADFA",2021,0,0
"1562","CCC012","ADFA",2022,0,0
"1563","CCC012","ARCMAN",2021,0,0
"1564","CCC012","ARCMAN",2022,0,0
"1565","CCC012","CEACUN",2021,0,0
"1566","CCC012","CEACUN",2022,0,0
"1567","CCC012","CEAOLI",2021,0,0
"1568","CCC012","CEAOLI",2022,0,0
"1569","CCC012","CERBET",2021,0,0
"1570","CCC012","CERBET",2022,0,0
"1571","CCC012","ERICAL",2021,0,0
"1572","CCC012","ERICAL",2022,0,0
"1573","CCC012","ERINUD",2021,0,0
"1574","CCC012","ERINUD",2022,0,0
"1575","CCC012","HEAR",2021,0,0
"1576","CCC012","HEAR",2022,0,0
"1577","CCC012","HOLDIS",2021,0,0
"1578","CCC012","HOLDIS",2022,0,0
"1579","CCC012","MIMAUR",2021,0,0
"1580","CCC012","MIMAUR",2022,0,0
"1581","CCC012","RHAILI",2021,0,0
"1582","CCC012","RHAILI",2022,0,0
"1583","CCC012","RIBMAL",2021,0,0
"1584","CCC012","RIBMAL",2022,0,0
"1585","CCC012","SYMALB",2021,0,0
"1586","CCC012","SYMALB",2022,0,0
"1587","CCC012","SYMMOL",2021,0,0
"1588","CCC012","SYMMOL",2022,0,0
"1589","CCC012","TOXDIV",2021,0,0
"1590","CCC012","TOXDIV",2022,0,0
"1591","CCC002","ADFA",2021,0,0
"1592","CCC002","ADFA",2022,0,0
"1593","CCC002","ARCMAN",2021,2,0.4
"1594","CCC002","ARCMAN",2022,0,0
"1595","CCC002","CEACUN",2021,0,0
"1596","CCC002","CEACUN",2022,0,0
"1597","CCC002","CEAOLI",2021,0,0
"1598","CCC002","CEAOLI",2022,0,0
"1599","CCC002","CERBET",2021,0,0
"1600","CCC002","CERBET",2022,0,0
"1601","CCC002","ERICAL",2021,1,0.2
"1602","CCC002","ERICAL",2022,0,0
"1603","CCC002","ERINUD",2021,0,0
"1604","CCC002","ERINUD",2022,0,0
"1605","CCC002","HEAR",2021,0,0
"1606","CCC002","HEAR",2022,0,0
"1607","CCC002","HOLDIS",2021,0,0
"1608","CCC002","HOLDIS",2022,1,0.2
"1609","CCC002","MIMAUR",2021,0,0
"1610","CCC002","MIMAUR",2022,0,0
"1611","CCC002","RHAILI",2021,0,0
"1612","CCC002","RHAILI",2022,0,0
"1613","CCC002","RIBMAL",2021,0,0
"1614","CCC002","RIBMAL",2022,0,0
"1615","CCC002","SYMALB",2021,0,0
"1616","CCC002","SYMALB",2022,0,0
"1617","CCC002","SYMMOL",2021,0,0
"1618","CCC002","SYMMOL",2022,0,0
"1619","CCC002","TOXDIV",2021,0,0
"1620","CCC002","TOXDIV",2022,0,0
