"","PlotID","spp","year","Q1","Q2","Q3","Q4","Q5","avg.cover.ALL","sum.cover.ALL"
"1","BOB003","ADFA",2022,0,0,1,0,0,0.2,1
"2","BOB003","ADFA",2021,0,0,0,0,0,0,0
"3","BOB003","ERICAL",2022,0,0,0,0,0,0,0
"4","BOB003","ERICAL",2021,0,0,0,0,0,0,0
"5","BOB003","HEAR",2022,0,0,0,0,0,0,0
"6","BOB003","HEAR",2021,0,0,0,0,0,0,0
"7","BOB003","LEPCAL",2022,0,0,0,0,0,0,0
"8","BOB003","LEPCAL",2021,0,0,0,16,0,3.2,16
"9","BOB003","MIMAUR",2022,0,0,0,0,0,0,0
"10","BOB003","MIMAUR",2021,0,0,0,0,0,0,0
"11","BOB003","QUEBER",2022,0,0,0,0,0,0,0
"12","BOB003","QUEBER",2021,0,0,0,0,0,0,0
"13","BOB003","RHAILI",2022,0,0,0,0,0,0,0
"14","BOB003","RHAILI",2021,0,0,0,0,0,0,0
"15","BOB003","ARCMAN",2022,0,0,0,0,0,0,0
"16","BOB003","ARCMAN",2021,0,0,0,0,0,0,0
"17","BOB003","CEACUN",2022,0,0,0,0,0,0,0
"18","BOB003","CEACUN",2021,0,0,0,0,0,0,0
"19","BOB003","CEAOLI",2022,0,0,0,0,0,0,0
"20","BOB003","CEAOLI",2021,0,0,0,0,0,0,0
"21","BOB003","CERBET",2022,0,0,0,0,0,0,0
"22","BOB003","CERBET",2021,0,0,0,0,0,0,0
"23","BOB003","HOLDIS",2022,0,0,0,0,0,0,0
"24","BOB003","HOLDIS",2021,0,0,0,0,0,0,0
"25","BOB003","ERINUD",2022,0,0,0,0,0,0,0
"26","BOB003","ERINUD",2021,0,0,0,0,0,0,0
"27","BOB003","RIBMAL",2022,0,0,0,0,0,0,0
"28","BOB003","RIBMAL",2021,0,0,0,0,0,0,0
"29","BOB003","SYMALB",2022,0,0,0,0,0,0,0
"30","BOB003","SYMALB",2021,0,0,0,0,0,0,0
"31","BOB003","SYMMOL",2022,0,0,0,0,0,0,0
"32","BOB003","SYMMOL",2021,0,0,0,0,0,0,0
"33","BOB004","ADFA",2022,15,25,30,20,65,31,155
"34","BOB004","ADFA",2021,0,4,10,0,25,7.8,39
"35","BOB004","ERICAL",2022,0,0,0,5,0,1,5
"36","BOB004","ERICAL",2021,0,0,0,0,0,0,0
"37","BOB004","HEAR",2022,0,0,0,0,0,0,0
"38","BOB004","HEAR",2021,0,0,0,0,0,0,0
"39","BOB004","LEPCAL",2022,0,0,0,0,0,0,0
"40","BOB004","LEPCAL",2021,0,0,0,0,0,0,0
"41","BOB004","MIMAUR",2022,0,0,0,0,0,0,0
"42","BOB004","MIMAUR",2021,0,0,0,0,0,0,0
"43","BOB004","QUEBER",2022,0,0,0,0,0,0,0
"44","BOB004","QUEBER",2021,0,0,0,0,0,0,0
"45","BOB004","RHAILI",2022,0,0,0,0,0,0,0
"46","BOB004","RHAILI",2021,0,0,0,0,0,0,0
"47","BOB004","ARCMAN",2022,0,0,0,0,0,0,0
"48","BOB004","ARCMAN",2021,0,0,0,0,0,0,0
"49","BOB004","CEACUN",2022,0,0,0,0,0,0,0
"50","BOB004","CEACUN",2021,0,0,0,0,0,0,0
"51","BOB004","CEAOLI",2022,0,0,0,0,0,0,0
"52","BOB004","CEAOLI",2021,0,0,0,0,0,0,0
"53","BOB004","CERBET",2022,0,0,0,0,0,0,0
"54","BOB004","CERBET",2021,0,0,0,0,0,0,0
"55","BOB004","HOLDIS",2022,0,0,0,0,0,0,0
"56","BOB004","HOLDIS",2021,0,0,0,0,0,0,0
"57","BOB004","ERINUD",2022,0,0,0,0,0,0,0
"58","BOB004","ERINUD",2021,0,0,0,0,0,0,0
"59","BOB004","RIBMAL",2022,0,0,0,0,0,0,0
"60","BOB004","RIBMAL",2021,0,0,0,0,0,0,0
"61","BOB004","SYMALB",2022,0,0,0,0,0,0,0
"62","BOB004","SYMALB",2021,0,0,0,0,0,0,0
"63","BOB004","SYMMOL",2022,0,0,0,0,0,0,0
"64","BOB004","SYMMOL",2021,0,0,0,0,0,0,0
"65","BOB005","ADFA",2022,0,11,0,10,15,7.2,36
"66","BOB005","ADFA",2021,0,4,4,7,0,3,15
"67","BOB005","ERICAL",2022,0,0,0,0,0,0,0
"68","BOB005","ERICAL",2021,0,0,0,0,0,0,0
"69","BOB005","HEAR",2022,0,0,0,0,0,0,0
"70","BOB005","HEAR",2021,0,0,0,0,0,0,0
"71","BOB005","LEPCAL",2022,0,0,0,0,0,0,0
"72","BOB005","LEPCAL",2021,0,0,0,0,0,0,0
"73","BOB005","MIMAUR",2022,0,0,0,0,0,0,0
"74","BOB005","MIMAUR",2021,0,0,0,0,0,0,0
"75","BOB005","QUEBER",2022,0,0,0,0,0,0,0
"76","BOB005","QUEBER",2021,0,0,0,0,0,0,0
"77","BOB005","RHAILI",2022,0,0,0,0,0,0,0
"78","BOB005","RHAILI",2021,0,0,0,0,0,0,0
"79","BOB005","ARCMAN",2022,0,0,0,0,0,0,0
"80","BOB005","ARCMAN",2021,0,0,0,0,0,0,0
"81","BOB005","CEACUN",2022,0,0,0,0,0,0,0
"82","BOB005","CEACUN",2021,0,0,0,0,0,0,0
"83","BOB005","CEAOLI",2022,0,0,0,0,0,0,0
"84","BOB005","CEAOLI",2021,0,0,0,0,0,0,0
"85","BOB005","CERBET",2022,0,0,0,0,0,0,0
"86","BOB005","CERBET",2021,0,0,0,0,0,0,0
"87","BOB005","HOLDIS",2022,0,0,0,0,0,0,0
"88","BOB005","HOLDIS",2021,0,0,0,0,0,0,0
"89","BOB005","ERINUD",2022,0,0,0,0,0,0,0
"90","BOB005","ERINUD",2021,0,0,0,0,0,0,0
"91","BOB005","RIBMAL",2022,0,0,0,0,0,0,0
"92","BOB005","RIBMAL",2021,0,0,0,0,0,0,0
"93","BOB005","SYMALB",2022,0,0,0,0,0,0,0
"94","BOB005","SYMALB",2021,0,0,0,0,0,0,0
"95","BOB005","SYMMOL",2022,0,0,0,0,0,0,0
"96","BOB005","SYMMOL",2021,0,0,0,0,0,0,0
"97","BOB008","ADFA",2022,0,1,0,0,0,0.2,1
"98","BOB008","ADFA",2021,0,1,0,0,0,0.2,1
"99","BOB008","ERICAL",2022,0,0,0,0,0,0,0
"100","BOB008","ERICAL",2021,0,0,0,0,0,0,0
"101","BOB008","HEAR",2022,0,0,0,0,0,0,0
"102","BOB008","HEAR",2021,0,0,0,0,0,0,0
"103","BOB008","LEPCAL",2022,0,0,22,0,43,13,65
"104","BOB008","LEPCAL",2021,0,0,0,0,0.4,0.08,0.4
"105","BOB008","MIMAUR",2022,0,0,0,0,0,0,0
"106","BOB008","MIMAUR",2021,0,0,0,0,0,0,0
"107","BOB008","QUEBER",2022,0,0,0,0,0,0,0
"108","BOB008","QUEBER",2021,0,0,0,0,0,0,0
"109","BOB008","RHAILI",2022,0,0,0,0,0,0,0
"110","BOB008","RHAILI",2021,0,0,0,0,0,0,0
"111","BOB008","ARCMAN",2022,0,0,0,0,0,0,0
"112","BOB008","ARCMAN",2021,0,0,0,0,0,0,0
"113","BOB008","CEACUN",2022,0,0,0,0,0,0,0
"114","BOB008","CEACUN",2021,0,0,0,0,0,0,0
"115","BOB008","CEAOLI",2022,0,0,0,0,0,0,0
"116","BOB008","CEAOLI",2021,0,0,0,0,0,0,0
"117","BOB008","CERBET",2022,0,0,0,0,0,0,0
"118","BOB008","CERBET",2021,0,0,0,0,0,0,0
"119","BOB008","HOLDIS",2022,0,0,0,0,0,0,0
"120","BOB008","HOLDIS",2021,0,0,0,0,0,0,0
"121","BOB008","ERINUD",2022,0,0,0,0,0,0,0
"122","BOB008","ERINUD",2021,0,0,0,0,0,0,0
"123","BOB008","RIBMAL",2022,0,0,0,0,0,0,0
"124","BOB008","RIBMAL",2021,0,0,0,0,0,0,0
"125","BOB008","SYMALB",2022,0,0,0,0,0,0,0
"126","BOB008","SYMALB",2021,0,0,0,0,0,0,0
"127","BOB008","SYMMOL",2022,0,0,0,0,0,0,0
"128","BOB008","SYMMOL",2021,0,0,0,0,0,0,0
"129","BOB009","ADFA",2022,0,0,0,0,10,2,10
"130","BOB009","ADFA",2021,11,3,0,0,25,7.8,39
"131","BOB009","ERICAL",2022,15,30,8,0,0,10.6,53
"132","BOB009","ERICAL",2021,0,0,14,0,0,2.8,14
"133","BOB009","HEAR",2022,0,0,0,0,0,0,0
"134","BOB009","HEAR",2021,0,0,0,0,0,0,0
"135","BOB009","LEPCAL",2022,0,0,0,0,0,0,0
"136","BOB009","LEPCAL",2021,0,0,0,0,0,0,0
"137","BOB009","MIMAUR",2022,0,0,0,0,0,0,0
"138","BOB009","MIMAUR",2021,0,0,0,0,0,0,0
"139","BOB009","QUEBER",2022,0,0,0,0,0,0,0
"140","BOB009","QUEBER",2021,0,0,0,0,0,0,0
"141","BOB009","RHAILI",2022,0,0,0,0,0,0,0
"142","BOB009","RHAILI",2021,0,0,0,0,0,0,0
"143","BOB009","ARCMAN",2022,0,0,0,0,0,0,0
"144","BOB009","ARCMAN",2021,0,0,0,0,0,0,0
"145","BOB009","CEACUN",2022,0,0,0,0,0,0,0
"146","BOB009","CEACUN",2021,0,0,0,0,0,0,0
"147","BOB009","CEAOLI",2022,0,0,0,0,0,0,0
"148","BOB009","CEAOLI",2021,0,0,0,0,0,0,0
"149","BOB009","CERBET",2022,0,0,0,0,0,0,0
"150","BOB009","CERBET",2021,0,0,0,0,0,0,0
"151","BOB009","HOLDIS",2022,0,0,0,0,0,0,0
"152","BOB009","HOLDIS",2021,0,0,0,0,0,0,0
"153","BOB009","ERINUD",2022,0,0,0,0,0,0,0
"154","BOB009","ERINUD",2021,0,0,0,0,0,0,0
"155","BOB009","RIBMAL",2022,0,0,0,0,0,0,0
"156","BOB009","RIBMAL",2021,0,0,0,0,0,0,0
"157","BOB009","SYMALB",2022,0,0,0,0,0,0,0
"158","BOB009","SYMALB",2021,0,0,0,0,0,0,0
"159","BOB009","SYMMOL",2022,0,0,0,0,0,0,0
"160","BOB009","SYMMOL",2021,0,0,0,0,0,0,0
"161","BOB010","ADFA",2022,0,2,0,15,20,7.4,37
"162","BOB010","ADFA",2021,0,0,0,4,20,4.8,24
"163","BOB010","ERICAL",2022,0,0,20,0,0,4,20
"164","BOB010","ERICAL",2021,0,0,13,0,0,2.6,13
"165","BOB010","HEAR",2022,0,0,0,0,0,0,0
"166","BOB010","HEAR",2021,0,0,0,0,0,0,0
"167","BOB010","LEPCAL",2022,0,0,0,0,0,0,0
"168","BOB010","LEPCAL",2021,0,0,0,0,0,0,0
"169","BOB010","MIMAUR",2022,0,0,0,0,0,0,0
"170","BOB010","MIMAUR",2021,0,0,0,0,0,0,0
"171","BOB010","QUEBER",2022,0,0,0,0,0,0,0
"172","BOB010","QUEBER",2021,0,0,0,0,0,0,0
"173","BOB010","RHAILI",2022,0,0,0,0,0,0,0
"174","BOB010","RHAILI",2021,0,0,0,0,0,0,0
"175","BOB010","ARCMAN",2022,0,0,0,0,0,0,0
"176","BOB010","ARCMAN",2021,0,0,0,0,0,0,0
"177","BOB010","CEACUN",2022,0,0,0,0,0,0,0
"178","BOB010","CEACUN",2021,0,0,0,0,0,0,0
"179","BOB010","CEAOLI",2022,0,0,0,0,0,0,0
"180","BOB010","CEAOLI",2021,0,0,0,0,0,0,0
"181","BOB010","CERBET",2022,0,0,0,0,0,0,0
"182","BOB010","CERBET",2021,0,0,0,0,0,0,0
"183","BOB010","HOLDIS",2022,0,0,0,0,0,0,0
"184","BOB010","HOLDIS",2021,0,0,0,0,0,0,0
"185","BOB010","ERINUD",2022,0,0,0,0,0,0,0
"186","BOB010","ERINUD",2021,0,0,0,0,0,0,0
"187","BOB010","RIBMAL",2022,0,0,0,0,0,0,0
"188","BOB010","RIBMAL",2021,0,0,0,0,0,0,0
"189","BOB010","SYMALB",2022,0,0,0,0,0,0,0
"190","BOB010","SYMALB",2021,0,0,0,0,0,0,0
"191","BOB010","SYMMOL",2022,0,0,0,0,0,0,0
"192","BOB010","SYMMOL",2021,0,0,0,0,0,0,0
"193","BOB011","ADFA",2022,0,0.1,0,0,0.1,0.04,0.2
"194","BOB011","ADFA",2021,0,17,0,0,2,3.8,19
"195","BOB011","ERICAL",2022,0,0,0,0,0,0,0
"196","BOB011","ERICAL",2021,0,0,0,0,0,0,0
"197","BOB011","HEAR",2022,0,0,0,0,0,0,0
"198","BOB011","HEAR",2021,0,0,0,0,0,0,0
"199","BOB011","LEPCAL",2022,0,0,0,0,0,0,0
"200","BOB011","LEPCAL",2021,0,0,0,0,0,0,0
"201","BOB011","MIMAUR",2022,0,0,0,0,0,0,0
"202","BOB011","MIMAUR",2021,0,0,0,0,0,0,0
"203","BOB011","QUEBER",2022,0,0,0,0,0,0,0
"204","BOB011","QUEBER",2021,0,0,0,0,0,0,0
"205","BOB011","RHAILI",2022,0,0,0,0,0,0,0
"206","BOB011","RHAILI",2021,0,0,0,0,0,0,0
"207","BOB011","ARCMAN",2022,0,0,0,0,0,0,0
"208","BOB011","ARCMAN",2021,0,0,0,0,0,0,0
"209","BOB011","CEACUN",2022,0,0,0,0,0,0,0
"210","BOB011","CEACUN",2021,0,0,0,0,0,0,0
"211","BOB011","CEAOLI",2022,0,0,0,0,0,0,0
"212","BOB011","CEAOLI",2021,0,0,0,0,0,0,0
"213","BOB011","CERBET",2022,0,0,0,0,0,0,0
"214","BOB011","CERBET",2021,0,0,0,0,0,0,0
"215","BOB011","HOLDIS",2022,0,0,0,0,0,0,0
"216","BOB011","HOLDIS",2021,0,0,0,0,0,0,0
"217","BOB011","ERINUD",2022,0,0,0,0,0,0,0
"218","BOB011","ERINUD",2021,0,0,0,0,0,0,0
"219","BOB011","RIBMAL",2022,0,0,0,0,0,0,0
"220","BOB011","RIBMAL",2021,0,0,0,0,0,0,0
"221","BOB011","SYMALB",2022,0,0,0,0,0,0,0
"222","BOB011","SYMALB",2021,0,0,0,0,0,0,0
"223","BOB011","SYMMOL",2022,0,0,0,0,0,0,0
"224","BOB011","SYMMOL",2021,0,0,0,0,0,0,0
"225","BOB012","ADFA",2022,0,0,0,15,0,3,15
"226","BOB012","ADFA",2021,0,0,0,24,2,5.2,26
"227","BOB012","ERICAL",2022,35,40,0,0,0,15,75
"228","BOB012","ERICAL",2021,14,20,0,0,0,6.8,34
"229","BOB012","HEAR",2022,0,0,0,0,0,0,0
"230","BOB012","HEAR",2021,0,0,0,0,0,0,0
"231","BOB012","LEPCAL",2022,0,0,0,0,0,0,0
"232","BOB012","LEPCAL",2021,0,0,0,0,0,0,0
"233","BOB012","MIMAUR",2022,0,0,0,0,0,0,0
"234","BOB012","MIMAUR",2021,0,0,0,0,0,0,0
"235","BOB012","QUEBER",2022,0,0,0,0,0,0,0
"236","BOB012","QUEBER",2021,0,0,0,0,0,0,0
"237","BOB012","RHAILI",2022,0,0,0,0,0,0,0
"238","BOB012","RHAILI",2021,0,0,0,0,0,0,0
"239","BOB012","ARCMAN",2022,0,0,0,0,0,0,0
"240","BOB012","ARCMAN",2021,0,0,0,0,0,0,0
"241","BOB012","CEACUN",2022,0,0,0,0,0,0,0
"242","BOB012","CEACUN",2021,0,0,0,0,0,0,0
"243","BOB012","CEAOLI",2022,0,0,0,0,0,0,0
"244","BOB012","CEAOLI",2021,0,0,0,0,0,0,0
"245","BOB012","CERBET",2022,0,0,0,0,0,0,0
"246","BOB012","CERBET",2021,0,0,0,0,0,0,0
"247","BOB012","HOLDIS",2022,0,0,0,0,0,0,0
"248","BOB012","HOLDIS",2021,0,0,0,0,0,0,0
"249","BOB012","ERINUD",2022,0,0,0,0,0,0,0
"250","BOB012","ERINUD",2021,0,0,0,0,0,0,0
"251","BOB012","RIBMAL",2022,0,0,0,0,0,0,0
"252","BOB012","RIBMAL",2021,0,0,0,0,0,0,0
"253","BOB012","SYMALB",2022,0,0,0,0,0,0,0
"254","BOB012","SYMALB",2021,0,0,0,0,0,0,0
"255","BOB012","SYMMOL",2022,0,0,0,0,0,0,0
"256","BOB012","SYMMOL",2021,0,0,0,0,0,0,0
"257","BOB014","ADFA",2022,0,0,5,0.5,0,1.1,5.5
"258","BOB014","ADFA",2021,0,0,0,0,0,0,0
"259","BOB014","ERICAL",2022,0,0,0,0,0,0,0
"260","BOB014","ERICAL",2021,0,0,0,0,0,0,0
"261","BOB014","HEAR",2022,0,0,0,0,20,4,20
"262","BOB014","HEAR",2021,0,0,0,0,10,2,10
"263","BOB014","LEPCAL",2022,15,0,32,11,2,12,60
"264","BOB014","LEPCAL",2021,0,0,0,7,0,1.4,7
"265","BOB014","MIMAUR",2022,0,0,0,0,0,0,0
"266","BOB014","MIMAUR",2021,0,0,0,0,0,0,0
"267","BOB014","QUEBER",2022,35,0,0,0,0,7,35
"268","BOB014","QUEBER",2021,13,0,0,0,0,2.6,13
"269","BOB014","RHAILI",2022,0,0,0,0,0,0,0
"270","BOB014","RHAILI",2021,0,0,0,0,0,0,0
"271","BOB014","ARCMAN",2022,0,0,0,0,0,0,0
"272","BOB014","ARCMAN",2021,0,0,0,0,0,0,0
"273","BOB014","CEACUN",2022,0,0,0,0,0,0,0
"274","BOB014","CEACUN",2021,0,0,0,0,0,0,0
"275","BOB014","CEAOLI",2022,0,0,0,0,0,0,0
"276","BOB014","CEAOLI",2021,0,0,0,0,0,0,0
"277","BOB014","CERBET",2022,0,0,0,0,0,0,0
"278","BOB014","CERBET",2021,0,0,0,0,0,0,0
"279","BOB014","HOLDIS",2022,0,0,0,0,0,0,0
"280","BOB014","HOLDIS",2021,0,0,0,0,0,0,0
"281","BOB014","ERINUD",2022,0,0,0,0,0,0,0
"282","BOB014","ERINUD",2021,0,0,0,0,0,0,0
"283","BOB014","RIBMAL",2022,0,0,0,0,0,0,0
"284","BOB014","RIBMAL",2021,0,0,0,0,0,0,0
"285","BOB014","SYMALB",2022,0,0,0,0,0,0,0
"286","BOB014","SYMALB",2021,0,0,0,0,0,0,0
"287","BOB014","SYMMOL",2022,0,0,0,0,0,0,0
"288","BOB014","SYMMOL",2021,0,0,0,0,0,0,0
"289","BOB015","ADFA",2022,0,6,0,0,0,1.2,6
"290","BOB015","ADFA",2021,0,3,0,0,10,2.6,13
"291","BOB015","ERICAL",2022,0,0,0,0,0,0,0
"292","BOB015","ERICAL",2021,0,0,0,0,0,0,0
"293","BOB015","HEAR",2022,0,0,5,0,0,1,5
"294","BOB015","HEAR",2021,0,0,0,0,0,0,0
"295","BOB015","LEPCAL",2022,27,4,16,75,30,30.4,152
"296","BOB015","LEPCAL",2021,16,24,6,30,12,17.6,88
"297","BOB015","MIMAUR",2022,0,0,0,0,0,0,0
"298","BOB015","MIMAUR",2021,0,0,0,0,0,0,0
"299","BOB015","QUEBER",2022,0,0,0,0,0,0,0
"300","BOB015","QUEBER",2021,0,0,0,0,0,0,0
"301","BOB015","RHAILI",2022,0,0,0,0,0,0,0
"302","BOB015","RHAILI",2021,0,0,0,0,0,0,0
"303","BOB015","ARCMAN",2022,0,0,0,0,0,0,0
"304","BOB015","ARCMAN",2021,0,0,0,0,0,0,0
"305","BOB015","CEACUN",2022,0,0,0,0,0,0,0
"306","BOB015","CEACUN",2021,0,0,0,0,0,0,0
"307","BOB015","CEAOLI",2022,0,0,0,0,0,0,0
"308","BOB015","CEAOLI",2021,0,0,0,0,0,0,0
"309","BOB015","CERBET",2022,0,0,0,0,0,0,0
"310","BOB015","CERBET",2021,0,0,0,0,0,0,0
"311","BOB015","HOLDIS",2022,0,0,0,0,0,0,0
"312","BOB015","HOLDIS",2021,0,0,0,0,0,0,0
"313","BOB015","ERINUD",2022,0,0,0,0,0,0,0
"314","BOB015","ERINUD",2021,0,0,0,0,0,0,0
"315","BOB015","RIBMAL",2022,0,0,0,0,0,0,0
"316","BOB015","RIBMAL",2021,0,0,0,0,0,0,0
"317","BOB015","SYMALB",2022,0,0,0,0,0,0,0
"318","BOB015","SYMALB",2021,0,0,0,0,0,0,0
"319","BOB015","SYMMOL",2022,0,0,0,0,0,0,0
"320","BOB015","SYMMOL",2021,0,0,0,0,0,0,0
"321","BOB016","ADFA",2022,0,0,0.1,0,0,0.02,0.1
"322","BOB016","ADFA",2021,0,0,0,0,0,0,0
"323","BOB016","ERICAL",2022,20,15,6,0,0,8.2,41
"324","BOB016","ERICAL",2021,8,0,20,0,0,5.6,28
"325","BOB016","HEAR",2022,0,0,0,0,0,0,0
"326","BOB016","HEAR",2021,0,0,0,0,5,1,5
"327","BOB016","LEPCAL",2022,0,0,14,40,20,14.8,74
"328","BOB016","LEPCAL",2021,0,0,0,32,12,8.8,44
"329","BOB016","MIMAUR",2022,0,0,0,0,0,0,0
"330","BOB016","MIMAUR",2021,0.2,0,0,0,0,0.04,0.2
"331","BOB016","QUEBER",2022,0,0,0,0,0,0,0
"332","BOB016","QUEBER",2021,0,0,0,0,0,0,0
"333","BOB016","RHAILI",2022,0,0,0,0,0,0,0
"334","BOB016","RHAILI",2021,0,0,0,0,0,0,0
"335","BOB016","ARCMAN",2022,0,0,0,0,0,0,0
"336","BOB016","ARCMAN",2021,0,0,0,0,0,0,0
"337","BOB016","CEACUN",2022,0,0,0,0,0,0,0
"338","BOB016","CEACUN",2021,0,0,0,0,0,0,0
"339","BOB016","CEAOLI",2022,0,0,0,0,0,0,0
"340","BOB016","CEAOLI",2021,0,0,0,0,0,0,0
"341","BOB016","CERBET",2022,0,0,0,0,0,0,0
"342","BOB016","CERBET",2021,0,0,0,0,0,0,0
"343","BOB016","HOLDIS",2022,0,0,0,0,0,0,0
"344","BOB016","HOLDIS",2021,0,0,0,0,0,0,0
"345","BOB016","ERINUD",2022,0,0,0,0,0,0,0
"346","BOB016","ERINUD",2021,0,0,0,0,0,0,0
"347","BOB016","RIBMAL",2022,0,0,0,0,0,0,0
"348","BOB016","RIBMAL",2021,0,0,0,0,0,0,0
"349","BOB016","SYMALB",2022,0,0,0,0,0,0,0
"350","BOB016","SYMALB",2021,0,0,0,0,0,0,0
"351","BOB016","SYMMOL",2022,0,0,0,0,0,0,0
"352","BOB016","SYMMOL",2021,0,0,0,0,0,0,0
"353","BOB017","ADFA",2022,0,0,0,0,17,3.4,17
"354","BOB017","ADFA",2021,0,0,0,0,0,0,0
"355","BOB017","ERICAL",2022,0,0,0,20,0,4,20
"356","BOB017","ERICAL",2021,0,6,22,12,5,9,45
"357","BOB017","HEAR",2022,0,0,0,0,0,0,0
"358","BOB017","HEAR",2021,0,0,0,0,0,0,0
"359","BOB017","LEPCAL",2022,1,0,0,0,0,0.2,1
"360","BOB017","LEPCAL",2021,0,0,0,0,0,0,0
"361","BOB017","MIMAUR",2022,0,0,0,0,0,0,0
"362","BOB017","MIMAUR",2021,0,0,0,0,0,0,0
"363","BOB017","QUEBER",2022,0,0,0,0,0,0,0
"364","BOB017","QUEBER",2021,0,0,0,0,0,0,0
"365","BOB017","RHAILI",2022,0,0,0,0,0,0,0
"366","BOB017","RHAILI",2021,0,0,0,0,0,0,0
"367","BOB017","ARCMAN",2022,0,0,0,0,0,0,0
"368","BOB017","ARCMAN",2021,0,0,0,0,0,0,0
"369","BOB017","CEACUN",2022,0,0,0,0,0,0,0
"370","BOB017","CEACUN",2021,0,0,0,0,0,0,0
"371","BOB017","CEAOLI",2022,0,0,0,0,0,0,0
"372","BOB017","CEAOLI",2021,0,0,0,0,0,0,0
"373","BOB017","CERBET",2022,0,0,0,0,0,0,0
"374","BOB017","CERBET",2021,0,0,0,0,0,0,0
"375","BOB017","HOLDIS",2022,0,0,0,0,0,0,0
"376","BOB017","HOLDIS",2021,0,0,0,0,0,0,0
"377","BOB017","ERINUD",2022,0,0,0,0,0,0,0
"378","BOB017","ERINUD",2021,0,0,0,0,0,0,0
"379","BOB017","RIBMAL",2022,0,0,0,0,0,0,0
"380","BOB017","RIBMAL",2021,0,0,0,0,0,0,0
"381","BOB017","SYMALB",2022,0,0,0,0,0,0,0
"382","BOB017","SYMALB",2021,0,0,0,0,0,0,0
"383","BOB017","SYMMOL",2022,0,0,0,0,0,0,0
"384","BOB017","SYMMOL",2021,0,0,0,0,0,0,0
"385","BOB018","ADFA",2022,0,0,30,25,8,12.6,63
"386","BOB018","ADFA",2021,0,0,10,16,5,6.2,31
"387","BOB018","ERICAL",2022,0,0.5,0,0,0,0.1,0.5
"388","BOB018","ERICAL",2021,0,0,0,0,0,0,0
"389","BOB018","HEAR",2022,0,0,0,0,0,0,0
"390","BOB018","HEAR",2021,0,0,0,0,0,0,0
"391","BOB018","LEPCAL",2022,0,0,0,0,0,0,0
"392","BOB018","LEPCAL",2021,0,0,0,0,0,0,0
"393","BOB018","MIMAUR",2022,0,0,0,0,0,0,0
"394","BOB018","MIMAUR",2021,0,0,0,0,0,0,0
"395","BOB018","QUEBER",2022,0,0,0,0,0,0,0
"396","BOB018","QUEBER",2021,0,0,0,0,0,0,0
"397","BOB018","RHAILI",2022,0,0,0,0,0,0,0
"398","BOB018","RHAILI",2021,0,0,0,0,0,0,0
"399","BOB018","ARCMAN",2022,0,0,0,0,0,0,0
"400","BOB018","ARCMAN",2021,0,0,0,0,0,0,0
"401","BOB018","CEACUN",2022,0,0,0,0,0,0,0
"402","BOB018","CEACUN",2021,0,0,0,0,0,0,0
"403","BOB018","CEAOLI",2022,0,0,0,0,0,0,0
"404","BOB018","CEAOLI",2021,0,0,0,0,0,0,0
"405","BOB018","CERBET",2022,0,0,0,0,0,0,0
"406","BOB018","CERBET",2021,0,0,0,0,0,0,0
"407","BOB018","HOLDIS",2022,0,0,0,0,0,0,0
"408","BOB018","HOLDIS",2021,0,0,0,0,0,0,0
"409","BOB018","ERINUD",2022,0,0,0,0,0,0,0
"410","BOB018","ERINUD",2021,0,0,0,0,0,0,0
"411","BOB018","RIBMAL",2022,0,0,0,0,0,0,0
"412","BOB018","RIBMAL",2021,0,0,0,0,0,0,0
"413","BOB018","SYMALB",2022,0,0,0,0,0,0,0
"414","BOB018","SYMALB",2021,0,0,0,0,0,0,0
"415","BOB018","SYMMOL",2022,0,0,0,0,0,0,0
"416","BOB018","SYMMOL",2021,0,0,0,0,0,0,0
"417","CCC003","ADFA",2022,12,0,0,0,0,2.4,12
"418","CCC003","ADFA",2021,5,0,0.1,0,0,1.02,5.1
"419","CCC003","ERICAL",2022,0,0,0,0,0,0,0
"420","CCC003","ERICAL",2021,0,0,0,0,0,0,0
"421","CCC003","HEAR",2022,0,0,0,0,0,0,0
"422","CCC003","HEAR",2021,0,0,0,0,0,0,0
"423","CCC003","LEPCAL",2022,0,0,0,0,0,0,0
"424","CCC003","LEPCAL",2021,0,0,0,0,0,0,0
"425","CCC003","MIMAUR",2022,0,0,0,0,0,0,0
"426","CCC003","MIMAUR",2021,0,0,0,0,0,0,0
"427","CCC003","QUEBER",2022,0,0,0,0,0,0,0
"428","CCC003","QUEBER",2021,0,0,0,0,0,0,0
"429","CCC003","RHAILI",2022,0,0,0,0,0,0,0
"430","CCC003","RHAILI",2021,0,0,0,0,0,0,0
"431","CCC003","ARCMAN",2022,0,0,0,0,0,0,0
"432","CCC003","ARCMAN",2021,0,0,0,0,0,0,0
"433","CCC003","CEACUN",2022,0,0,0,0,0,0,0
"434","CCC003","CEACUN",2021,0,0,0,0,0,0,0
"435","CCC003","CEAOLI",2022,0,0,0,0,0,0,0
"436","CCC003","CEAOLI",2021,0,0,0,0,0,0,0
"437","CCC003","CERBET",2022,0,0,0,0,0,0,0
"438","CCC003","CERBET",2021,0,0,0,0,0,0,0
"439","CCC003","HOLDIS",2022,0,0,0,0,0,0,0
"440","CCC003","HOLDIS",2021,0,0,0,0,0,0,0
"441","CCC003","ERINUD",2022,0,0,0,0,0,0,0
"442","CCC003","ERINUD",2021,0,0,0,0,0,0,0
"443","CCC003","RIBMAL",2022,0,0,0,0,0,0,0
"444","CCC003","RIBMAL",2021,0,0,0,0,0,0,0
"445","CCC003","SYMALB",2022,0,0,0,0,0,0,0
"446","CCC003","SYMALB",2021,0,0,0,0,0,0,0
"447","CCC003","SYMMOL",2022,0,0,0,0,0,0,0
"448","CCC003","SYMMOL",2021,0,0,0,0,0,0,0
"449","CCC006","ADFA",2022,35,5,0,0,12,10.4,52
"450","CCC006","ADFA",2021,15,2.5,0,0,2,3.9,19.5
"451","CCC006","ERICAL",2022,0,0,0,0,0,0,0
"452","CCC006","ERICAL",2021,0,0,0,0,0,0,0
"453","CCC006","HEAR",2022,0,0,0,0,0,0,0
"454","CCC006","HEAR",2021,0,0,0,0,0,0,0
"455","CCC006","LEPCAL",2022,0,0,0,0,0,0,0
"456","CCC006","LEPCAL",2021,0,0,0,0,0,0,0
"457","CCC006","MIMAUR",2022,0,0,0,0,0,0,0
"458","CCC006","MIMAUR",2021,0,0,0,0,0,0,0
"459","CCC006","QUEBER",2022,0,0,0,0,0,0,0
"460","CCC006","QUEBER",2021,0,0,0,0,0,0,0
"461","CCC006","RHAILI",2022,0,0,0,0,0,0,0
"462","CCC006","RHAILI",2021,0,0,0,0,0,0,0
"463","CCC006","ARCMAN",2022,0,0,0,0,0,0,0
"464","CCC006","ARCMAN",2021,0,0,0,0,0,0,0
"465","CCC006","CEACUN",2022,0,0,0,0,0,0,0
"466","CCC006","CEACUN",2021,0,0,0,0,0,0,0
"467","CCC006","CEAOLI",2022,0,0,0,0,0,0,0
"468","CCC006","CEAOLI",2021,0,0,0,0,0,0,0
"469","CCC006","CERBET",2022,0,0,0,0,0,0,0
"470","CCC006","CERBET",2021,0,0,0,0,0,0,0
"471","CCC006","HOLDIS",2022,0,0,0,0,0,0,0
"472","CCC006","HOLDIS",2021,0,0,0,0,0,0,0
"473","CCC006","ERINUD",2022,0,0,0,0,0,0,0
"474","CCC006","ERINUD",2021,0,0,0,0,0,0,0
"475","CCC006","RIBMAL",2022,0,0,0,0,0,0,0
"476","CCC006","RIBMAL",2021,0,0,0,0,0,0,0
"477","CCC006","SYMALB",2022,0,0,0,0,0,0,0
"478","CCC006","SYMALB",2021,0,0,0,0,0,0,0
"479","CCC006","SYMMOL",2022,0,0,0,0,0,0,0
"480","CCC006","SYMMOL",2021,0,0,0,0,0,0,0
"481","CCC008","ADFA",2022,0,0,0,20,20,8,40
"482","CCC008","ADFA",2021,8,0,0,0.2,0,1.64,8.2
"483","CCC008","ERICAL",2022,0,0,0,0,0,0,0
"484","CCC008","ERICAL",2021,0,0,0,0,0,0,0
"485","CCC008","HEAR",2022,0,0,0,0,0,0,0
"486","CCC008","HEAR",2021,0,0,0,0,0,0,0
"487","CCC008","LEPCAL",2022,0,0,0,0,0,0,0
"488","CCC008","LEPCAL",2021,0,0,0,0,0,0,0
"489","CCC008","MIMAUR",2022,0,0,0,0,0,0,0
"490","CCC008","MIMAUR",2021,0,0,0,0,0,0,0
"491","CCC008","QUEBER",2022,0,0,0,0,0,0,0
"492","CCC008","QUEBER",2021,0,0,0,0,0,0,0
"493","CCC008","RHAILI",2022,0,0,0,0,0,0,0
"494","CCC008","RHAILI",2021,0,0,0,0,0,0,0
"495","CCC008","ARCMAN",2022,0,0,0,0,0,0,0
"496","CCC008","ARCMAN",2021,0,0,0,0,0,0,0
"497","CCC008","CEACUN",2022,0,0,0,0,0,0,0
"498","CCC008","CEACUN",2021,0,0,0,0,0,0,0
"499","CCC008","CEAOLI",2022,0,0,0,0,0,0,0
"500","CCC008","CEAOLI",2021,0,0,0,0,0,0,0
"501","CCC008","CERBET",2022,0,0,0,0,0,0,0
"502","CCC008","CERBET",2021,0,0,0,0,0,0,0
"503","CCC008","HOLDIS",2022,0,0,0,0,0,0,0
"504","CCC008","HOLDIS",2021,0,0,0,0,0,0,0
"505","CCC008","ERINUD",2022,0,0,0,0,0,0,0
"506","CCC008","ERINUD",2021,0,0,0,0,0,0,0
"507","CCC008","RIBMAL",2022,0,0,0,0,0,0,0
"508","CCC008","RIBMAL",2021,0,0,0,0,0,0,0
"509","CCC008","SYMALB",2022,0,0,0,0,0,0,0
"510","CCC008","SYMALB",2021,0,0,0,0,0,0,0
"511","CCC008","SYMMOL",2022,0,0,0,0,0,0,0
"512","CCC008","SYMMOL",2021,0,0,0,0,0,0,0
"513","CCC009","ADFA",2022,0,0,6,0,7,2.6,13
"514","CCC009","ADFA",2021,0,0,1.5,3,7,2.3,11.5
"515","CCC009","ERICAL",2022,0,1,0,0,0,0.2,1
"516","CCC009","ERICAL",2021,3.5,1,0,0,0,0.9,4.5
"517","CCC009","HEAR",2022,0,0,0,0,0,0,0
"518","CCC009","HEAR",2021,0,0,0,0,0,0,0
"519","CCC009","LEPCAL",2022,0,0,0,0,0,0,0
"520","CCC009","LEPCAL",2021,0,0,0,0,0,0,0
"521","CCC009","MIMAUR",2022,0,0,0,0,0,0,0
"522","CCC009","MIMAUR",2021,0,0,0,0,0,0,0
"523","CCC009","QUEBER",2022,0,0,0,0,0,0,0
"524","CCC009","QUEBER",2021,0,0,0,0,0,0,0
"525","CCC009","RHAILI",2022,0,0,0,0,0,0,0
"526","CCC009","RHAILI",2021,0,0,0,0,0,0,0
"527","CCC009","ARCMAN",2022,0,0,0,0,0,0,0
"528","CCC009","ARCMAN",2021,0,0,0,0,0,0,0
"529","CCC009","CEACUN",2022,0,0,0,0,0,0,0
"530","CCC009","CEACUN",2021,0,0,0,0,0,0,0
"531","CCC009","CEAOLI",2022,0,0,0,0,0,0,0
"532","CCC009","CEAOLI",2021,0,0,0,0,0,0,0
"533","CCC009","CERBET",2022,0,0,0,0,0,0,0
"534","CCC009","CERBET",2021,0,0,0,0,0,0,0
"535","CCC009","HOLDIS",2022,0,0,0,0,0,0,0
"536","CCC009","HOLDIS",2021,0,0,0,0,0,0,0
"537","CCC009","ERINUD",2022,0,0,0,0,0,0,0
"538","CCC009","ERINUD",2021,0,0,0,0,0,0,0
"539","CCC009","RIBMAL",2022,0,0,0,0,0,0,0
"540","CCC009","RIBMAL",2021,0,0,0,0,0,0,0
"541","CCC009","SYMALB",2022,0,0,0,0,0,0,0
"542","CCC009","SYMALB",2021,0,0,0,0,0,0,0
"543","CCC009","SYMMOL",2022,0,0,0,0,0,0,0
"544","CCC009","SYMMOL",2021,0,0,0,0,0,0,0
"545","CCC011","ADFA",2022,0,0,45,30,2,15.4,77
"546","CCC011","ADFA",2021,0,0,18,0,0,3.6,18
"547","CCC011","ERICAL",2022,25,0,0,0,0,5,25
"548","CCC011","ERICAL",2021,10,0,0,0,0,2,10
"549","CCC011","HEAR",2022,0,0,0,0,0,0,0
"550","CCC011","HEAR",2021,0,0,0,0,0,0,0
"551","CCC011","LEPCAL",2022,0,0,0,0,0,0,0
"552","CCC011","LEPCAL",2021,0,0,0,0,0,0,0
"553","CCC011","MIMAUR",2022,0,0,0,0,0,0,0
"554","CCC011","MIMAUR",2021,0,0,0,0,0,0,0
"555","CCC011","QUEBER",2022,0,0,0,0,0,0,0
"556","CCC011","QUEBER",2021,0,0,0,30,0,6,30
"557","CCC011","RHAILI",2022,0,0,0,0,0,0,0
"558","CCC011","RHAILI",2021,0,0,0,0,0,0,0
"559","CCC011","ARCMAN",2022,0,0,0,0,0,0,0
"560","CCC011","ARCMAN",2021,0,0,0,0,0,0,0
"561","CCC011","CEACUN",2022,0,0,0,0,0,0,0
"562","CCC011","CEACUN",2021,0,0,0,0,0,0,0
"563","CCC011","CEAOLI",2022,0,0,0,0,0,0,0
"564","CCC011","CEAOLI",2021,0,0,0,0,0,0,0
"565","CCC011","CERBET",2022,0,0,0,0,0,0,0
"566","CCC011","CERBET",2021,0,0,0,0,0,0,0
"567","CCC011","HOLDIS",2022,0,0,0,0,0,0,0
"568","CCC011","HOLDIS",2021,0,0,0,0,0,0,0
"569","CCC011","ERINUD",2022,0,0,0,0,0,0,0
"570","CCC011","ERINUD",2021,0,0,0,0,0,0,0
"571","CCC011","RIBMAL",2022,0,0,0,0,0,0,0
"572","CCC011","RIBMAL",2021,0,0,0,0,0,0,0
"573","CCC011","SYMALB",2022,0,0,0,0,0,0,0
"574","CCC011","SYMALB",2021,0,0,0,0,0,0,0
"575","CCC011","SYMMOL",2022,0,0,0,0,0,0,0
"576","CCC011","SYMMOL",2021,0,0,0,0,0,0,0
"577","COL007","ADFA",2022,1,0,0,0,0,0.2,1
"578","COL007","ADFA",2021,0,0,0,0,0,0,0
"579","COL007","ERICAL",2022,0,0,0,0,0,0,0
"580","COL007","ERICAL",2021,0,0,0,0,0,0,0
"581","COL007","HEAR",2022,0,0,0,0,0,0,0
"582","COL007","HEAR",2021,0,0,0,0,0,0,0
"583","COL007","LEPCAL",2022,4,0,0,0,0,0.8,4
"584","COL007","LEPCAL",2021,1,0,0,0,0,0.2,1
"585","COL007","MIMAUR",2022,0,0,6,0,0,1.2,6
"586","COL007","MIMAUR",2021,0,0,40,0,0,8,40
"587","COL007","QUEBER",2022,0,0,0,0,0,0,0
"588","COL007","QUEBER",2021,0,0,0,0,0,0,0
"589","COL007","RHAILI",2022,0,0,0,0,0,0,0
"590","COL007","RHAILI",2021,0,0,0,0,0,0,0
"591","COL007","ARCMAN",2022,0,0,0,0,0,0,0
"592","COL007","ARCMAN",2021,0,0,0,0,0,0,0
"593","COL007","CEACUN",2022,0,0,0,0,0,0,0
"594","COL007","CEACUN",2021,0,0,0,0,0,0,0
"595","COL007","CEAOLI",2022,0,0,0,0,0,0,0
"596","COL007","CEAOLI",2021,0,0,0,0,0,0,0
"597","COL007","CERBET",2022,0,0,0,0,0,0,0
"598","COL007","CERBET",2021,0,0,0,0,0,0,0
"599","COL007","HOLDIS",2022,0,0,0,0,0,0,0
"600","COL007","HOLDIS",2021,0,0,0,0,0,0,0
"601","COL007","ERINUD",2022,0,0,0,0,0,0,0
"602","COL007","ERINUD",2021,0,0,0,0,0,0,0
"603","COL007","RIBMAL",2022,0,0,0,0,0,0,0
"604","COL007","RIBMAL",2021,0,0,0,0,0,0,0
"605","COL007","SYMALB",2022,0,0,0,0,0,0,0
"606","COL007","SYMALB",2021,0,0,0,0,0,0,0
"607","COL007","SYMMOL",2022,0,0,0,0,0,0,0
"608","COL007","SYMMOL",2021,0,0,0,0,0,0,0
"609","COL012","ADFA",2022,0,25,6,0,0,6.2,31
"610","COL012","ADFA",2021,0,1,0,0,0,0.2,1
"611","COL012","ERICAL",2022,10,0,0,0,0,2,10
"612","COL012","ERICAL",2021,5,0,0,0,0,1,5
"613","COL012","HEAR",2022,0,0,0,0,0,0,0
"614","COL012","HEAR",2021,0,0,0,0,0,0,0
"615","COL012","LEPCAL",2022,0,0,0,0,0,0,0
"616","COL012","LEPCAL",2021,0,0,0,0,0,0,0
"617","COL012","MIMAUR",2022,0,0,0,0,0,0,0
"618","COL012","MIMAUR",2021,0,0,0,0,0,0,0
"619","COL012","QUEBER",2022,0,0,0,0,0,0,0
"620","COL012","QUEBER",2021,0,0,0,0,0,0,0
"621","COL012","RHAILI",2022,0,0,0,0,0,0,0
"622","COL012","RHAILI",2021,0,0,0,0,0,0,0
"623","COL012","ARCMAN",2022,0,0,0,0,0,0,0
"624","COL012","ARCMAN",2021,0,0,0,0,0,0,0
"625","COL012","CEACUN",2022,0,0,0,0,0,0,0
"626","COL012","CEACUN",2021,0,0,0,0,0,0,0
"627","COL012","CEAOLI",2022,0,0,0,0,0,0,0
"628","COL012","CEAOLI",2021,0,0,0,0,0,0,0
"629","COL012","CERBET",2022,0,0,0,0,0,0,0
"630","COL012","CERBET",2021,0,0,0,0,0,0,0
"631","COL012","HOLDIS",2022,0,0,0,0,0,0,0
"632","COL012","HOLDIS",2021,0,0,0,0,0,0,0
"633","COL012","ERINUD",2022,0,0,0,0,0,0,0
"634","COL012","ERINUD",2021,0,0,0,0,0,0,0
"635","COL012","RIBMAL",2022,0,0,0,0,0,0,0
"636","COL012","RIBMAL",2021,0,0,0,0,0,0,0
"637","COL012","SYMALB",2022,0,0,0,0,0,0,0
"638","COL012","SYMALB",2021,0,0,0,0,0,0,0
"639","COL012","SYMMOL",2022,0,0,0,0,0,0,0
"640","COL012","SYMMOL",2021,0,0,0,0,0,0,0
"641","COL013","ADFA",2022,0,15,15,0,0,6,30
"642","COL013","ADFA",2021,0,0,0,0,0,0,0
"643","COL013","ERICAL",2022,35,0,0,0,0,7,35
"644","COL013","ERICAL",2021,1,0,1,0,15,3.4,17
"645","COL013","HEAR",2022,0,0,0,30,0,6,30
"646","COL013","HEAR",2021,0,0,0,0,0,0,0
"647","COL013","LEPCAL",2022,0,0,0,0,0,0,0
"648","COL013","LEPCAL",2021,0,0,0,0,0,0,0
"649","COL013","MIMAUR",2022,0,0,0,10,0,2,10
"650","COL013","MIMAUR",2021,0,0,0,0,0,0,0
"651","COL013","QUEBER",2022,0,0,0,0,0,0,0
"652","COL013","QUEBER",2021,0,0,0,0,0,0,0
"653","COL013","RHAILI",2022,0,0,0,0,0,0,0
"654","COL013","RHAILI",2021,0,0,0,0,0,0,0
"655","COL013","ARCMAN",2022,0,0,0,0,0,0,0
"656","COL013","ARCMAN",2021,0,0,0,0,0,0,0
"657","COL013","CEACUN",2022,0,0,0,0,0,0,0
"658","COL013","CEACUN",2021,0,0,0,0,0,0,0
"659","COL013","CEAOLI",2022,0,0,0,0,0,0,0
"660","COL013","CEAOLI",2021,0,0,0,0,0,0,0
"661","COL013","CERBET",2022,0,0,0,0,0,0,0
"662","COL013","CERBET",2021,0,0,0,0,0,0,0
"663","COL013","HOLDIS",2022,0,0,0,0,0,0,0
"664","COL013","HOLDIS",2021,0,0,0,0,0,0,0
"665","COL013","ERINUD",2022,0,0,0,0,0,0,0
"666","COL013","ERINUD",2021,0,0,0,0,0,0,0
"667","COL013","RIBMAL",2022,0,0,0,0,0,0,0
"668","COL013","RIBMAL",2021,0,0,0,0,0,0,0
"669","COL013","SYMALB",2022,0,0,0,0,0,0,0
"670","COL013","SYMALB",2021,0,0,0,0,0,0,0
"671","COL013","SYMMOL",2022,0,0,0,0,0,0,0
"672","COL013","SYMMOL",2021,0,0,0,0,0,0,0
"673","COL017","ADFA",2022,0,65,0,0,0,13,65
"674","COL017","ADFA",2021,0,0.5,0,0,0,0.1,0.5
"675","COL017","ERICAL",2022,0,0,0,0,0,0,0
"676","COL017","ERICAL",2021,0,0,0,0,0,0,0
"677","COL017","HEAR",2022,0,0,0,10,0,2,10
"678","COL017","HEAR",2021,0,0,0,2,0,0.4,2
"679","COL017","LEPCAL",2022,0,0,0,0,0,0,0
"680","COL017","LEPCAL",2021,0,0,0,0,0,0,0
"681","COL017","MIMAUR",2022,0,1,0,0,0,0.2,1
"682","COL017","MIMAUR",2021,0,0,0,0,0,0,0
"683","COL017","QUEBER",2022,1,0,0,0,0,0.2,1
"684","COL017","QUEBER",2021,0,0,0,0,0,0,0
"685","COL017","RHAILI",2022,0,0,0,0,0,0,0
"686","COL017","RHAILI",2021,0,0,0,0,0,0,0
"687","COL017","ARCMAN",2022,0,0,0,0,0,0,0
"688","COL017","ARCMAN",2021,0,0,0,0,0,0,0
"689","COL017","CEACUN",2022,0,0,0,0,0,0,0
"690","COL017","CEACUN",2021,0,0,0,0,0,0,0
"691","COL017","CEAOLI",2022,0,0,0,0,0,0,0
"692","COL017","CEAOLI",2021,0,0,0,0,0,0,0
"693","COL017","CERBET",2022,0,0,0,0,0,0,0
"694","COL017","CERBET",2021,0,0,0,0,0,0,0
"695","COL017","HOLDIS",2022,0,0,0,0,0,0,0
"696","COL017","HOLDIS",2021,0,0,0,0,0,0,0
"697","COL017","ERINUD",2022,0,0,0,0,0,0,0
"698","COL017","ERINUD",2021,0,0,0,0,0,0,0
"699","COL017","RIBMAL",2022,0,0,0,0,0,0,0
"700","COL017","RIBMAL",2021,0,0,0,0,0,0,0
"701","COL017","SYMALB",2022,0,0,0,0,0,0,0
"702","COL017","SYMALB",2021,0,0,0,0,0,0,0
"703","COL017","SYMMOL",2022,0,0,0,0,0,0,0
"704","COL017","SYMMOL",2021,0,0,0,0,0,0,0
"705","QUA001","ADFA",2022,0,0,0,0,0,0,0
"706","QUA001","ADFA",2021,0,0,0,15,0,3,15
"707","QUA001","ERICAL",2022,0,0,0,0,0,0,0
"708","QUA001","ERICAL",2021,0,0,0,0,0,0,0
"709","QUA001","HEAR",2022,0,0,0,0,0,0,0
"710","QUA001","HEAR",2021,0,0,0,0,0,0,0
"711","QUA001","LEPCAL",2022,0,0,0,0,0,0,0
"712","QUA001","LEPCAL",2021,0,0,0,0,0,0,0
"713","QUA001","MIMAUR",2022,0,0,0,0,0,0,0
"714","QUA001","MIMAUR",2021,0,0,0,0,0,0,0
"715","QUA001","QUEBER",2022,0,0,0,0,0,0,0
"716","QUA001","QUEBER",2021,0,0,0,0,0,0,0
"717","QUA001","RHAILI",2022,0,0,0,0,0,0,0
"718","QUA001","RHAILI",2021,0,0,0,0,0,0,0
"719","QUA001","ARCMAN",2022,0,0,0,0,0,0,0
"720","QUA001","ARCMAN",2021,0,0,0,0,0,0,0
"721","QUA001","CEACUN",2022,0,0,0,0,0,0,0
"722","QUA001","CEACUN",2021,0,0,0,0,0,0,0
"723","QUA001","CEAOLI",2022,0,0,0,0,0,0,0
"724","QUA001","CEAOLI",2021,0,0,0,0,0,0,0
"725","QUA001","CERBET",2022,0,0,0,0,0,0,0
"726","QUA001","CERBET",2021,0,0,0,0,0,0,0
"727","QUA001","HOLDIS",2022,0,0,0,0,0,0,0
"728","QUA001","HOLDIS",2021,0,0,0,0,0,0,0
"729","QUA001","ERINUD",2022,0,0,0,0,0,0,0
"730","QUA001","ERINUD",2021,0,0,0,0,0,0,0
"731","QUA001","RIBMAL",2022,0,0,0,0,0,0,0
"732","QUA001","RIBMAL",2021,0,0,0,0,0,0,0
"733","QUA001","SYMALB",2022,0,0,0,0,0,0,0
"734","QUA001","SYMALB",2021,0,0,0,0,0,0,0
"735","QUA001","SYMMOL",2022,0,0,0,0,0,0,0
"736","QUA001","SYMMOL",2021,0,0,0,0,0,0,0
"737","QUA002","ADFA",2022,0,30,0,20,3,10.6,53
"738","QUA002","ADFA",2021,4,0,0,3,0,1.4,7
"739","QUA002","ERICAL",2022,30,0,0,0,0,6,30
"740","QUA002","ERICAL",2021,0,0,0,2,0,0.4,2
"741","QUA002","HEAR",2022,0,0,0,0,0,0,0
"742","QUA002","HEAR",2021,0,0,0,0,0,0,0
"743","QUA002","LEPCAL",2022,0,0,0,0,0,0,0
"744","QUA002","LEPCAL",2021,0,0,0,0,0,0,0
"745","QUA002","MIMAUR",2022,0,0,0,0,0,0,0
"746","QUA002","MIMAUR",2021,0,0,0,0,0,0,0
"747","QUA002","QUEBER",2022,0,0,0,0,0,0,0
"748","QUA002","QUEBER",2021,0,0,0,0,0,0,0
"749","QUA002","RHAILI",2022,0,0,0,0,0,0,0
"750","QUA002","RHAILI",2021,0,0,0,0,0,0,0
"751","QUA002","ARCMAN",2022,0,0,0,0,0,0,0
"752","QUA002","ARCMAN",2021,0,0,0,0,0,0,0
"753","QUA002","CEACUN",2022,0,0,0,0,0,0,0
"754","QUA002","CEACUN",2021,0,0,0,0,0,0,0
"755","QUA002","CEAOLI",2022,0,0,0,0,0,0,0
"756","QUA002","CEAOLI",2021,0,0,0,0,0,0,0
"757","QUA002","CERBET",2022,0,0,0,0,0,0,0
"758","QUA002","CERBET",2021,0,0,0,0,0,0,0
"759","QUA002","HOLDIS",2022,0,0,0,0,0,0,0
"760","QUA002","HOLDIS",2021,0,0,0,0,0,0,0
"761","QUA002","ERINUD",2022,0,0,0,0,0,0,0
"762","QUA002","ERINUD",2021,0,0,0,0,0,0,0
"763","QUA002","RIBMAL",2022,0,0,0,0,0,0,0
"764","QUA002","RIBMAL",2021,0,0,0,0,0,0,0
"765","QUA002","SYMALB",2022,0,0,0,0,0,0,0
"766","QUA002","SYMALB",2021,0,0,0,0,0,0,0
"767","QUA002","SYMMOL",2022,0,0,0,0,0,0,0
"768","QUA002","SYMMOL",2021,0,0,0,0,0,0,0
"769","QUA004","ADFA",2022,0,40,0,0,0,8,40
"770","QUA004","ADFA",2021,0,2,2,0,0,0.8,4
"771","QUA004","ERICAL",2022,0,0,0,0,0,0,0
"772","QUA004","ERICAL",2021,0,0,0,0,0,0,0
"773","QUA004","HEAR",2022,0,0,0,0,0,0,0
"774","QUA004","HEAR",2021,0,0,0,0,0,0,0
"775","QUA004","LEPCAL",2022,0,0,0,0,0,0,0
"776","QUA004","LEPCAL",2021,0,0,0,0,0,0,0
"777","QUA004","MIMAUR",2022,0,0,0,0,0,0,0
"778","QUA004","MIMAUR",2021,0,0,0,0,0,0,0
"779","QUA004","QUEBER",2022,0,0,0,0,0,0,0
"780","QUA004","QUEBER",2021,0,0,0,0,0,0,0
"781","QUA004","RHAILI",2022,0,0,0,0,0,0,0
"782","QUA004","RHAILI",2021,0,0,0,0,0,0,0
"783","QUA004","ARCMAN",2022,0,0,0,0,0,0,0
"784","QUA004","ARCMAN",2021,0,0,0,0,0,0,0
"785","QUA004","CEACUN",2022,0,0,0,0,0,0,0
"786","QUA004","CEACUN",2021,0,0,0,0,0,0,0
"787","QUA004","CEAOLI",2022,0,0,0,0,0,0,0
"788","QUA004","CEAOLI",2021,0,0,0,0,0,0,0
"789","QUA004","CERBET",2022,0,0,0,0,0,0,0
"790","QUA004","CERBET",2021,0,0,0,0,0,0,0
"791","QUA004","HOLDIS",2022,0,0,0,0,0,0,0
"792","QUA004","HOLDIS",2021,0,0,0,0,0,0,0
"793","QUA004","ERINUD",2022,0,0,0,0,0,0,0
"794","QUA004","ERINUD",2021,0,0,0,0,0,0,0
"795","QUA004","RIBMAL",2022,0,0,0,0,0,0,0
"796","QUA004","RIBMAL",2021,0,0,0,0,0,0,0
"797","QUA004","SYMALB",2022,0,0,0,0,0,0,0
"798","QUA004","SYMALB",2021,0,0,0,0,0,0,0
"799","QUA004","SYMMOL",2022,0,0,0,0,0,0,0
"800","QUA004","SYMMOL",2021,0,0,0,0,0,0,0
"801","QUA005","ADFA",2022,5,0,0,0,5,2,10
"802","QUA005","ADFA",2021,0,0,0,0,2,0.4,2
"803","QUA005","ERICAL",2022,0,0,0,0,0,0,0
"804","QUA005","ERICAL",2021,0,0,0,0,0,0,0
"805","QUA005","HEAR",2022,0,0,0,0,0,0,0
"806","QUA005","HEAR",2021,0,0,0,0,0,0,0
"807","QUA005","LEPCAL",2022,0,0,0,0,0,0,0
"808","QUA005","LEPCAL",2021,0,0,0,0,0,0,0
"809","QUA005","MIMAUR",2022,0,0,0,0,0,0,0
"810","QUA005","MIMAUR",2021,0,0,0,0,0,0,0
"811","QUA005","QUEBER",2022,0,0,0,0,0,0,0
"812","QUA005","QUEBER",2021,0,0,0,0,0,0,0
"813","QUA005","RHAILI",2022,0,0,0,0,0,0,0
"814","QUA005","RHAILI",2021,0,0,0,0,0,0,0
"815","QUA005","ARCMAN",2022,0,0,0,0,0,0,0
"816","QUA005","ARCMAN",2021,0,0,0,0,0,0,0
"817","QUA005","CEACUN",2022,0,0,0,0,0,0,0
"818","QUA005","CEACUN",2021,0,0,0,0,0,0,0
"819","QUA005","CEAOLI",2022,0,0,0,0,0,0,0
"820","QUA005","CEAOLI",2021,0,0,0,0,0,0,0
"821","QUA005","CERBET",2022,0,0,0,0,0,0,0
"822","QUA005","CERBET",2021,0,0,0,0,0,0,0
"823","QUA005","HOLDIS",2022,0,0,0,0,0,0,0
"824","QUA005","HOLDIS",2021,0,0,0,0,0,0,0
"825","QUA005","ERINUD",2022,0,0,0,0,0,0,0
"826","QUA005","ERINUD",2021,0,0,0,0,0,0,0
"827","QUA005","RIBMAL",2022,0,0,0,0,0,0,0
"828","QUA005","RIBMAL",2021,0,0,0,0,0,0,0
"829","QUA005","SYMALB",2022,0,0,0,0,0,0,0
"830","QUA005","SYMALB",2021,0,0,0,0,0,0,0
"831","QUA005","SYMMOL",2022,0,0,0,0,0,0,0
"832","QUA005","SYMMOL",2021,0,0,0,0,0,0,0
"833","QUA006","ADFA",2022,0,0,10,0,0,2,10
"834","QUA006","ADFA",2021,0,0,0,0,0,0,0
"835","QUA006","ERICAL",2022,0,0,0,0,0,0,0
"836","QUA006","ERICAL",2021,0,0,0,0,0,0,0
"837","QUA006","HEAR",2022,0,0,0,0,0,0,0
"838","QUA006","HEAR",2021,0,0,0,0,0,0,0
"839","QUA006","LEPCAL",2022,0,0,0,0,0,0,0
"840","QUA006","LEPCAL",2021,0,0,0,0,0,0,0
"841","QUA006","MIMAUR",2022,0,0,0,0,0,0,0
"842","QUA006","MIMAUR",2021,0,0,0,0,0,0,0
"843","QUA006","QUEBER",2022,0,0,0,0,0,0,0
"844","QUA006","QUEBER",2021,0,0,0,0,0,0,0
"845","QUA006","RHAILI",2022,0,0,0,0,0,0,0
"846","QUA006","RHAILI",2021,0,0,0,0,0,0,0
"847","QUA006","ARCMAN",2022,0,0,0,0,0,0,0
"848","QUA006","ARCMAN",2021,0,0,0,0,0,0,0
"849","QUA006","CEACUN",2022,0,0,0,0,0,0,0
"850","QUA006","CEACUN",2021,0,0,0,0,0,0,0
"851","QUA006","CEAOLI",2022,0,0,0,0,0,0,0
"852","QUA006","CEAOLI",2021,0,0,0,0,0,0,0
"853","QUA006","CERBET",2022,0,0,0,0,0,0,0
"854","QUA006","CERBET",2021,0,0,0,0,0,0,0
"855","QUA006","HOLDIS",2022,0,0,0,0,0,0,0
"856","QUA006","HOLDIS",2021,0,0,0,0,0,0,0
"857","QUA006","ERINUD",2022,0,0,0,0,0,0,0
"858","QUA006","ERINUD",2021,0,0,0,0,0,0,0
"859","QUA006","RIBMAL",2022,0,0,0,0,0,0,0
"860","QUA006","RIBMAL",2021,0,0,0,0,0,0,0
"861","QUA006","SYMALB",2022,0,0,0,0,0,0,0
"862","QUA006","SYMALB",2021,0,0,0,0,0,0,0
"863","QUA006","SYMMOL",2022,0,0,0,0,0,0,0
"864","QUA006","SYMMOL",2021,0,0,0,0,0,0,0
"865","QUA008","ADFA",2022,0,0,0,0,0.1,0.02,0.1
"866","QUA008","ADFA",2021,0,0,0,0,0,0,0
"867","QUA008","ERICAL",2022,0,0,0,0,0,0,0
"868","QUA008","ERICAL",2021,0,0,0,0,0,0,0
"869","QUA008","HEAR",2022,0,0,0,0,0,0,0
"870","QUA008","HEAR",2021,0,0,0,0,0,0,0
"871","QUA008","LEPCAL",2022,0,0,0,0,0,0,0
"872","QUA008","LEPCAL",2021,0,0,0,0,0,0,0
"873","QUA008","MIMAUR",2022,0,0,0,0,0,0,0
"874","QUA008","MIMAUR",2021,0,0,0,0,0,0,0
"875","QUA008","QUEBER",2022,0,0,0,0,0,0,0
"876","QUA008","QUEBER",2021,0,0,0,0,0,0,0
"877","QUA008","RHAILI",2022,0,0,0,0,0,0,0
"878","QUA008","RHAILI",2021,0,0,0,0,0,0,0
"879","QUA008","ARCMAN",2022,0,0,0,0,0,0,0
"880","QUA008","ARCMAN",2021,0,0,0,0,0,0,0
"881","QUA008","CEACUN",2022,0,0,0,0,0,0,0
"882","QUA008","CEACUN",2021,0,0,0,0,0,0,0
"883","QUA008","CEAOLI",2022,0,0,0,0,0,0,0
"884","QUA008","CEAOLI",2021,0,0,0,0,0,0,0
"885","QUA008","CERBET",2022,0,0,0,0,0,0,0
"886","QUA008","CERBET",2021,0,0,0,0,0,0,0
"887","QUA008","HOLDIS",2022,0,0,0,0,0,0,0
"888","QUA008","HOLDIS",2021,0,0,0,0,0,0,0
"889","QUA008","ERINUD",2022,0,0,0,0,0,0,0
"890","QUA008","ERINUD",2021,0,0,0,0,0,0,0
"891","QUA008","RIBMAL",2022,0,0,0,0,0,0,0
"892","QUA008","RIBMAL",2021,0,0,0,0,0,0,0
"893","QUA008","SYMALB",2022,0,0,0,0,0,0,0
"894","QUA008","SYMALB",2021,0,0,0,0,0,0,0
"895","QUA008","SYMMOL",2022,0,0,0,0,0,0,0
"896","QUA008","SYMMOL",2021,0,0,0,0,0,0,0
"897","QUA009","ADFA",2022,10,4,20,0,0,6.8,34
"898","QUA009","ADFA",2021,0,0,4,20,0,4.8,24
"899","QUA009","ERICAL",2022,0,0,0,0,0,0,0
"900","QUA009","ERICAL",2021,0,0,0,0,0,0,0
"901","QUA009","HEAR",2022,0,0,0,0,0,0,0
"902","QUA009","HEAR",2021,0,0,0,0,0,0,0
"903","QUA009","LEPCAL",2022,0,0,0,0,0,0,0
"904","QUA009","LEPCAL",2021,0,0,0,0,0,0,0
"905","QUA009","MIMAUR",2022,0,0,0,0,0,0,0
"906","QUA009","MIMAUR",2021,0,0,0,0,0,0,0
"907","QUA009","QUEBER",2022,0,0,0,0,0,0,0
"908","QUA009","QUEBER",2021,0,0,0,0,0,0,0
"909","QUA009","RHAILI",2022,0,0,0,0,0,0,0
"910","QUA009","RHAILI",2021,0,0,0,0,0,0,0
"911","QUA009","ARCMAN",2022,0,0,0,0,0,0,0
"912","QUA009","ARCMAN",2021,0,0,0,0,0,0,0
"913","QUA009","CEACUN",2022,0,0,0,0,0,0,0
"914","QUA009","CEACUN",2021,0,0,0,0,0,0,0
"915","QUA009","CEAOLI",2022,0,0,0,0,0,0,0
"916","QUA009","CEAOLI",2021,0,0,0,0,0,0,0
"917","QUA009","CERBET",2022,0,0,0,0,0,0,0
"918","QUA009","CERBET",2021,0,0,0,0,0,0,0
"919","QUA009","HOLDIS",2022,0,0,0,0,0,0,0
"920","QUA009","HOLDIS",2021,0,0,0,0,0,0,0
"921","QUA009","ERINUD",2022,0,0,0,0,0,0,0
"922","QUA009","ERINUD",2021,0,0,0,0,0,0,0
"923","QUA009","RIBMAL",2022,0,0,0,0,0,0,0
"924","QUA009","RIBMAL",2021,0,0,0,0,0,0,0
"925","QUA009","SYMALB",2022,0,0,0,0,0,0,0
"926","QUA009","SYMALB",2021,0,0,0,0,0,0,0
"927","QUA009","SYMMOL",2022,0,0,0,0,0,0,0
"928","QUA009","SYMMOL",2021,0,0,0,0,0,0,0
"929","QUA010","ADFA",2022,0,12,0,0,0,2.4,12
"930","QUA010","ADFA",2021,0,0,0,0,0,0,0
"931","QUA010","ERICAL",2022,0,0,0,0,0,0,0
"932","QUA010","ERICAL",2021,0,0,0,0,0,0,0
"933","QUA010","HEAR",2022,0,0,0,0,0,0,0
"934","QUA010","HEAR",2021,0,0,0,0,0,0,0
"935","QUA010","LEPCAL",2022,0,0,0,0,0,0,0
"936","QUA010","LEPCAL",2021,0,0,0,0,0,0,0
"937","QUA010","MIMAUR",2022,0,0,0,0,0,0,0
"938","QUA010","MIMAUR",2021,0,0,0,0,0,0,0
"939","QUA010","QUEBER",2022,0,0,0,0,0,0,0
"940","QUA010","QUEBER",2021,0,0,0,0,0,0,0
"941","QUA010","RHAILI",2022,0,0,0,0,0,0,0
"942","QUA010","RHAILI",2021,0,0,0,0,0,0,0
"943","QUA010","ARCMAN",2022,0,0,0,0,0,0,0
"944","QUA010","ARCMAN",2021,0,0,0,0,0,0,0
"945","QUA010","CEACUN",2022,0,0,0,0,0,0,0
"946","QUA010","CEACUN",2021,0,0,0,0,0,0,0
"947","QUA010","CEAOLI",2022,0,0,0,0,0,0,0
"948","QUA010","CEAOLI",2021,0,0,0,0,0,0,0
"949","QUA010","CERBET",2022,0,0,0,0,0,0,0
"950","QUA010","CERBET",2021,0,0,0,0,0,0,0
"951","QUA010","HOLDIS",2022,0,0,0,0,0,0,0
"952","QUA010","HOLDIS",2021,0,0,0,0,0,0,0
"953","QUA010","ERINUD",2022,0,0,0,0,0,0,0
"954","QUA010","ERINUD",2021,0,0,0,0,0,0,0
"955","QUA010","RIBMAL",2022,0,0,0,0,0,0,0
"956","QUA010","RIBMAL",2021,0,0,0,0,0,0,0
"957","QUA010","SYMALB",2022,0,0,0,0,0,0,0
"958","QUA010","SYMALB",2021,0,0,0,0,0,0,0
"959","QUA010","SYMMOL",2022,0,0,0,0,0,0,0
"960","QUA010","SYMMOL",2021,0,0,0,0,0,0,0
"961","QUA011","ADFA",2022,0,55,35,0,0,18,90
"962","QUA011","ADFA",2021,0,0,0,0,0,0,0
"963","QUA011","ERICAL",2022,0,0,0,0,0,0,0
"964","QUA011","ERICAL",2021,0,0,0,0,0,0,0
"965","QUA011","HEAR",2022,0,0,0,0,0,0,0
"966","QUA011","HEAR",2021,0,0,0,0,0,0,0
"967","QUA011","LEPCAL",2022,0,0,0,0,0,0,0
"968","QUA011","LEPCAL",2021,0,0,0,0,0,0,0
"969","QUA011","MIMAUR",2022,0,0,0,0,0,0,0
"970","QUA011","MIMAUR",2021,0,0,0,0,0,0,0
"971","QUA011","QUEBER",2022,0,0,0,0,0,0,0
"972","QUA011","QUEBER",2021,0,0,0,0,0,0,0
"973","QUA011","RHAILI",2022,0,0,0,0,0,0,0
"974","QUA011","RHAILI",2021,0,0,0,0,0,0,0
"975","QUA011","ARCMAN",2022,0,0,0,0,0,0,0
"976","QUA011","ARCMAN",2021,0,0,0,0,0,0,0
"977","QUA011","CEACUN",2022,0,0,0,0,0,0,0
"978","QUA011","CEACUN",2021,0,0,0,0,0,0,0
"979","QUA011","CEAOLI",2022,0,0,0,0,0,0,0
"980","QUA011","CEAOLI",2021,0,0,0,0,0,0,0
"981","QUA011","CERBET",2022,0,0,0,0,0,0,0
"982","QUA011","CERBET",2021,0,0,0,0,0,0,0
"983","QUA011","HOLDIS",2022,0,0,0,0,0,0,0
"984","QUA011","HOLDIS",2021,0,0,0,0,0,0,0
"985","QUA011","ERINUD",2022,0,0,0,0,0,0,0
"986","QUA011","ERINUD",2021,0,0,0,0,0,0,0
"987","QUA011","RIBMAL",2022,0,0,0,0,0,0,0
"988","QUA011","RIBMAL",2021,0,0,0,0,0,0,0
"989","QUA011","SYMALB",2022,0,0,0,0,0,0,0
"990","QUA011","SYMALB",2021,0,0,0,0,0,0,0
"991","QUA011","SYMMOL",2022,0,0,0,0,0,0,0
"992","QUA011","SYMMOL",2021,0,0,0,0,0,0,0
"993","QUA015","ADFA",2022,0,3,0,0,0,0.6,3
"994","QUA015","ADFA",2021,0,0,8,0,0,1.6,8
"995","QUA015","ERICAL",2022,0,0,0,0,5,1,5
"996","QUA015","ERICAL",2021,0,0,0,0,0,0,0
"997","QUA015","HEAR",2022,0,0,0,0,0,0,0
"998","QUA015","HEAR",2021,0,0,0,0,0,0,0
"999","QUA015","LEPCAL",2022,0,0,0,0,0,0,0
"1000","QUA015","LEPCAL",2021,0,0,0,0,0,0,0
"1001","QUA015","MIMAUR",2022,0,0,0,0,0,0,0
"1002","QUA015","MIMAUR",2021,0,0,0,0,0,0,0
"1003","QUA015","QUEBER",2022,0,0,0,0,0,0,0
"1004","QUA015","QUEBER",2021,0,0,0,0,0,0,0
"1005","QUA015","RHAILI",2022,0,0,0,0,0,0,0
"1006","QUA015","RHAILI",2021,0,0,0,0,0,0,0
"1007","QUA015","ARCMAN",2022,0,0,0,0,0,0,0
"1008","QUA015","ARCMAN",2021,0,0,0,0,0,0,0
"1009","QUA015","CEACUN",2022,0,0,0,0,0,0,0
"1010","QUA015","CEACUN",2021,0,0,0,0,0,0,0
"1011","QUA015","CEAOLI",2022,0,0,0,0,0,0,0
"1012","QUA015","CEAOLI",2021,0,0,0,0,0,0,0
"1013","QUA015","CERBET",2022,0,0,0,0,0,0,0
"1014","QUA015","CERBET",2021,0,0,0,0,0,0,0
"1015","QUA015","HOLDIS",2022,0,0,0,0,0,0,0
"1016","QUA015","HOLDIS",2021,0,0,0,0,0,0,0
"1017","QUA015","ERINUD",2022,0,0,0,0,0,0,0
"1018","QUA015","ERINUD",2021,0,0,0,0,0,0,0
"1019","QUA015","RIBMAL",2022,0,0,0,0,0,0,0
"1020","QUA015","RIBMAL",2021,0,0,0,0,0,0,0
"1021","QUA015","SYMALB",2022,0,0,0,0,0,0,0
"1022","QUA015","SYMALB",2021,0,0,0,0,0,0,0
"1023","QUA015","SYMMOL",2022,0,0,0,0,0,0,0
"1024","QUA015","SYMMOL",2021,0,0,0,0,0,0,0
"1025","QUA016","ADFA",2022,0,5,0,0,0,1,5
"1026","QUA016","ADFA",2021,0,0,0,0,0,0,0
"1027","QUA016","ERICAL",2022,0,0,0,0,0,0,0
"1028","QUA016","ERICAL",2021,0,0,0,0,0,0,0
"1029","QUA016","HEAR",2022,0,0,0,0,0,0,0
"1030","QUA016","HEAR",2021,0,0,0,0,0,0,0
"1031","QUA016","LEPCAL",2022,0,0,0,0,0,0,0
"1032","QUA016","LEPCAL",2021,0,0,0,0,0,0,0
"1033","QUA016","MIMAUR",2022,0,0,0,0,0,0,0
"1034","QUA016","MIMAUR",2021,0,0,0,0,0,0,0
"1035","QUA016","QUEBER",2022,0,0,0,0,0,0,0
"1036","QUA016","QUEBER",2021,0,0,0,0,0,0,0
"1037","QUA016","RHAILI",2022,0,0,0,0,0,0,0
"1038","QUA016","RHAILI",2021,0,0,0,0,0,0,0
"1039","QUA016","ARCMAN",2022,0,0,0,0,0,0,0
"1040","QUA016","ARCMAN",2021,0,0,0,0,0,0,0
"1041","QUA016","CEACUN",2022,0,0,0,0,0,0,0
"1042","QUA016","CEACUN",2021,0,0,0,0,0,0,0
"1043","QUA016","CEAOLI",2022,0,0,0,0,0,0,0
"1044","QUA016","CEAOLI",2021,0,0,0,0,0,0,0
"1045","QUA016","CERBET",2022,0,0,0,0,0,0,0
"1046","QUA016","CERBET",2021,0,0,0,0,0,0,0
"1047","QUA016","HOLDIS",2022,0,0,0,0,0,0,0
"1048","QUA016","HOLDIS",2021,0,0,0,0,0,0,0
"1049","QUA016","ERINUD",2022,0,0,0,0,0,0,0
"1050","QUA016","ERINUD",2021,0,0,0,0,0,0,0
"1051","QUA016","RIBMAL",2022,0,0,0,0,0,0,0
"1052","QUA016","RIBMAL",2021,0,0,0,0,0,0,0
"1053","QUA016","SYMALB",2022,0,0,0,0,0,0,0
"1054","QUA016","SYMALB",2021,0,0,0,0,0,0,0
"1055","QUA016","SYMMOL",2022,0,0,0,0,0,0,0
"1056","QUA016","SYMMOL",2021,0,0,0,0,0,0,0
"1057","QUA020","ADFA",2022,0,25,0,1.5,0,5.3,26.5
"1058","QUA020","ADFA",2021,0,0,2,15,0,3.4,17
"1059","QUA020","ERICAL",2022,0,0,0,0,0,0,0
"1060","QUA020","ERICAL",2021,0,0,0,0,0,0,0
"1061","QUA020","HEAR",2022,0,0,0,0,0,0,0
"1062","QUA020","HEAR",2021,0,0,0,0,0,0,0
"1063","QUA020","LEPCAL",2022,0,0,0,0,0,0,0
"1064","QUA020","LEPCAL",2021,0,0,0,0,0,0,0
"1065","QUA020","MIMAUR",2022,0,0,0,0,0,0,0
"1066","QUA020","MIMAUR",2021,0,0,0,0,0,0,0
"1067","QUA020","QUEBER",2022,0,0,0,0,0,0,0
"1068","QUA020","QUEBER",2021,0,0,0,0,0,0,0
"1069","QUA020","RHAILI",2022,0,0,0,0,0,0,0
"1070","QUA020","RHAILI",2021,0,0,0,0,0,0,0
"1071","QUA020","ARCMAN",2022,0,0,0,0,0,0,0
"1072","QUA020","ARCMAN",2021,0,0,0,0,0,0,0
"1073","QUA020","CEACUN",2022,0,0,0,0,0,0,0
"1074","QUA020","CEACUN",2021,0,0,0,0,0,0,0
"1075","QUA020","CEAOLI",2022,0,0,0,0,0,0,0
"1076","QUA020","CEAOLI",2021,0,0,0,0,0,0,0
"1077","QUA020","CERBET",2022,0,0,0,0,0,0,0
"1078","QUA020","CERBET",2021,0,0,0,0,0,0,0
"1079","QUA020","HOLDIS",2022,0,0,0,0,0,0,0
"1080","QUA020","HOLDIS",2021,0,0,0,0,0,0,0
"1081","QUA020","ERINUD",2022,0,0,0,0,0,0,0
"1082","QUA020","ERINUD",2021,0,0,0,0,0,0,0
"1083","QUA020","RIBMAL",2022,0,0,0,0,0,0,0
"1084","QUA020","RIBMAL",2021,0,0,0,0,0,0,0
"1085","QUA020","SYMALB",2022,0,0,0,0,0,0,0
"1086","QUA020","SYMALB",2021,0,0,0,0,0,0,0
"1087","QUA020","SYMMOL",2022,0,0,0,0,0,0,0
"1088","QUA020","SYMMOL",2021,0,0,0,0,0,0,0
"1089","QUA022","ADFA",2022,0,1,13,0,0,2.8,14
"1090","QUA022","ADFA",2021,0,0,0,0,0,0,0
"1091","QUA022","ERICAL",2022,0,0,0,0,0,0,0
"1092","QUA022","ERICAL",2021,0,0,0,0,0,0,0
"1093","QUA022","HEAR",2022,0,0,0,0,0,0,0
"1094","QUA022","HEAR",2021,0,0,0,0,0,0,0
"1095","QUA022","LEPCAL",2022,0,0,0,0,0,0,0
"1096","QUA022","LEPCAL",2021,0,0,0,0,0,0,0
"1097","QUA022","MIMAUR",2022,0,0,0,0,0,0,0
"1098","QUA022","MIMAUR",2021,0,0,0,0,0,0,0
"1099","QUA022","QUEBER",2022,0,0,0,0,0,0,0
"1100","QUA022","QUEBER",2021,0,0,0,0,0,0,0
"1101","QUA022","RHAILI",2022,0,0,0,0,0,0,0
"1102","QUA022","RHAILI",2021,0,0,0,0,0,0,0
"1103","QUA022","ARCMAN",2022,0,0,0,0,0,0,0
"1104","QUA022","ARCMAN",2021,0,0,0,0,0,0,0
"1105","QUA022","CEACUN",2022,0,0,0,0,0,0,0
"1106","QUA022","CEACUN",2021,0,0,0,0,0,0,0
"1107","QUA022","CEAOLI",2022,0,0,0,0,0,0,0
"1108","QUA022","CEAOLI",2021,0,0,0,0,0,0,0
"1109","QUA022","CERBET",2022,0,0,0,0,0,0,0
"1110","QUA022","CERBET",2021,0,0,0,0,0,0,0
"1111","QUA022","HOLDIS",2022,0,0,0,0,0,0,0
"1112","QUA022","HOLDIS",2021,0,0,0,0,0,0,0
"1113","QUA022","ERINUD",2022,0,0,0,0,0,0,0
"1114","QUA022","ERINUD",2021,0,0,0,0,0,0,0
"1115","QUA022","RIBMAL",2022,0,0,0,0,0,0,0
"1116","QUA022","RIBMAL",2021,0,0,0,0,0,0,0
"1117","QUA022","SYMALB",2022,0,0,0,0,0,0,0
"1118","QUA022","SYMALB",2021,0,0,0,0,0,0,0
"1119","QUA022","SYMMOL",2022,0,0,0,0,0,0,0
"1120","QUA022","SYMMOL",2021,0,0,0,0,0,0,0
"1121","QUA024","ADFA",2022,0,0,0,20,0,4,20
"1122","QUA024","ADFA",2021,0,0,0,0,0,0,0
"1123","QUA024","ERICAL",2022,0,0,0,0,0,0,0
"1124","QUA024","ERICAL",2021,0,0,0,0,0,0,0
"1125","QUA024","HEAR",2022,2,0,0,0,0,0.4,2
"1126","QUA024","HEAR",2021,0,0,0,0,0,0,0
"1127","QUA024","LEPCAL",2022,0,0,0,0,0,0,0
"1128","QUA024","LEPCAL",2021,0,0,0,0,0,0,0
"1129","QUA024","MIMAUR",2022,0,0,0,0,0,0,0
"1130","QUA024","MIMAUR",2021,0,0,0,0,0,0,0
"1131","QUA024","QUEBER",2022,0,0,0,0,0,0,0
"1132","QUA024","QUEBER",2021,0,0,0,0,0,0,0
"1133","QUA024","RHAILI",2022,0,0,0,0,0,0,0
"1134","QUA024","RHAILI",2021,0,0,0,0,0,0,0
"1135","QUA024","ARCMAN",2022,0,0,0,0,0,0,0
"1136","QUA024","ARCMAN",2021,0,0,0,0,0,0,0
"1137","QUA024","CEACUN",2022,0,0,0,0,0,0,0
"1138","QUA024","CEACUN",2021,0,0,0,0,0,0,0
"1139","QUA024","CEAOLI",2022,0,0,0,0,0,0,0
"1140","QUA024","CEAOLI",2021,0,0,0,0,0,0,0
"1141","QUA024","CERBET",2022,0,0,0,0,0,0,0
"1142","QUA024","CERBET",2021,0,0,0,0,0,0,0
"1143","QUA024","HOLDIS",2022,0,0,0,0,0,0,0
"1144","QUA024","HOLDIS",2021,0,0,0,0,0,0,0
"1145","QUA024","ERINUD",2022,0,0,0,0,0,0,0
"1146","QUA024","ERINUD",2021,0,0,0,0,0,0,0
"1147","QUA024","RIBMAL",2022,0,0,0,0,0,0,0
"1148","QUA024","RIBMAL",2021,0,0,0,0,0,0,0
"1149","QUA024","SYMALB",2022,0,0,0,0,0,0,0
"1150","QUA024","SYMALB",2021,0,0,0,0,0,0,0
"1151","QUA024","SYMMOL",2022,0,0,0,0,0,0,0
"1152","QUA024","SYMMOL",2021,0,0,0,0,0,0,0
"1153","QUA025","ADFA",2022,8,0,0,0,0,1.6,8
"1154","QUA025","ADFA",2021,0,0,0,0,0,0,0
"1155","QUA025","ERICAL",2022,0,0,0,0,0,0,0
"1156","QUA025","ERICAL",2021,0,0,0,0,0,0,0
"1157","QUA025","HEAR",2022,0,0,0,0,0,0,0
"1158","QUA025","HEAR",2021,0,0,0,0,0,0,0
"1159","QUA025","LEPCAL",2022,0,0,0,0,0,0,0
"1160","QUA025","LEPCAL",2021,0,0,0,0,0,0,0
"1161","QUA025","MIMAUR",2022,0,0,0,0,0,0,0
"1162","QUA025","MIMAUR",2021,0,0,0,0,0,0,0
"1163","QUA025","QUEBER",2022,0,0,1,0,0,0.2,1
"1164","QUA025","QUEBER",2021,0,0,0,0,0,0,0
"1165","QUA025","RHAILI",2022,0,0,0,0,0,0,0
"1166","QUA025","RHAILI",2021,0,0,0,0,0,0,0
"1167","QUA025","ARCMAN",2022,0,0,0,0,0,0,0
"1168","QUA025","ARCMAN",2021,0,0,0,0,0,0,0
"1169","QUA025","CEACUN",2022,0,0,0,0,0,0,0
"1170","QUA025","CEACUN",2021,0,0,0,0,0,0,0
"1171","QUA025","CEAOLI",2022,0,0,0,0,0,0,0
"1172","QUA025","CEAOLI",2021,0,0,0,0,0,0,0
"1173","QUA025","CERBET",2022,0,0,0,0,0,0,0
"1174","QUA025","CERBET",2021,0,0,0,0,0,0,0
"1175","QUA025","HOLDIS",2022,0,0,0,0,0,0,0
"1176","QUA025","HOLDIS",2021,0,0,0,0,0,0,0
"1177","QUA025","ERINUD",2022,0,0,0,0,0,0,0
"1178","QUA025","ERINUD",2021,0,0,0,0,0,0,0
"1179","QUA025","RIBMAL",2022,0,0,0,0,0,0,0
"1180","QUA025","RIBMAL",2021,0,0,0,0,0,0,0
"1181","QUA025","SYMALB",2022,0,0,0,0,0,0,0
"1182","QUA025","SYMALB",2021,0,0,0,0,0,0,0
"1183","QUA025","SYMMOL",2022,0,0,0,0,0,0,0
"1184","QUA025","SYMMOL",2021,0,0,0,0,0,0,0
"1185","BOB001","ADFA",2022,0,0,0,0,0,0,0
"1186","BOB001","ADFA",2021,0,0,0,0,0,0,0
"1187","BOB001","ERICAL",2022,0,6,0,85,0,18.2,91
"1188","BOB001","ERICAL",2021,0,15,0,16,0,6.2,31
"1189","BOB001","HEAR",2022,0,0,0,0,0,0,0
"1190","BOB001","HEAR",2021,0,0,0,0,0,0,0
"1191","BOB001","LEPCAL",2022,0,0,0,0,0,0,0
"1192","BOB001","LEPCAL",2021,0,0,0,0,0,0,0
"1193","BOB001","MIMAUR",2022,0,0,0,0,0,0,0
"1194","BOB001","MIMAUR",2021,0,0,0,0,0,0,0
"1195","BOB001","QUEBER",2022,0,0,0,0,0,0,0
"1196","BOB001","QUEBER",2021,0,0,0,0,0,0,0
"1197","BOB001","RHAILI",2022,0,0,0,0,0,0,0
"1198","BOB001","RHAILI",2021,0,0,0,0,0,0,0
"1199","BOB001","ARCMAN",2022,0,0,0,0,0,0,0
"1200","BOB001","ARCMAN",2021,0,0,0,0,0,0,0
"1201","BOB001","CEACUN",2022,0,0,0,0,0,0,0
"1202","BOB001","CEACUN",2021,0,0,0,0,0,0,0
"1203","BOB001","CEAOLI",2022,0,0,0,0,0,0,0
"1204","BOB001","CEAOLI",2021,0,0,0,0,0,0,0
"1205","BOB001","CERBET",2022,0,0,0,0,0,0,0
"1206","BOB001","CERBET",2021,0,0,0,0,0,0,0
"1207","BOB001","HOLDIS",2022,0,0,0,0,0,0,0
"1208","BOB001","HOLDIS",2021,0,0,0,0,0,0,0
"1209","BOB001","ERINUD",2022,0,0,0,0,0,0,0
"1210","BOB001","ERINUD",2021,0,0,0,0,0,0,0
"1211","BOB001","RIBMAL",2022,0,0,0,0,0,0,0
"1212","BOB001","RIBMAL",2021,0,0,0,0,0,0,0
"1213","BOB001","SYMALB",2022,0,0,0,0,0,0,0
"1214","BOB001","SYMALB",2021,0,0,0,0,0,0,0
"1215","BOB001","SYMMOL",2022,0,0,0,0,0,0,0
"1216","BOB001","SYMMOL",2021,0,0,0,0,0,0,0
"1217","BOB006","ADFA",2022,0,0,0,0,0,0,0
"1218","BOB006","ADFA",2021,0,0,0,0,0,0,0
"1219","BOB006","ERICAL",2022,0,0,0,10,0,2,10
"1220","BOB006","ERICAL",2021,0,1.5,0,25,8,6.9,34.5
"1221","BOB006","HEAR",2022,0,0,0,0,0,0,0
"1222","BOB006","HEAR",2021,0,0,0,0,0,0,0
"1223","BOB006","LEPCAL",2022,0,0,0,0,0,0,0
"1224","BOB006","LEPCAL",2021,0,0,0,0,0,0,0
"1225","BOB006","MIMAUR",2022,0,0,0,0,0,0,0
"1226","BOB006","MIMAUR",2021,0,0,0,0,0,0,0
"1227","BOB006","QUEBER",2022,0,0,0,0,0,0,0
"1228","BOB006","QUEBER",2021,0,0,0,0,0,0,0
"1229","BOB006","RHAILI",2022,0,0,0,0,0,0,0
"1230","BOB006","RHAILI",2021,0,0,0,0,0,0,0
"1231","BOB006","ARCMAN",2022,0,0,0,0,0,0,0
"1232","BOB006","ARCMAN",2021,0,0,0,0,0,0,0
"1233","BOB006","CEACUN",2022,0,0,0,0,0,0,0
"1234","BOB006","CEACUN",2021,0,0,0,0,0,0,0
"1235","BOB006","CEAOLI",2022,0,0,0,0,0,0,0
"1236","BOB006","CEAOLI",2021,0,0,0,0,0,0,0
"1237","BOB006","CERBET",2022,0,0,0,0,0,0,0
"1238","BOB006","CERBET",2021,0,0,0,0,0,0,0
"1239","BOB006","HOLDIS",2022,0,0,0,0,0,0,0
"1240","BOB006","HOLDIS",2021,0,0,0,0,0,0,0
"1241","BOB006","ERINUD",2022,0,0,0,0,0,0,0
"1242","BOB006","ERINUD",2021,0,0,0,0,0,0,0
"1243","BOB006","RIBMAL",2022,0,0,0,0,0,0,0
"1244","BOB006","RIBMAL",2021,0,0,0,0,0,0,0
"1245","BOB006","SYMALB",2022,0,0,0,0,0,0,0
"1246","BOB006","SYMALB",2021,0,0,0,0,0,0,0
"1247","BOB006","SYMMOL",2022,0,0,0,0,0,0,0
"1248","BOB006","SYMMOL",2021,0,0,0,0,0,0,0
"1249","COL018","ADFA",2022,0,0,0,0,0,0,0
"1250","COL018","ADFA",2021,0,0,0,0,0,0,0
"1251","COL018","ERICAL",2022,0,0,0,0,0,0,0
"1252","COL018","ERICAL",2021,0,0,3,0,0,0.6,3
"1253","COL018","HEAR",2022,0,0,0,0,0,0,0
"1254","COL018","HEAR",2021,0,0,0,0,0,0,0
"1255","COL018","LEPCAL",2022,0,0,0,0,0,0,0
"1256","COL018","LEPCAL",2021,0,0,0,0,0,0,0
"1257","COL018","MIMAUR",2022,0,0,0,0,0,0,0
"1258","COL018","MIMAUR",2021,0,0,0,0,0,0,0
"1259","COL018","QUEBER",2022,0,0,0,0,0,0,0
"1260","COL018","QUEBER",2021,0,0,0,0,0,0,0
"1261","COL018","RHAILI",2022,0,0,0,0,0,0,0
"1262","COL018","RHAILI",2021,0,0,0,0,0,0,0
"1263","COL018","ARCMAN",2022,0,0,0,0,0,0,0
"1264","COL018","ARCMAN",2021,0,0,0,0,0,0,0
"1265","COL018","CEACUN",2022,0,0,0,0,0,0,0
"1266","COL018","CEACUN",2021,0,0,0,0,0,0,0
"1267","COL018","CEAOLI",2022,0,0,0,0,0,0,0
"1268","COL018","CEAOLI",2021,0,0,0,0,0,0,0
"1269","COL018","CERBET",2022,0,0,0,0,0,0,0
"1270","COL018","CERBET",2021,0,0,0,0,0,0,0
"1271","COL018","HOLDIS",2022,0,0,0,0,0,0,0
"1272","COL018","HOLDIS",2021,0,0,0,0,0,0,0
"1273","COL018","ERINUD",2022,0,0,0,0,0,0,0
"1274","COL018","ERINUD",2021,0,0,0,0,0,0,0
"1275","COL018","RIBMAL",2022,0,0,0,0,0,0,0
"1276","COL018","RIBMAL",2021,0,0,0,0,0,0,0
"1277","COL018","SYMALB",2022,0,0,0,0,0,0,0
"1278","COL018","SYMALB",2021,0,0,0,0,0,0,0
"1279","COL018","SYMMOL",2022,0,0,0,0,0,0,0
"1280","COL018","SYMMOL",2021,0,0,0,0,0,0,0
"1281","BOB007","ADFA",2022,0,0,0,0,20,4,20
"1282","BOB007","ADFA",2021,0,0,0,0,5,1,5
"1283","BOB007","ERICAL",2022,0,0,0,0,0,0,0
"1284","BOB007","ERICAL",2021,0,0,0,0,0,0,0
"1285","BOB007","HEAR",2022,0,0,20,0,0,4,20
"1286","BOB007","HEAR",2021,0,0,6,0,0,1.2,6
"1287","BOB007","LEPCAL",2022,0,75,0,45,30,30,150
"1288","BOB007","LEPCAL",2021,0,30,0,26,3,11.8,59
"1289","BOB007","MIMAUR",2022,0,0,0,0,0,0,0
"1290","BOB007","MIMAUR",2021,0,0,0,0,0,0,0
"1291","BOB007","QUEBER",2022,0,0,0,0,0,0,0
"1292","BOB007","QUEBER",2021,0,0,0,0,0,0,0
"1293","BOB007","RHAILI",2022,0,0,0,0,0,0,0
"1294","BOB007","RHAILI",2021,0,0,0,0,0,0,0
"1295","BOB007","ARCMAN",2022,0,0,0,0,0,0,0
"1296","BOB007","ARCMAN",2021,0,0,0,0,0,0,0
"1297","BOB007","CEACUN",2022,0,0,0,0,0,0,0
"1298","BOB007","CEACUN",2021,0,0,0,0,0,0,0
"1299","BOB007","CEAOLI",2022,0,0,0,0,0,0,0
"1300","BOB007","CEAOLI",2021,0,0,0,0,0,0,0
"1301","BOB007","CERBET",2022,0,0,0,0,0,0,0
"1302","BOB007","CERBET",2021,0,0,0,0,0,0,0
"1303","BOB007","HOLDIS",2022,0,0,0,0,0,0,0
"1304","BOB007","HOLDIS",2021,0,0,0,0,0,0,0
"1305","BOB007","ERINUD",2022,0,0,0,0,0,0,0
"1306","BOB007","ERINUD",2021,0,0,0,0,0,0,0
"1307","BOB007","RIBMAL",2022,0,0,0,0,0,0,0
"1308","BOB007","RIBMAL",2021,0,0,0,0,0,0,0
"1309","BOB007","SYMALB",2022,0,0,0,0,0,0,0
"1310","BOB007","SYMALB",2021,0,0,0,0,0,0,0
"1311","BOB007","SYMMOL",2022,0,0,0,0,0,0,0
"1312","BOB007","SYMMOL",2021,0,0,0,0,0,0,0
"1313","BOB013","ADFA",2022,0,0,0,0,0,0,0
"1314","BOB013","ADFA",2021,0,0,0,0,0,0,0
"1315","BOB013","ERICAL",2022,0,0,0,0,0,0,0
"1316","BOB013","ERICAL",2021,0,0,0,0,0,0,0
"1317","BOB013","HEAR",2022,0,0,0,0,0,0,0
"1318","BOB013","HEAR",2021,0,0,0,0,0,0,0
"1319","BOB013","LEPCAL",2022,0,0,4,15,0,3.8,19
"1320","BOB013","LEPCAL",2021,0,0,6,20,0,5.2,26
"1321","BOB013","MIMAUR",2022,0,0,0,0,0,0,0
"1322","BOB013","MIMAUR",2021,0,0,0,0,0,0,0
"1323","BOB013","QUEBER",2022,0,0,0,0,0,0,0
"1324","BOB013","QUEBER",2021,0,0,0,0,0,0,0
"1325","BOB013","RHAILI",2022,0,0,0,0,0,0,0
"1326","BOB013","RHAILI",2021,0,0,0,0,0,0,0
"1327","BOB013","ARCMAN",2022,0,0,0,0,0,0,0
"1328","BOB013","ARCMAN",2021,0,0,0,0,0,0,0
"1329","BOB013","CEACUN",2022,0,0,0,0,0,0,0
"1330","BOB013","CEACUN",2021,0,0,0,0,0,0,0
"1331","BOB013","CEAOLI",2022,0,0,0,0,0,0,0
"1332","BOB013","CEAOLI",2021,0,0,0,0,0,0,0
"1333","BOB013","CERBET",2022,0,0,0,0,0,0,0
"1334","BOB013","CERBET",2021,0,0,0,0,0,0,0
"1335","BOB013","HOLDIS",2022,0,0,0,0,0,0,0
"1336","BOB013","HOLDIS",2021,0,0,0,0,0,0,0
"1337","BOB013","ERINUD",2022,0,0,0,0,0,0,0
"1338","BOB013","ERINUD",2021,0,0,0,0,0,0,0
"1339","BOB013","RIBMAL",2022,0,0,0,0,0,0,0
"1340","BOB013","RIBMAL",2021,0,0,0,0,0,0,0
"1341","BOB013","SYMALB",2022,0,0,0,0,0,0,0
"1342","BOB013","SYMALB",2021,0,0,0,0,0,0,0
"1343","BOB013","SYMMOL",2022,0,0,0,0,0,0,0
"1344","BOB013","SYMMOL",2021,0,0,0,0,0,0,0
"1345","BOB019","ADFA",2022,0,0,0,0,0,0,0
"1346","BOB019","ADFA",2021,0,0,0,0,0,0,0
"1347","BOB019","ERICAL",2022,0,0,0,0,0,0,0
"1348","BOB019","ERICAL",2021,0,0,0,0,0,0,0
"1349","BOB019","HEAR",2022,0,0,0,0,0,0,0
"1350","BOB019","HEAR",2021,0,0,0,0,0,0,0
"1351","BOB019","LEPCAL",2022,0,0,8,0,6,2.8,14
"1352","BOB019","LEPCAL",2021,15,0,11,12,2.5,8.1,40.5
"1353","BOB019","MIMAUR",2022,0,0,0,0,0,0,0
"1354","BOB019","MIMAUR",2021,0,0,0,0,0,0,0
"1355","BOB019","QUEBER",2022,0,0,0,0,0,0,0
"1356","BOB019","QUEBER",2021,0,0,0,1,0,0.2,1
"1357","BOB019","RHAILI",2022,0,0,0,0,0,0,0
"1358","BOB019","RHAILI",2021,0,0,0,0,0,0,0
"1359","BOB019","ARCMAN",2022,0,0,0,0,0,0,0
"1360","BOB019","ARCMAN",2021,0,0,0,0,0,0,0
"1361","BOB019","CEACUN",2022,0,0,0,0,0,0,0
"1362","BOB019","CEACUN",2021,0,0,0,0,0,0,0
"1363","BOB019","CEAOLI",2022,0,0,0,0,0,0,0
"1364","BOB019","CEAOLI",2021,0,0,0,0,0,0,0
"1365","BOB019","CERBET",2022,0,0,0,0,0,0,0
"1366","BOB019","CERBET",2021,0,0,0,0,0,0,0
"1367","BOB019","HOLDIS",2022,0,0,0,0,0,0,0
"1368","BOB019","HOLDIS",2021,0,0,0,0,0,0,0
"1369","BOB019","ERINUD",2022,0,0,0,0,0,0,0
"1370","BOB019","ERINUD",2021,0,0,0,0,0,0,0
"1371","BOB019","RIBMAL",2022,0,0,0,0,0,0,0
"1372","BOB019","RIBMAL",2021,0,0,0,0,0,0,0
"1373","BOB019","SYMALB",2022,0,0,0,0,0,0,0
"1374","BOB019","SYMALB",2021,0,0,0,0,0,0,0
"1375","BOB019","SYMMOL",2022,0,0,0,0,0,0,0
"1376","BOB019","SYMMOL",2021,0,0,0,0,0,0,0
"1377","BOB002","ADFA",2022,0,0,0,0,0,0,0
"1378","BOB002","ADFA",2021,0,0,0,0,0,0,0
"1379","BOB002","ERICAL",2022,0,0,0,0,0,0,0
"1380","BOB002","ERICAL",2021,0,0,0,0,0,0,0
"1381","BOB002","HEAR",2022,0,0,0,0,0,0,0
"1382","BOB002","HEAR",2021,0,0,0,0,0,0,0
"1383","BOB002","LEPCAL",2022,0,0,0,0,0,0,0
"1384","BOB002","LEPCAL",2021,0,0,0,0,0,0,0
"1385","BOB002","MIMAUR",2022,6,0,0,0,0,1.2,6
"1386","BOB002","MIMAUR",2021,0,0,0,0,0,0,0
"1387","BOB002","QUEBER",2022,0,0,0,0,0,0,0
"1388","BOB002","QUEBER",2021,0,0,0,0,0,0,0
"1389","BOB002","RHAILI",2022,0,0,0,0,0,0,0
"1390","BOB002","RHAILI",2021,0,0,0,0,0,0,0
"1391","BOB002","ARCMAN",2022,0,0,0,0,0,0,0
"1392","BOB002","ARCMAN",2021,0,0,0,0,0,0,0
"1393","BOB002","CEACUN",2022,0,0,0,0,0,0,0
"1394","BOB002","CEACUN",2021,0,0,0,0,0,0,0
"1395","BOB002","CEAOLI",2022,0,0,0,0,0,0,0
"1396","BOB002","CEAOLI",2021,0,0,0,0,0,0,0
"1397","BOB002","CERBET",2022,0,0,0,0,0,0,0
"1398","BOB002","CERBET",2021,0,0,0,0,0,0,0
"1399","BOB002","HOLDIS",2022,0,0,0,0,0,0,0
"1400","BOB002","HOLDIS",2021,0,0,0,0,0,0,0
"1401","BOB002","ERINUD",2022,0,0,0,0,0,0,0
"1402","BOB002","ERINUD",2021,0,0,0,0,0,0,0
"1403","BOB002","RIBMAL",2022,0,0,0,0,0,0,0
"1404","BOB002","RIBMAL",2021,0,0,0,0,0,0,0
"1405","BOB002","SYMALB",2022,0,0,0,0,0,0,0
"1406","BOB002","SYMALB",2021,0,0,0,0,0,0,0
"1407","BOB002","SYMMOL",2022,0,0,0,0,0,0,0
"1408","BOB002","SYMMOL",2021,0,0,0,0,0,0,0
"1409","CCC010","ADFA",2022,0,0,0,0,0,0,0
"1410","CCC010","ADFA",2021,0,0,0,0,0,0,0
"1411","CCC010","ERICAL",2022,0,0,0,0,0,0,0
"1412","CCC010","ERICAL",2021,0,1,0,0,0,0.2,1
"1413","CCC010","HEAR",2022,0,0,0,0,0,0,0
"1414","CCC010","HEAR",2021,0,0,0,0,0,0,0
"1415","CCC010","LEPCAL",2022,0,0,0,0,0,0,0
"1416","CCC010","LEPCAL",2021,0,0,0,0,0,0,0
"1417","CCC010","MIMAUR",2022,0,0,1,1.5,10,2.5,12.5
"1418","CCC010","MIMAUR",2021,0,0,0,0,0,0,0
"1419","CCC010","QUEBER",2022,0,0,0,0,0,0,0
"1420","CCC010","QUEBER",2021,0,18,0.3,15,5,7.66,38.3
"1421","CCC010","RHAILI",2022,0,0,0,0,0,0,0
"1422","CCC010","RHAILI",2021,0,0,0,0,0,0,0
"1423","CCC010","ARCMAN",2022,0,0,0,0,0,0,0
"1424","CCC010","ARCMAN",2021,0,0,0,0,0,0,0
"1425","CCC010","CEACUN",2022,0,0,0,0,0,0,0
"1426","CCC010","CEACUN",2021,0,0,0,0,0,0,0
"1427","CCC010","CEAOLI",2022,0,0,0,0,0,0,0
"1428","CCC010","CEAOLI",2021,0,0,0,0,0,0,0
"1429","CCC010","CERBET",2022,0,0,0,0,0,0,0
"1430","CCC010","CERBET",2021,0,0,0,0,0,0,0
"1431","CCC010","HOLDIS",2022,0,0,0,0,0,0,0
"1432","CCC010","HOLDIS",2021,0,0,0,0,0,0,0
"1433","CCC010","ERINUD",2022,0,0,0,0,0,0,0
"1434","CCC010","ERINUD",2021,0,0,0,0,0,0,0
"1435","CCC010","RIBMAL",2022,0,0,0,0,0,0,0
"1436","CCC010","RIBMAL",2021,0,0,0,0,0,0,0
"1437","CCC010","SYMALB",2022,0,0,0,0,0,0,0
"1438","CCC010","SYMALB",2021,0,0,0,0,0,0,0
"1439","CCC010","SYMMOL",2022,0,0,0,0,0,0,0
"1440","CCC010","SYMMOL",2021,0,0,0,0,0,0,0
"1441","COL014","ADFA",2022,0,0,0,0,0,0,0
"1442","COL014","ADFA",2021,0,0,0,0,0,0,0
"1443","COL014","ERICAL",2022,0,0,0,0,0,0,0
"1444","COL014","ERICAL",2021,0,0,0,0,0,0,0
"1445","COL014","HEAR",2022,0,0,0,0,0,0,0
"1446","COL014","HEAR",2021,0,0,0,0,0,0,0
"1447","COL014","LEPCAL",2022,0,0,0,0,0,0,0
"1448","COL014","LEPCAL",2021,0,0,0,0,0,0,0
"1449","COL014","MIMAUR",2022,0,0,0,0,0,0,0
"1450","COL014","MIMAUR",2021,0,0,0,0,0,0,0
"1451","COL014","QUEBER",2022,0,0,49,90,0,27.8,139
"1452","COL014","QUEBER",2021,0,0,5,1,0,1.2,6
"1453","COL014","RHAILI",2022,0,0,0,0,0,0,0
"1454","COL014","RHAILI",2021,0,0,0,0,0,0,0
"1455","COL014","ARCMAN",2022,0,0,0,0,0,0,0
"1456","COL014","ARCMAN",2021,0,0,0,0,0,0,0
"1457","COL014","CEACUN",2022,0,0,0,0,0,0,0
"1458","COL014","CEACUN",2021,0,0,0,0,0,0,0
"1459","COL014","CEAOLI",2022,0,0,0,0,0,0,0
"1460","COL014","CEAOLI",2021,0,0,0,0,0,0,0
"1461","COL014","CERBET",2022,0,0,0,0,0,0,0
"1462","COL014","CERBET",2021,0,0,0,0,0,0,0
"1463","COL014","HOLDIS",2022,0,0,0,0,0,0,0
"1464","COL014","HOLDIS",2021,0,0,0,0,0,0,0
"1465","COL014","ERINUD",2022,0,0,0,0,0,0,0
"1466","COL014","ERINUD",2021,0,0,0,0,0,0,0
"1467","COL014","RIBMAL",2022,0,0,0,0,0,0,0
"1468","COL014","RIBMAL",2021,0,0,0,0,0,0,0
"1469","COL014","SYMALB",2022,0,0,0,0,0,0,0
"1470","COL014","SYMALB",2021,0,0,0,0,0,0,0
"1471","COL014","SYMMOL",2022,0,0,0,0,0,0,0
"1472","COL014","SYMMOL",2021,0,0,0,0,0,0,0
"1473","CCC001","ADFA",2022,0,0,0,0,0,0,0
"1474","CCC001","ADFA",2021,0,0,0,0,0,0,0
"1475","CCC001","ERICAL",2022,0,0,0,0,0,0,0
"1476","CCC001","ERICAL",2021,0,0,0,0,0,0,0
"1477","CCC001","HEAR",2022,0,0,0,0,0,0,0
"1478","CCC001","HEAR",2021,0,0,0,0,0.2,0.04,0.2
"1479","CCC001","LEPCAL",2022,0,0,0,0,0,0,0
"1480","CCC001","LEPCAL",2021,0,0,0,0,0,0,0
"1481","CCC001","MIMAUR",2022,0,0,0,0,0,0,0
"1482","CCC001","MIMAUR",2021,0,0,0,0,0,0,0
"1483","CCC001","QUEBER",2022,0,0,0,0,0,0,0
"1484","CCC001","QUEBER",2021,0,0,0,0,0,0,0
"1485","CCC001","RHAILI",2022,0,0,0,0,0,0,0
"1486","CCC001","RHAILI",2021,0,0,0,0,0,0,0
"1487","CCC001","ARCMAN",2022,0,0,0,0,0,0,0
"1488","CCC001","ARCMAN",2021,0,0,0,0,0,0,0
"1489","CCC001","CEACUN",2022,0,0,0,0,0,0,0
"1490","CCC001","CEACUN",2021,0,0,0,0,0,0,0
"1491","CCC001","CEAOLI",2022,0,0,0,0,0,0,0
"1492","CCC001","CEAOLI",2021,0,0,0,0,0,0,0
"1493","CCC001","CERBET",2022,0,0,0,0,0,0,0
"1494","CCC001","CERBET",2021,0,0,0,0,0,0,0
"1495","CCC001","HOLDIS",2022,0,0,0,0,0,0,0
"1496","CCC001","HOLDIS",2021,0,0,0,0,0,0,0
"1497","CCC001","ERINUD",2022,0,0,0,0,0,0,0
"1498","CCC001","ERINUD",2021,0,0,0,0,0,0,0
"1499","CCC001","RIBMAL",2022,0,0,0,0,0,0,0
"1500","CCC001","RIBMAL",2021,0,0,0,0,0,0,0
"1501","CCC001","SYMALB",2022,0,0,0,0,0,0,0
"1502","CCC001","SYMALB",2021,0,0,0,0,0,0,0
"1503","CCC001","SYMMOL",2022,0,0,0,0,0,0,0
"1504","CCC001","SYMMOL",2021,0,0,0,0,0,0,0
"1505","CCC002","ADFA",2022,0,0,0,0,0,0,0
"1506","CCC002","ADFA",2021,0,0,0,0,0,0,0
"1507","CCC002","ERICAL",2022,0,0,0,0,0,0,0
"1508","CCC002","ERICAL",2021,0,0,0,0,0,0,0
"1509","CCC002","HEAR",2022,0,0,0,0,0,0,0
"1510","CCC002","HEAR",2021,0,0,0,0,0,0,0
"1511","CCC002","LEPCAL",2022,0,0,0,0,0,0,0
"1512","CCC002","LEPCAL",2021,0,0,0,0,0,0,0
"1513","CCC002","MIMAUR",2022,0,0,0,0,0,0,0
"1514","CCC002","MIMAUR",2021,0,0,0,0,0,0,0
"1515","CCC002","QUEBER",2022,0,0,0,0,0,0,0
"1516","CCC002","QUEBER",2021,0,0,0,0,0,0,0
"1517","CCC002","RHAILI",2022,0,0,0,0,0,0,0
"1518","CCC002","RHAILI",2021,0,0,0,0,0,0,0
"1519","CCC002","ARCMAN",2022,0,0,0,0,0,0,0
"1520","CCC002","ARCMAN",2021,0,0,0,0,0,0,0
"1521","CCC002","CEACUN",2022,0,0,0,0,0,0,0
"1522","CCC002","CEACUN",2021,0,0,0,0,0,0,0
"1523","CCC002","CEAOLI",2022,0,0,0,0,0,0,0
"1524","CCC002","CEAOLI",2021,0,0,0,0,0,0,0
"1525","CCC002","CERBET",2022,0,0,0,0,0,0,0
"1526","CCC002","CERBET",2021,0,0,0,0,0,0,0
"1527","CCC002","HOLDIS",2022,0,0,0,0,0,0,0
"1528","CCC002","HOLDIS",2021,0,0,0,0,0,0,0
"1529","CCC002","ERINUD",2022,0,0,0,0,0,0,0
"1530","CCC002","ERINUD",2021,0,0,0,0,0,0,0
"1531","CCC002","RIBMAL",2022,0,0,0,0,0,0,0
"1532","CCC002","RIBMAL",2021,0,0,0,0,0,0,0
"1533","CCC002","SYMALB",2022,0,0,0,0,0,0,0
"1534","CCC002","SYMALB",2021,0,0,0,0,0,0,0
"1535","CCC002","SYMMOL",2022,0,0,0,0,0,0,0
"1536","CCC002","SYMMOL",2021,0,0,0,0,0,0,0
"1537","CCC004","ADFA",2022,0,0,0,0,0,0,0
"1538","CCC004","ADFA",2021,0,0,0,0,0,0,0
"1539","CCC004","ERICAL",2022,0,0,0,0,0,0,0
"1540","CCC004","ERICAL",2021,0,0,0,0,0,0,0
"1541","CCC004","HEAR",2022,0,0,0,0,0,0,0
"1542","CCC004","HEAR",2021,0,0,0,0,0,0,0
"1543","CCC004","LEPCAL",2022,0,0,0,0,0,0,0
"1544","CCC004","LEPCAL",2021,0,0,0,0,0,0,0
"1545","CCC004","MIMAUR",2022,0,0,0,0,0,0,0
"1546","CCC004","MIMAUR",2021,0,0,0,0,0,0,0
"1547","CCC004","QUEBER",2022,0,0,0,0,0,0,0
"1548","CCC004","QUEBER",2021,0,0,0,0,0,0,0
"1549","CCC004","RHAILI",2022,0,0,0,0,0,0,0
"1550","CCC004","RHAILI",2021,0,0,0,0,0,0,0
"1551","CCC004","ARCMAN",2022,0,0,0,0,0,0,0
"1552","CCC004","ARCMAN",2021,0,0,0,0,0,0,0
"1553","CCC004","CEACUN",2022,0,0,0,0,0,0,0
"1554","CCC004","CEACUN",2021,0,0,0,0,0,0,0
"1555","CCC004","CEAOLI",2022,0,0,0,0,0,0,0
"1556","CCC004","CEAOLI",2021,0,0,0,0,0,0,0
"1557","CCC004","CERBET",2022,0,0,0,0,0,0,0
"1558","CCC004","CERBET",2021,0,0,0,0,0,0,0
"1559","CCC004","HOLDIS",2022,0,0,0,0,0,0,0
"1560","CCC004","HOLDIS",2021,0,0,0,0,0,0,0
"1561","CCC004","ERINUD",2022,0,0,0,0,0,0,0
"1562","CCC004","ERINUD",2021,0,0,0,0,0,0,0
"1563","CCC004","RIBMAL",2022,0,0,0,0,0,0,0
"1564","CCC004","RIBMAL",2021,0,0,0,0,0,0,0
"1565","CCC004","SYMALB",2022,0,0,0,0,0,0,0
"1566","CCC004","SYMALB",2021,0,0,0,0,0,0,0
"1567","CCC004","SYMMOL",2022,0,0,0,0,0,0,0
"1568","CCC004","SYMMOL",2021,0,0,0,0,0,0,0
"1569","QUA021","ADFA",2022,0,0,0,0,0,0,0
"1570","QUA021","ADFA",2021,0,0,0,0,0,0,0
"1571","QUA021","ERICAL",2022,0,0,0,0,0,0,0
"1572","QUA021","ERICAL",2021,0,0,0,0,0,0,0
"1573","QUA021","HEAR",2022,0,0,0,0,0,0,0
"1574","QUA021","HEAR",2021,0,0,0,0,0,0,0
"1575","QUA021","LEPCAL",2022,0,0,0,0,0,0,0
"1576","QUA021","LEPCAL",2021,0,0,0,0,0,0,0
"1577","QUA021","MIMAUR",2022,0,0,0,0,0,0,0
"1578","QUA021","MIMAUR",2021,0,0,0,0,0,0,0
"1579","QUA021","QUEBER",2022,0,0,0,0,0,0,0
"1580","QUA021","QUEBER",2021,0,0,0,0,0,0,0
"1581","QUA021","RHAILI",2022,0,0,0,0,0,0,0
"1582","QUA021","RHAILI",2021,0,0,0,0,0,0,0
"1583","QUA021","ARCMAN",2022,0,0,0,0,0,0,0
"1584","QUA021","ARCMAN",2021,0,0,0,0,0,0,0
"1585","QUA021","CEACUN",2022,0,0,0,0,0,0,0
"1586","QUA021","CEACUN",2021,0,0,0,0,0,0,0
"1587","QUA021","CEAOLI",2022,0,0,0,0,0,0,0
"1588","QUA021","CEAOLI",2021,0,0,0,0,0,0,0
"1589","QUA021","CERBET",2022,0,0,0,0,0,0,0
"1590","QUA021","CERBET",2021,0,0,0,0,0,0,0
"1591","QUA021","HOLDIS",2022,0,0,0,0,0,0,0
"1592","QUA021","HOLDIS",2021,0,0,0,0,0,0,0
"1593","QUA021","ERINUD",2022,0,0,0,0,0,0,0
"1594","QUA021","ERINUD",2021,0,0,0,0,0,0,0
"1595","QUA021","RIBMAL",2022,0,0,0,0,0,0,0
"1596","QUA021","RIBMAL",2021,0,0,0,0,0,0,0
"1597","QUA021","SYMALB",2022,0,0,0,0,0,0,0
"1598","QUA021","SYMALB",2021,0,0,0,0,0,0,0
"1599","QUA021","SYMMOL",2022,0,0,0,0,0,0,0
"1600","QUA021","SYMMOL",2021,0,0,0,0,0,0,0
"1601","CCC012","ADFA",2022,0,0,0,0,0,0,0
"1602","CCC012","ADFA",2021,0,0,0,0,0,0,0
"1603","CCC012","ERICAL",2022,0,0,0,0,0,0,0
"1604","CCC012","ERICAL",2021,0,0,0,0,0,0,0
"1605","CCC012","HEAR",2022,0,0,0,0,0,0,0
"1606","CCC012","HEAR",2021,0,0,0,0,0,0,0
"1607","CCC012","LEPCAL",2022,0,0,0,0,0,0,0
"1608","CCC012","LEPCAL",2021,0,0,0,0,0,0,0
"1609","CCC012","MIMAUR",2022,0,0,0,0,0,0,0
"1610","CCC012","MIMAUR",2021,0,0,0,0,0,0,0
"1611","CCC012","QUEBER",2022,0,0,0,0,0,0,0
"1612","CCC012","QUEBER",2021,0,0,0,0,0,0,0
"1613","CCC012","RHAILI",2022,5,0,0,0,0,1,5
"1614","CCC012","RHAILI",2021,3,0,0,0,0,0.6,3
"1615","CCC012","ARCMAN",2022,0,0,0,0,0,0,0
"1616","CCC012","ARCMAN",2021,0,0,0,0,0,0,0
"1617","CCC012","CEACUN",2022,0,0,0,0,0,0,0
"1618","CCC012","CEACUN",2021,0,0,0,0,0,0,0
"1619","CCC012","CEAOLI",2022,0,0,0,0,0,0,0
"1620","CCC012","CEAOLI",2021,0,0,0,0,0,0,0
"1621","CCC012","CERBET",2022,0,0,0,0,0,0,0
"1622","CCC012","CERBET",2021,0,0,0,0,0,0,0
"1623","CCC012","HOLDIS",2022,0,0,0,0,0,0,0
"1624","CCC012","HOLDIS",2021,0,0,0,0,0,0,0
"1625","CCC012","ERINUD",2022,0,0,0,0,0,0,0
"1626","CCC012","ERINUD",2021,0,0,0,0,0,0,0
"1627","CCC012","RIBMAL",2022,0,0,0,0,0,0,0
"1628","CCC012","RIBMAL",2021,0,0,0,0,0,0,0
"1629","CCC012","SYMALB",2022,0,0,0,0,0,0,0
"1630","CCC012","SYMALB",2021,0,0,0,0,0,0,0
"1631","CCC012","SYMMOL",2022,0,0,0,0,0,0,0
"1632","CCC012","SYMMOL",2021,0,0,0,0,0,0,0
"1633","CCC007","ADFA",2022,0,0,0,0,0,0,0
"1634","CCC007","ADFA",2021,0,0,0,0,0,0,0
"1635","CCC007","ERICAL",2022,0,0,0,0,0,0,0
"1636","CCC007","ERICAL",2021,0,0,0,0,0,0,0
"1637","CCC007","HEAR",2022,0,0,0,0,0,0,0
"1638","CCC007","HEAR",2021,0,0,0,0,0,0,0
"1639","CCC007","LEPCAL",2022,0,0,0,0,0,0,0
"1640","CCC007","LEPCAL",2021,0,0,0,0,0,0,0
"1641","CCC007","MIMAUR",2022,0,0,0,0,0,0,0
"1642","CCC007","MIMAUR",2021,0,0,0,0,0,0,0
"1643","CCC007","QUEBER",2022,0,0,0,0,0,0,0
"1644","CCC007","QUEBER",2021,0,0,0,0,0,0,0
"1645","CCC007","RHAILI",2022,0,0,0,0,0,0,0
"1646","CCC007","RHAILI",2021,0,0,0,0,0,0,0
"1647","CCC007","ARCMAN",2022,0,0,0,0,0,0,0
"1648","CCC007","ARCMAN",2021,0,0,0,0,0,0,0
"1649","CCC007","CEACUN",2022,0,0,0,0,0,0,0
"1650","CCC007","CEACUN",2021,0,0,0,0,0,0,0
"1651","CCC007","CEAOLI",2022,0,0,0,0,0,0,0
"1652","CCC007","CEAOLI",2021,0,0,0,0,0,0,0
"1653","CCC007","CERBET",2022,0,0,0,0,0,0,0
"1654","CCC007","CERBET",2021,0,0,0,0,0,0,0
"1655","CCC007","HOLDIS",2022,0,0,0,0,0,0,0
"1656","CCC007","HOLDIS",2021,0,0,0,0,0,0,0
"1657","CCC007","ERINUD",2022,0,0,0,0,0,0,0
"1658","CCC007","ERINUD",2021,0,0,0,0,0,0,0
"1659","CCC007","RIBMAL",2022,0,0,0,0,0,0,0
"1660","CCC007","RIBMAL",2021,0,0,0,0,0,0,0
"1661","CCC007","SYMALB",2022,0,0,0,0,0,0,0
"1662","CCC007","SYMALB",2021,0,0,0,0,0,0,0
"1663","CCC007","SYMMOL",2022,0,0,0,0,0,0,0
"1664","CCC007","SYMMOL",2021,0,0,0,0,0,0,0
"1665","CCC005","ADFA",2022,0,0,0,0,0,0,0
"1666","CCC005","ADFA",2021,0,0,0,0,0,0,0
"1667","CCC005","ERICAL",2022,0,0,0,0,0,0,0
"1668","CCC005","ERICAL",2021,0,0,0,0,0,0,0
"1669","CCC005","HEAR",2022,0,0,0,0,0,0,0
"1670","CCC005","HEAR",2021,0,0,0,0,0,0,0
"1671","CCC005","LEPCAL",2022,0,0,0,0,0,0,0
"1672","CCC005","LEPCAL",2021,0,0,0,0,0,0,0
"1673","CCC005","MIMAUR",2022,0,0,0,0,0,0,0
"1674","CCC005","MIMAUR",2021,0,0,0,0,0,0,0
"1675","CCC005","QUEBER",2022,0,0,0,0,0,0,0
"1676","CCC005","QUEBER",2021,0,0,0,0,0,0,0
"1677","CCC005","RHAILI",2022,0,0,0,0,0,0,0
"1678","CCC005","RHAILI",2021,0,0,0,0,0,0,0
"1679","CCC005","ARCMAN",2022,0,0,0,0,0,0,0
"1680","CCC005","ARCMAN",2021,0,0,0,0,0,0,0
"1681","CCC005","CEACUN",2022,0,0,0,0,0,0,0
"1682","CCC005","CEACUN",2021,0,0,0,0,0,0,0
"1683","CCC005","CEAOLI",2022,0,0,0,0,0,0,0
"1684","CCC005","CEAOLI",2021,0,0,0,0,0,0,0
"1685","CCC005","CERBET",2022,0,0,0,0,0,0,0
"1686","CCC005","CERBET",2021,0,0,0,0,0,0,0
"1687","CCC005","HOLDIS",2022,0,0,0,0,0,0,0
"1688","CCC005","HOLDIS",2021,0,0,0,0,0,0,0
"1689","CCC005","ERINUD",2022,0,0,0,0,0,0,0
"1690","CCC005","ERINUD",2021,0,0,0,0,0,0,0
"1691","CCC005","RIBMAL",2022,0,0,0,0,0,0,0
"1692","CCC005","RIBMAL",2021,0,0,0,0,0,0,0
"1693","CCC005","SYMALB",2022,0,0,0,0,0,0,0
"1694","CCC005","SYMALB",2021,0,0,0,0,0,0,0
"1695","CCC005","SYMMOL",2022,0,0,0,0,0,0,0
"1696","CCC005","SYMMOL",2021,0,0,0,0,0,0,0
"1697","QUA003","ADFA",2022,0,0,0,0,0,0,0
"1698","QUA003","ADFA",2021,0,0,0,0,0,0,0
"1699","QUA003","ERICAL",2022,0,0,0,0,0,0,0
"1700","QUA003","ERICAL",2021,0,0,0,0,0,0,0
"1701","QUA003","HEAR",2022,0,0,0,0,0,0,0
"1702","QUA003","HEAR",2021,0,0,0,0,0,0,0
"1703","QUA003","LEPCAL",2022,0,0,0,0,0,0,0
"1704","QUA003","LEPCAL",2021,0,0,0,0,0,0,0
"1705","QUA003","MIMAUR",2022,0,0,0,0,0,0,0
"1706","QUA003","MIMAUR",2021,0,0,0,0,0,0,0
"1707","QUA003","QUEBER",2022,0,0,0,0,0,0,0
"1708","QUA003","QUEBER",2021,0,0,0,0,0,0,0
"1709","QUA003","RHAILI",2022,0,0,0,0,0,0,0
"1710","QUA003","RHAILI",2021,0,0,0,0,0,0,0
"1711","QUA003","ARCMAN",2022,0,0,0,0,0,0,0
"1712","QUA003","ARCMAN",2021,0,0,0,0,0,0,0
"1713","QUA003","CEACUN",2022,0,0,0,0,0,0,0
"1714","QUA003","CEACUN",2021,0,0,0,0,0,0,0
"1715","QUA003","CEAOLI",2022,0,0,0,0,0,0,0
"1716","QUA003","CEAOLI",2021,0,0,0,0,0,0,0
"1717","QUA003","CERBET",2022,0,0,0,0,0,0,0
"1718","QUA003","CERBET",2021,0,0,0,0,0,0,0
"1719","QUA003","HOLDIS",2022,0,0,0,0,0,0,0
"1720","QUA003","HOLDIS",2021,0,0,0,0,0,0,0
"1721","QUA003","ERINUD",2022,0,0,0,0,0,0,0
"1722","QUA003","ERINUD",2021,0,0,0,0,0,0,0
"1723","QUA003","RIBMAL",2022,0,0,0,0,0,0,0
"1724","QUA003","RIBMAL",2021,0,0,0,0,0,0,0
"1725","QUA003","SYMALB",2022,0,0,0,0,0,0,0
"1726","QUA003","SYMALB",2021,0,0,0,0,0,0,0
"1727","QUA003","SYMMOL",2022,0,0,0,0,0,0,0
"1728","QUA003","SYMMOL",2021,0,0,0,0,0,0,0
