PlotID,spp,year,sum.count.5m2,presence
CCC004,ADFA,2021,0,0
CCC004,ADFA,2022,0,0
CCC004,ARCMAN,2021,0,0
CCC004,ARCMAN,2022,0,0
CCC004,CEACUN,2021,0,0
CCC004,CEACUN,2022,0,0
CCC004,CEAOLI,2021,74,5
CCC004,CEAOLI,2022,0,0
CCC004,CERBET,2021,0,0
CCC004,CERBET,2022,0,0
CCC004,ERICAL,2021,6,3
CCC004,ERICAL,2022,0,0
CCC004,ERINUD,2021,0,0
CCC004,ERINUD,2022,0,0
CCC004,HEAR,2021,0,0
CCC004,HEAR,2022,0,0
CCC004,HOLDIS,2021,0,0
CCC004,HOLDIS,2022,0,0
CCC004,LEPCAL,2021,68,5
CCC004,LEPCAL,2022,3,2
CCC004,MIMAUR,2021,0,0
CCC004,MIMAUR,2022,0,0
CCC004,QUEBER,2021,0,0
CCC004,QUEBER,2022,0,0
CCC004,RHAILI,2021,0,0
CCC004,RHAILI,2022,0,0
CCC004,RIBMAL,2021,0,0
CCC004,RIBMAL,2022,0,0
CCC004,SYMALB,2021,0,0
CCC004,SYMALB,2022,0,0
CCC004,SYMMOL,2021,0,0
CCC004,SYMMOL,2022,0,0
CCC004,TOXDIV,2021,0,0
CCC004,TOXDIV,2022,0,0
CCC011,ADFA,2021,0,0
CCC011,ADFA,2022,6,2
CCC011,ARCMAN,2021,0,0
CCC011,ARCMAN,2022,0,0
CCC011,CEACUN,2021,1,1
CCC011,CEACUN,2022,0,0
CCC011,CEAOLI,2021,0,0
CCC011,CEAOLI,2022,0,0
CCC011,CERBET,2021,1,1
CCC011,CERBET,2022,0,0
CCC011,ERICAL,2021,0,0
CCC011,ERICAL,2022,1,1
CCC011,ERINUD,2021,0,0
CCC011,ERINUD,2022,0,0
CCC011,HEAR,2021,0,0
CCC011,HEAR,2022,0,0
CCC011,HOLDIS,2021,0,0
CCC011,HOLDIS,2022,0,0
CCC011,LEPCAL,2021,0,0
CCC011,LEPCAL,2022,0,0
CCC011,MIMAUR,2021,0,0
CCC011,MIMAUR,2022,0,0
CCC011,QUEBER,2021,0,0
CCC011,QUEBER,2022,0,0
CCC011,RHAILI,2021,0,0
CCC011,RHAILI,2022,0,0
CCC011,RIBMAL,2021,0,0
CCC011,RIBMAL,2022,0,0
CCC011,SYMALB,2021,0,0
CCC011,SYMALB,2022,0,0
CCC011,SYMMOL,2021,0,0
CCC011,SYMMOL,2022,0,0
CCC011,TOXDIV,2021,0,0
CCC011,TOXDIV,2022,0,0
COL014,ADFA,2021,0,0
COL014,ADFA,2022,0,0
COL014,ARCMAN,2021,0,0
COL014,ARCMAN,2022,0,0
COL014,CEACUN,2021,0,0
COL014,CEACUN,2022,0,0
COL014,CEAOLI,2021,0,0
COL014,CEAOLI,2022,0,0
COL014,CERBET,2021,0,0
COL014,CERBET,2022,0,0
COL014,ERICAL,2021,0,0
COL014,ERICAL,2022,0,0
COL014,ERINUD,2021,0,0
COL014,ERINUD,2022,0,0
COL014,HEAR,2021,0,0
COL014,HEAR,2022,0,0
COL014,HOLDIS,2021,0,0
COL014,HOLDIS,2022,0,0
COL014,LEPCAL,2021,0,0
COL014,LEPCAL,2022,0,0
COL014,MIMAUR,2021,0,0
COL014,MIMAUR,2022,0,0
COL014,QUEBER,2021,0,0
COL014,QUEBER,2022,0,0
COL014,RHAILI,2021,0,0
COL014,RHAILI,2022,0,0
COL014,RIBMAL,2021,0,0
COL014,RIBMAL,2022,0,0
COL014,SYMALB,2021,0,0
COL014,SYMALB,2022,0,0
COL014,SYMMOL,2021,0,0
COL014,SYMMOL,2022,0,0
COL014,TOXDIV,2021,0,0
COL014,TOXDIV,2022,0,0
BOB012,ADFA,2021,0,0
BOB012,ADFA,2022,0,0
BOB012,ARCMAN,2021,0,0
BOB012,ARCMAN,2022,0,0
BOB012,CEACUN,2021,0,0
BOB012,CEACUN,2022,0,0
BOB012,CEAOLI,2021,0,0
BOB012,CEAOLI,2022,0,0
BOB012,CERBET,2021,0,0
BOB012,CERBET,2022,0,0
BOB012,ERICAL,2021,0,0
BOB012,ERICAL,2022,3,1
BOB012,ERINUD,2021,0,0
BOB012,ERINUD,2022,0,0
BOB012,HEAR,2021,0,0
BOB012,HEAR,2022,0,0
BOB012,HOLDIS,2021,0,0
BOB012,HOLDIS,2022,0,0
BOB012,LEPCAL,2021,0,0
BOB012,LEPCAL,2022,0,0
BOB012,MIMAUR,2021,0,0
BOB012,MIMAUR,2022,0,0
BOB012,QUEBER,2021,0,0
BOB012,QUEBER,2022,0,0
BOB012,RHAILI,2021,0,0
BOB012,RHAILI,2022,0,0
BOB012,RIBMAL,2021,0,0
BOB012,RIBMAL,2022,0,0
BOB012,SYMALB,2021,0,0
BOB012,SYMALB,2022,0,0
BOB012,SYMMOL,2021,0,0
BOB012,SYMMOL,2022,0,0
BOB012,TOXDIV,2021,0,0
BOB012,TOXDIV,2022,0,0
BOB001,ADFA,2021,0,0
BOB001,ADFA,2022,0,0
BOB001,ARCMAN,2021,0,0
BOB001,ARCMAN,2022,0,0
BOB001,CEACUN,2021,0,0
BOB001,CEACUN,2022,0,0
BOB001,CEAOLI,2021,0,0
BOB001,CEAOLI,2022,0,0
BOB001,CERBET,2021,0,0
BOB001,CERBET,2022,0,0
BOB001,ERICAL,2021,0,0
BOB001,ERICAL,2022,18,2
BOB001,ERINUD,2021,0,0
BOB001,ERINUD,2022,0,0
BOB001,HEAR,2021,0,0
BOB001,HEAR,2022,0,0
BOB001,HOLDIS,2021,0,0
BOB001,HOLDIS,2022,0,0
BOB001,LEPCAL,2021,0,0
BOB001,LEPCAL,2022,0,0
BOB001,MIMAUR,2021,0,0
BOB001,MIMAUR,2022,0,0
BOB001,QUEBER,2021,0,0
BOB001,QUEBER,2022,0,0
BOB001,RHAILI,2021,0,0
BOB001,RHAILI,2022,0,0
BOB001,RIBMAL,2021,0,0
BOB001,RIBMAL,2022,0,0
BOB001,SYMALB,2021,0,0
BOB001,SYMALB,2022,0,0
BOB001,SYMMOL,2021,0,0
BOB001,SYMMOL,2022,0,0
BOB001,TOXDIV,2021,0,0
BOB001,TOXDIV,2022,0,0
BOB004,ADFA,2021,4,2
BOB004,ADFA,2022,3,2
BOB004,ARCMAN,2021,0,0
BOB004,ARCMAN,2022,0,0
BOB004,CEACUN,2021,0,0
BOB004,CEACUN,2022,0,0
BOB004,CEAOLI,2021,0,0
BOB004,CEAOLI,2022,0,0
BOB004,CERBET,2021,0,0
BOB004,CERBET,2022,0,0
BOB004,ERICAL,2021,0,0
BOB004,ERICAL,2022,0,0
BOB004,ERINUD,2021,0,0
BOB004,ERINUD,2022,0,0
BOB004,HEAR,2021,0,0
BOB004,HEAR,2022,0,0
BOB004,HOLDIS,2021,0,0
BOB004,HOLDIS,2022,0,0
BOB004,LEPCAL,2021,0,0
BOB004,LEPCAL,2022,0,0
BOB004,MIMAUR,2021,0,0
BOB004,MIMAUR,2022,0,0
BOB004,QUEBER,2021,0,0
BOB004,QUEBER,2022,0,0
BOB004,RHAILI,2021,0,0
BOB004,RHAILI,2022,0,0
BOB004,RIBMAL,2021,0,0
BOB004,RIBMAL,2022,0,0
BOB004,SYMALB,2021,0,0
BOB004,SYMALB,2022,0,0
BOB004,SYMMOL,2021,0,0
BOB004,SYMMOL,2022,0,0
BOB004,TOXDIV,2021,0,0
BOB004,TOXDIV,2022,0,0
BOB005,ADFA,2021,0,0
BOB005,ADFA,2022,0,0
BOB005,ARCMAN,2021,0,0
BOB005,ARCMAN,2022,0,0
BOB005,CEACUN,2021,0,0
BOB005,CEACUN,2022,0,0
BOB005,CEAOLI,2021,0,0
BOB005,CEAOLI,2022,0,0
BOB005,CERBET,2021,0,0
BOB005,CERBET,2022,0,0
BOB005,ERICAL,2021,0,0
BOB005,ERICAL,2022,11,1
BOB005,ERINUD,2021,0,0
BOB005,ERINUD,2022,0,0
BOB005,HEAR,2021,0,0
BOB005,HEAR,2022,0,0
BOB005,HOLDIS,2021,0,0
BOB005,HOLDIS,2022,0,0
BOB005,LEPCAL,2021,0,0
BOB005,LEPCAL,2022,0,0
BOB005,MIMAUR,2021,0,0
BOB005,MIMAUR,2022,0,0
BOB005,QUEBER,2021,0,0
BOB005,QUEBER,2022,0,0
BOB005,RHAILI,2021,0,0
BOB005,RHAILI,2022,0,0
BOB005,RIBMAL,2021,0,0
BOB005,RIBMAL,2022,0,0
BOB005,SYMALB,2021,0,0
BOB005,SYMALB,2022,0,0
BOB005,SYMMOL,2021,0,0
BOB005,SYMMOL,2022,0,0
BOB005,TOXDIV,2021,0,0
BOB005,TOXDIV,2022,0,0
BOB006,ADFA,2021,0,0
BOB006,ADFA,2022,0,0
BOB006,ARCMAN,2021,0,0
BOB006,ARCMAN,2022,0,0
BOB006,CEACUN,2021,0,0
BOB006,CEACUN,2022,0,0
BOB006,CEAOLI,2021,0,0
BOB006,CEAOLI,2022,0,0
BOB006,CERBET,2021,0,0
BOB006,CERBET,2022,0,0
BOB006,ERICAL,2021,0,0
BOB006,ERICAL,2022,21,3
BOB006,ERINUD,2021,0,0
BOB006,ERINUD,2022,0,0
BOB006,HEAR,2021,0,0
BOB006,HEAR,2022,0,0
BOB006,HOLDIS,2021,0,0
BOB006,HOLDIS,2022,0,0
BOB006,LEPCAL,2021,0,0
BOB006,LEPCAL,2022,0,0
BOB006,MIMAUR,2021,0,0
BOB006,MIMAUR,2022,0,0
BOB006,QUEBER,2021,0,0
BOB006,QUEBER,2022,0,0
BOB006,RHAILI,2021,0,0
BOB006,RHAILI,2022,0,0
BOB006,RIBMAL,2021,0,0
BOB006,RIBMAL,2022,0,0
BOB006,SYMALB,2021,0,0
BOB006,SYMALB,2022,0,0
BOB006,SYMMOL,2021,0,0
BOB006,SYMMOL,2022,0,0
BOB006,TOXDIV,2021,0,0
BOB006,TOXDIV,2022,0,0
BOB009,ADFA,2021,0,0
BOB009,ADFA,2022,0,0
BOB009,ARCMAN,2021,0,0
BOB009,ARCMAN,2022,0,0
BOB009,CEACUN,2021,0,0
BOB009,CEACUN,2022,0,0
BOB009,CEAOLI,2021,0,0
BOB009,CEAOLI,2022,0,0
BOB009,CERBET,2021,0,0
BOB009,CERBET,2022,0,0
BOB009,ERICAL,2021,0,0
BOB009,ERICAL,2022,12,2
BOB009,ERINUD,2021,0,0
BOB009,ERINUD,2022,0,0
BOB009,HEAR,2021,0,0
BOB009,HEAR,2022,0,0
BOB009,HOLDIS,2021,0,0
BOB009,HOLDIS,2022,0,0
BOB009,LEPCAL,2021,0,0
BOB009,LEPCAL,2022,0,0
BOB009,MIMAUR,2021,0,0
BOB009,MIMAUR,2022,0,0
BOB009,QUEBER,2021,0,0
BOB009,QUEBER,2022,0,0
BOB009,RHAILI,2021,0,0
BOB009,RHAILI,2022,0,0
BOB009,RIBMAL,2021,0,0
BOB009,RIBMAL,2022,0,0
BOB009,SYMALB,2021,0,0
BOB009,SYMALB,2022,0,0
BOB009,SYMMOL,2021,0,0
BOB009,SYMMOL,2022,0,0
BOB009,TOXDIV,2021,0,0
BOB009,TOXDIV,2022,0,0
BOB010,ADFA,2021,0,0
BOB010,ADFA,2022,0,0
BOB010,ARCMAN,2021,0,0
BOB010,ARCMAN,2022,0,0
BOB010,CEACUN,2021,0,0
BOB010,CEACUN,2022,0,0
BOB010,CEAOLI,2021,0,0
BOB010,CEAOLI,2022,0,0
BOB010,CERBET,2021,0,0
BOB010,CERBET,2022,0,0
BOB010,ERICAL,2021,0,0
BOB010,ERICAL,2022,2,1
BOB010,ERINUD,2021,0,0
BOB010,ERINUD,2022,0,0
BOB010,HEAR,2021,0,0
BOB010,HEAR,2022,0,0
BOB010,HOLDIS,2021,0,0
BOB010,HOLDIS,2022,0,0
BOB010,LEPCAL,2021,0,0
BOB010,LEPCAL,2022,0,0
BOB010,MIMAUR,2021,0,0
BOB010,MIMAUR,2022,0,0
BOB010,QUEBER,2021,0,0
BOB010,QUEBER,2022,0,0
BOB010,RHAILI,2021,0,0
BOB010,RHAILI,2022,0,0
BOB010,RIBMAL,2021,0,0
BOB010,RIBMAL,2022,0,0
BOB010,SYMALB,2021,0,0
BOB010,SYMALB,2022,0,0
BOB010,SYMMOL,2021,0,0
BOB010,SYMMOL,2022,0,0
BOB010,TOXDIV,2021,0,0
BOB010,TOXDIV,2022,0,0
BOB011,ADFA,2021,0,0
BOB011,ADFA,2022,0,0
BOB011,ARCMAN,2021,0,0
BOB011,ARCMAN,2022,0,0
BOB011,CEACUN,2021,0,0
BOB011,CEACUN,2022,0,0
BOB011,CEAOLI,2021,0,0
BOB011,CEAOLI,2022,0,0
BOB011,CERBET,2021,0,0
BOB011,CERBET,2022,0,0
BOB011,ERICAL,2021,0,0
BOB011,ERICAL,2022,0,0
BOB011,ERINUD,2021,0,0
BOB011,ERINUD,2022,0,0
BOB011,HEAR,2021,0,0
BOB011,HEAR,2022,0,0
BOB011,HOLDIS,2021,0,0
BOB011,HOLDIS,2022,0,0
BOB011,LEPCAL,2021,0,0
BOB011,LEPCAL,2022,0,0
BOB011,MIMAUR,2021,0,0
BOB011,MIMAUR,2022,0,0
BOB011,QUEBER,2021,0,0
BOB011,QUEBER,2022,0,0
BOB011,RHAILI,2021,0,0
BOB011,RHAILI,2022,0,0
BOB011,RIBMAL,2021,0,0
BOB011,RIBMAL,2022,0,0
BOB011,SYMALB,2021,0,0
BOB011,SYMALB,2022,0,0
BOB011,SYMMOL,2021,0,0
BOB011,SYMMOL,2022,0,0
BOB011,TOXDIV,2021,0,0
BOB011,TOXDIV,2022,0,0
BOB016,ADFA,2021,0,0
BOB016,ADFA,2022,0,0
BOB016,ARCMAN,2021,0,0
BOB016,ARCMAN,2022,0,0
BOB016,CEACUN,2021,0,0
BOB016,CEACUN,2022,0,0
BOB016,CEAOLI,2021,0,0
BOB016,CEAOLI,2022,0,0
BOB016,CERBET,2021,0,0
BOB016,CERBET,2022,0,0
BOB016,ERICAL,2021,1,1
BOB016,ERICAL,2022,2,2
BOB016,ERINUD,2021,0,0
BOB016,ERINUD,2022,0,0
BOB016,HEAR,2021,0,0
BOB016,HEAR,2022,0,0
BOB016,HOLDIS,2021,0,0
BOB016,HOLDIS,2022,0,0
BOB016,LEPCAL,2021,0,0
BOB016,LEPCAL,2022,0,0
BOB016,MIMAUR,2021,0,0
BOB016,MIMAUR,2022,0,0
BOB016,QUEBER,2021,0,0
BOB016,QUEBER,2022,0,0
BOB016,RHAILI,2021,0,0
BOB016,RHAILI,2022,0,0
BOB016,RIBMAL,2021,0,0
BOB016,RIBMAL,2022,0,0
BOB016,SYMALB,2021,0,0
BOB016,SYMALB,2022,0,0
BOB016,SYMMOL,2021,0,0
BOB016,SYMMOL,2022,0,0
BOB016,TOXDIV,2021,0,0
BOB016,TOXDIV,2022,0,0
COL013,ADFA,2021,0,0
COL013,ADFA,2022,0,0
COL013,ARCMAN,2021,0,0
COL013,ARCMAN,2022,0,0
COL013,CEACUN,2021,0,0
COL013,CEACUN,2022,0,0
COL013,CEAOLI,2021,0,0
COL013,CEAOLI,2022,0,0
COL013,CERBET,2021,0,0
COL013,CERBET,2022,0,0
COL013,ERICAL,2021,4,1
COL013,ERICAL,2022,6,2
COL013,ERINUD,2021,0,0
COL013,ERINUD,2022,0,0
COL013,HEAR,2021,0,0
COL013,HEAR,2022,0,0
COL013,HOLDIS,2021,0,0
COL013,HOLDIS,2022,0,0
COL013,LEPCAL,2021,0,0
COL013,LEPCAL,2022,0,0
COL013,MIMAUR,2021,0,0
COL013,MIMAUR,2022,0,0
COL013,QUEBER,2021,0,0
COL013,QUEBER,2022,0,0
COL013,RHAILI,2021,0,0
COL013,RHAILI,2022,0,0
COL013,RIBMAL,2021,0,0
COL013,RIBMAL,2022,0,0
COL013,SYMALB,2021,0,0
COL013,SYMALB,2022,0,0
COL013,SYMMOL,2021,0,0
COL013,SYMMOL,2022,0,0
COL013,TOXDIV,2021,0,0
COL013,TOXDIV,2022,0,0
QUA002,ADFA,2021,0,0
QUA002,ADFA,2022,0,0
QUA002,ARCMAN,2021,0,0
QUA002,ARCMAN,2022,0,0
QUA002,CEACUN,2021,0,0
QUA002,CEACUN,2022,0,0
QUA002,CEAOLI,2021,0,0
QUA002,CEAOLI,2022,0,0
QUA002,CERBET,2021,0,0
QUA002,CERBET,2022,0,0
QUA002,ERICAL,2021,5,3
QUA002,ERICAL,2022,4,3
QUA002,ERINUD,2021,0,0
QUA002,ERINUD,2022,0,0
QUA002,HEAR,2021,0,0
QUA002,HEAR,2022,0,0
QUA002,HOLDIS,2021,0,0
QUA002,HOLDIS,2022,0,0
QUA002,LEPCAL,2021,0,0
QUA002,LEPCAL,2022,7,1
QUA002,MIMAUR,2021,0,0
QUA002,MIMAUR,2022,0,0
QUA002,QUEBER,2021,0,0
QUA002,QUEBER,2022,0,0
QUA002,RHAILI,2021,0,0
QUA002,RHAILI,2022,0,0
QUA002,RIBMAL,2021,0,0
QUA002,RIBMAL,2022,0,0
QUA002,SYMALB,2021,0,0
QUA002,SYMALB,2022,0,0
QUA002,SYMMOL,2021,0,0
QUA002,SYMMOL,2022,0,0
QUA002,TOXDIV,2021,0,0
QUA002,TOXDIV,2022,0,0
QUA003,ADFA,2021,2,2
QUA003,ADFA,2022,0,0
QUA003,ARCMAN,2021,0,0
QUA003,ARCMAN,2022,0,0
QUA003,CEACUN,2021,0,0
QUA003,CEACUN,2022,0,0
QUA003,CEAOLI,2021,0,0
QUA003,CEAOLI,2022,0,0
QUA003,CERBET,2021,0,0
QUA003,CERBET,2022,0,0
QUA003,ERICAL,2021,0,0
QUA003,ERICAL,2022,0,0
QUA003,ERINUD,2021,0,0
QUA003,ERINUD,2022,0,0
QUA003,HEAR,2021,0,0
QUA003,HEAR,2022,0,0
QUA003,HOLDIS,2021,0,0
QUA003,HOLDIS,2022,0,0
QUA003,LEPCAL,2021,0,0
QUA003,LEPCAL,2022,0,0
QUA003,MIMAUR,2021,0,0
QUA003,MIMAUR,2022,0,0
QUA003,QUEBER,2021,0,0
QUA003,QUEBER,2022,0,0
QUA003,RHAILI,2021,0,0
QUA003,RHAILI,2022,0,0
QUA003,RIBMAL,2021,0,0
QUA003,RIBMAL,2022,0,0
QUA003,SYMALB,2021,0,0
QUA003,SYMALB,2022,0,0
QUA003,SYMMOL,2021,0,0
QUA003,SYMMOL,2022,0,0
QUA003,TOXDIV,2021,0,0
QUA003,TOXDIV,2022,0,0
QUA005,ADFA,2021,8,1
QUA005,ADFA,2022,0,0
QUA005,ARCMAN,2021,0,0
QUA005,ARCMAN,2022,0,0
QUA005,CEACUN,2021,0,0
QUA005,CEACUN,2022,0,0
QUA005,CEAOLI,2021,0,0
QUA005,CEAOLI,2022,0,0
QUA005,CERBET,2021,0,0
QUA005,CERBET,2022,0,0
QUA005,ERICAL,2021,4,1
QUA005,ERICAL,2022,7,1
QUA005,ERINUD,2021,0,0
QUA005,ERINUD,2022,0,0
QUA005,HEAR,2021,0,0
QUA005,HEAR,2022,0,0
QUA005,HOLDIS,2021,0,0
QUA005,HOLDIS,2022,0,0
QUA005,LEPCAL,2021,0,0
QUA005,LEPCAL,2022,0,0
QUA005,MIMAUR,2021,0,0
QUA005,MIMAUR,2022,0,0
QUA005,QUEBER,2021,0,0
QUA005,QUEBER,2022,0,0
QUA005,RHAILI,2021,0,0
QUA005,RHAILI,2022,0,0
QUA005,RIBMAL,2021,0,0
QUA005,RIBMAL,2022,0,0
QUA005,SYMALB,2021,0,0
QUA005,SYMALB,2022,0,0
QUA005,SYMMOL,2021,0,0
QUA005,SYMMOL,2022,0,0
QUA005,TOXDIV,2021,0,0
QUA005,TOXDIV,2022,0,0
QUA006,ADFA,2021,6,1
QUA006,ADFA,2022,1,1
QUA006,ARCMAN,2021,0,0
QUA006,ARCMAN,2022,0,0
QUA006,CEACUN,2021,0,0
QUA006,CEACUN,2022,0,0
QUA006,CEAOLI,2021,0,0
QUA006,CEAOLI,2022,0,0
QUA006,CERBET,2021,0,0
QUA006,CERBET,2022,0,0
QUA006,ERICAL,2021,0,0
QUA006,ERICAL,2022,0,0
QUA006,ERINUD,2021,0,0
QUA006,ERINUD,2022,0,0
QUA006,HEAR,2021,0,0
QUA006,HEAR,2022,0,0
QUA006,HOLDIS,2021,0,0
QUA006,HOLDIS,2022,0,0
QUA006,LEPCAL,2021,0,0
QUA006,LEPCAL,2022,6,1
QUA006,MIMAUR,2021,0,0
QUA006,MIMAUR,2022,0,0
QUA006,QUEBER,2021,0,0
QUA006,QUEBER,2022,0,0
QUA006,RHAILI,2021,0,0
QUA006,RHAILI,2022,0,0
QUA006,RIBMAL,2021,0,0
QUA006,RIBMAL,2022,0,0
QUA006,SYMALB,2021,0,0
QUA006,SYMALB,2022,0,0
QUA006,SYMMOL,2021,0,0
QUA006,SYMMOL,2022,0,0
QUA006,TOXDIV,2021,0,0
QUA006,TOXDIV,2022,0,0
QUA008,ADFA,2021,5,2
QUA008,ADFA,2022,10,1
QUA008,ARCMAN,2021,0,0
QUA008,ARCMAN,2022,0,0
QUA008,CEACUN,2021,0,0
QUA008,CEACUN,2022,0,0
QUA008,CEAOLI,2021,0,0
QUA008,CEAOLI,2022,0,0
QUA008,CERBET,2021,0,0
QUA008,CERBET,2022,0,0
QUA008,ERICAL,2021,0,0
QUA008,ERICAL,2022,0,0
QUA008,ERINUD,2021,0,0
QUA008,ERINUD,2022,0,0
QUA008,HEAR,2021,0,0
QUA008,HEAR,2022,0,0
QUA008,HOLDIS,2021,0,0
QUA008,HOLDIS,2022,0,0
QUA008,LEPCAL,2021,0,0
QUA008,LEPCAL,2022,0,0
QUA008,MIMAUR,2021,0,0
QUA008,MIMAUR,2022,0,0
QUA008,QUEBER,2021,0,0
QUA008,QUEBER,2022,0,0
QUA008,RHAILI,2021,0,0
QUA008,RHAILI,2022,0,0
QUA008,RIBMAL,2021,0,0
QUA008,RIBMAL,2022,0,0
QUA008,SYMALB,2021,0,0
QUA008,SYMALB,2022,0,0
QUA008,SYMMOL,2021,0,0
QUA008,SYMMOL,2022,0,0
QUA008,TOXDIV,2021,0,0
QUA008,TOXDIV,2022,0,0
BOB002,ADFA,2021,0,0
BOB002,ADFA,2022,0,0
BOB002,ARCMAN,2021,0,0
BOB002,ARCMAN,2022,0,0
BOB002,CEACUN,2021,0,0
BOB002,CEACUN,2022,0,0
BOB002,CEAOLI,2021,0,0
BOB002,CEAOLI,2022,0,0
BOB002,CERBET,2021,0,0
BOB002,CERBET,2022,0,0
BOB002,ERICAL,2021,0,0
BOB002,ERICAL,2022,0,0
BOB002,ERINUD,2021,0,0
BOB002,ERINUD,2022,0,0
BOB002,HEAR,2021,0,0
BOB002,HEAR,2022,0,0
BOB002,HOLDIS,2021,0,0
BOB002,HOLDIS,2022,0,0
BOB002,LEPCAL,2021,0,0
BOB002,LEPCAL,2022,0,0
BOB002,MIMAUR,2021,0,0
BOB002,MIMAUR,2022,0,0
BOB002,QUEBER,2021,0,0
BOB002,QUEBER,2022,0,0
BOB002,RHAILI,2021,0,0
BOB002,RHAILI,2022,0,0
BOB002,RIBMAL,2021,0,0
BOB002,RIBMAL,2022,0,0
BOB002,SYMALB,2021,0,0
BOB002,SYMALB,2022,0,0
BOB002,SYMMOL,2021,0,0
BOB002,SYMMOL,2022,0,0
BOB002,TOXDIV,2021,0,0
BOB002,TOXDIV,2022,0,0
BOB003,ADFA,2021,0,0
BOB003,ADFA,2022,0,0
BOB003,ARCMAN,2021,0,0
BOB003,ARCMAN,2022,0,0
BOB003,CEACUN,2021,0,0
BOB003,CEACUN,2022,0,0
BOB003,CEAOLI,2021,0,0
BOB003,CEAOLI,2022,0,0
BOB003,CERBET,2021,0,0
BOB003,CERBET,2022,0,0
BOB003,ERICAL,2021,0,0
BOB003,ERICAL,2022,0,0
BOB003,ERINUD,2021,0,0
BOB003,ERINUD,2022,0,0
BOB003,HEAR,2021,0,0
BOB003,HEAR,2022,0,0
BOB003,HOLDIS,2021,0,0
BOB003,HOLDIS,2022,0,0
BOB003,LEPCAL,2021,0,0
BOB003,LEPCAL,2022,0,0
BOB003,MIMAUR,2021,0,0
BOB003,MIMAUR,2022,0,0
BOB003,QUEBER,2021,0,0
BOB003,QUEBER,2022,0,0
BOB003,RHAILI,2021,0,0
BOB003,RHAILI,2022,0,0
BOB003,RIBMAL,2021,0,0
BOB003,RIBMAL,2022,0,0
BOB003,SYMALB,2021,0,0
BOB003,SYMALB,2022,0,0
BOB003,SYMMOL,2021,0,0
BOB003,SYMMOL,2022,0,0
BOB003,TOXDIV,2021,0,0
BOB003,TOXDIV,2022,0,0
BOB014,ADFA,2021,0,0
BOB014,ADFA,2022,0,0
BOB014,ARCMAN,2021,0,0
BOB014,ARCMAN,2022,0,0
BOB014,CEACUN,2021,6,1
BOB014,CEACUN,2022,0,0
BOB014,CEAOLI,2021,0,0
BOB014,CEAOLI,2022,0,0
BOB014,CERBET,2021,0,0
BOB014,CERBET,2022,0,0
BOB014,ERICAL,2021,4,1
BOB014,ERICAL,2022,1,1
BOB014,ERINUD,2021,0,0
BOB014,ERINUD,2022,0,0
BOB014,HEAR,2021,0,0
BOB014,HEAR,2022,0,0
BOB014,HOLDIS,2021,0,0
BOB014,HOLDIS,2022,0,0
BOB014,LEPCAL,2021,3,1
BOB014,LEPCAL,2022,1,1
BOB014,MIMAUR,2021,0,0
BOB014,MIMAUR,2022,0,0
BOB014,QUEBER,2021,0,0
BOB014,QUEBER,2022,0,0
BOB014,RHAILI,2021,0,0
BOB014,RHAILI,2022,0,0
BOB014,RIBMAL,2021,0,0
BOB014,RIBMAL,2022,0,0
BOB014,SYMALB,2021,0,0
BOB014,SYMALB,2022,0,0
BOB014,SYMMOL,2021,0,0
BOB014,SYMMOL,2022,0,0
BOB014,TOXDIV,2021,0,0
BOB014,TOXDIV,2022,0,0
BOB017,ADFA,2021,0,0
BOB017,ADFA,2022,0,0
BOB017,ARCMAN,2021,0,0
BOB017,ARCMAN,2022,0,0
BOB017,CEACUN,2021,0,0
BOB017,CEACUN,2022,0,0
BOB017,CEAOLI,2021,0,0
BOB017,CEAOLI,2022,0,0
BOB017,CERBET,2021,0,0
BOB017,CERBET,2022,0,0
BOB017,ERICAL,2021,1,1
BOB017,ERICAL,2022,93,5
BOB017,ERINUD,2021,0,0
BOB017,ERINUD,2022,0,0
BOB017,HEAR,2021,0,0
BOB017,HEAR,2022,0,0
BOB017,HOLDIS,2021,0,0
BOB017,HOLDIS,2022,0,0
BOB017,LEPCAL,2021,0,0
BOB017,LEPCAL,2022,0,0
BOB017,MIMAUR,2021,0,0
BOB017,MIMAUR,2022,0,0
BOB017,QUEBER,2021,0,0
BOB017,QUEBER,2022,0,0
BOB017,RHAILI,2021,0,0
BOB017,RHAILI,2022,0,0
BOB017,RIBMAL,2021,0,0
BOB017,RIBMAL,2022,0,0
BOB017,SYMALB,2021,0,0
BOB017,SYMALB,2022,0,0
BOB017,SYMMOL,2021,0,0
BOB017,SYMMOL,2022,0,0
BOB017,TOXDIV,2021,0,0
BOB017,TOXDIV,2022,0,0
BOB018,ADFA,2021,0,0
BOB018,ADFA,2022,1,1
BOB018,ARCMAN,2021,0,0
BOB018,ARCMAN,2022,0,0
BOB018,CEACUN,2021,0,0
BOB018,CEACUN,2022,0,0
BOB018,CEAOLI,2021,0,0
BOB018,CEAOLI,2022,0,0
BOB018,CERBET,2021,0,0
BOB018,CERBET,2022,0,0
BOB018,ERICAL,2021,0,0
BOB018,ERICAL,2022,37,4
BOB018,ERINUD,2021,0,0
BOB018,ERINUD,2022,0,0
BOB018,HEAR,2021,0,0
BOB018,HEAR,2022,0,0
BOB018,HOLDIS,2021,0,0
BOB018,HOLDIS,2022,0,0
BOB018,LEPCAL,2021,0,0
BOB018,LEPCAL,2022,0,0
BOB018,MIMAUR,2021,0,0
BOB018,MIMAUR,2022,0,0
BOB018,QUEBER,2021,0,0
BOB018,QUEBER,2022,0,0
BOB018,RHAILI,2021,0,0
BOB018,RHAILI,2022,0,0
BOB018,RIBMAL,2021,0,0
BOB018,RIBMAL,2022,0,0
BOB018,SYMALB,2021,0,0
BOB018,SYMALB,2022,0,0
BOB018,SYMMOL,2021,0,0
BOB018,SYMMOL,2022,0,0
BOB018,TOXDIV,2021,0,0
BOB018,TOXDIV,2022,0,0
CCC001,ADFA,2021,0,0
CCC001,ADFA,2022,0,0
CCC001,ARCMAN,2021,0,0
CCC001,ARCMAN,2022,0,0
CCC001,CEACUN,2021,0,0
CCC001,CEACUN,2022,0,0
CCC001,CEAOLI,2021,25,3
CCC001,CEAOLI,2022,0,0
CCC001,CERBET,2021,0,0
CCC001,CERBET,2022,0,0
CCC001,ERICAL,2021,1,1
CCC001,ERICAL,2022,0,0
CCC001,ERINUD,2021,0,0
CCC001,ERINUD,2022,0,0
CCC001,HEAR,2021,0,0
CCC001,HEAR,2022,0,0
CCC001,HOLDIS,2021,0,0
CCC001,HOLDIS,2022,0,0
CCC001,LEPCAL,2021,0,0
CCC001,LEPCAL,2022,0,0
CCC001,MIMAUR,2021,0,0
CCC001,MIMAUR,2022,0,0
CCC001,QUEBER,2021,0,0
CCC001,QUEBER,2022,0,0
CCC001,RHAILI,2021,0,0
CCC001,RHAILI,2022,0,0
CCC001,RIBMAL,2021,0,0
CCC001,RIBMAL,2022,0,0
CCC001,SYMALB,2021,0,0
CCC001,SYMALB,2022,0,0
CCC001,SYMMOL,2021,0,0
CCC001,SYMMOL,2022,0,0
CCC001,TOXDIV,2021,0,0
CCC001,TOXDIV,2022,0,0
CCC003,ADFA,2021,0,0
CCC003,ADFA,2022,26,3
CCC003,ARCMAN,2021,0,0
CCC003,ARCMAN,2022,0,0
CCC003,CEACUN,2021,16,4
CCC003,CEACUN,2022,25,4
CCC003,CEAOLI,2021,0,0
CCC003,CEAOLI,2022,0,0
CCC003,CERBET,2021,0,0
CCC003,CERBET,2022,0,0
CCC003,ERICAL,2021,1,1
CCC003,ERICAL,2022,23,4
CCC003,ERINUD,2021,0,0
CCC003,ERINUD,2022,0,0
CCC003,HEAR,2021,0,0
CCC003,HEAR,2022,0,0
CCC003,HOLDIS,2021,0,0
CCC003,HOLDIS,2022,0,0
CCC003,LEPCAL,2021,0,0
CCC003,LEPCAL,2022,0,0
CCC003,MIMAUR,2021,0,0
CCC003,MIMAUR,2022,0,0
CCC003,QUEBER,2021,0,0
CCC003,QUEBER,2022,0,0
CCC003,RHAILI,2021,0,0
CCC003,RHAILI,2022,0,0
CCC003,RIBMAL,2021,0,0
CCC003,RIBMAL,2022,0,0
CCC003,SYMALB,2021,0,0
CCC003,SYMALB,2022,0,0
CCC003,SYMMOL,2021,0,0
CCC003,SYMMOL,2022,0,0
CCC003,TOXDIV,2021,0,0
CCC003,TOXDIV,2022,0,0
CCC005,ADFA,2021,2,1
CCC005,ADFA,2022,19,3
CCC005,ARCMAN,2021,0,0
CCC005,ARCMAN,2022,0,0
CCC005,CEACUN,2021,0,0
CCC005,CEACUN,2022,2,1
CCC005,CEAOLI,2021,0,0
CCC005,CEAOLI,2022,0,0
CCC005,CERBET,2021,0,0
CCC005,CERBET,2022,0,0
CCC005,ERICAL,2021,3,3
CCC005,ERICAL,2022,2,2
CCC005,ERINUD,2021,0,0
CCC005,ERINUD,2022,0,0
CCC005,HEAR,2021,0,0
CCC005,HEAR,2022,0,0
CCC005,HOLDIS,2021,0,0
CCC005,HOLDIS,2022,0,0
CCC005,LEPCAL,2021,1,1
CCC005,LEPCAL,2022,3,1
CCC005,MIMAUR,2021,0,0
CCC005,MIMAUR,2022,0,0
CCC005,QUEBER,2021,0,0
CCC005,QUEBER,2022,0,0
CCC005,RHAILI,2021,0,0
CCC005,RHAILI,2022,0,0
CCC005,RIBMAL,2021,0,0
CCC005,RIBMAL,2022,0,0
CCC005,SYMALB,2021,0,0
CCC005,SYMALB,2022,0,0
CCC005,SYMMOL,2021,0,0
CCC005,SYMMOL,2022,0,0
CCC005,TOXDIV,2021,0,0
CCC005,TOXDIV,2022,0,0
CCC006,ADFA,2021,0,0
CCC006,ADFA,2022,0,0
CCC006,ARCMAN,2021,0,0
CCC006,ARCMAN,2022,0,0
CCC006,CEACUN,2021,6,3
CCC006,CEACUN,2022,3,1
CCC006,CEAOLI,2021,0,0
CCC006,CEAOLI,2022,0,0
CCC006,CERBET,2021,0,0
CCC006,CERBET,2022,0,0
CCC006,ERICAL,2021,0,0
CCC006,ERICAL,2022,1,1
CCC006,ERINUD,2021,0,0
CCC006,ERINUD,2022,0,0
CCC006,HEAR,2021,0,0
CCC006,HEAR,2022,0,0
CCC006,HOLDIS,2021,0,0
CCC006,HOLDIS,2022,0,0
CCC006,LEPCAL,2021,0,0
CCC006,LEPCAL,2022,0,0
CCC006,MIMAUR,2021,0,0
CCC006,MIMAUR,2022,0,0
CCC006,QUEBER,2021,0,0
CCC006,QUEBER,2022,0,0
CCC006,RHAILI,2021,0,0
CCC006,RHAILI,2022,0,0
CCC006,RIBMAL,2021,0,0
CCC006,RIBMAL,2022,0,0
CCC006,SYMALB,2021,0,0
CCC006,SYMALB,2022,0,0
CCC006,SYMMOL,2021,0,0
CCC006,SYMMOL,2022,0,0
CCC006,TOXDIV,2021,0,0
CCC006,TOXDIV,2022,0,0
CCC008,ADFA,2021,1,1
CCC008,ADFA,2022,3,1
CCC008,ARCMAN,2021,0,0
CCC008,ARCMAN,2022,0,0
CCC008,CEACUN,2021,0,0
CCC008,CEACUN,2022,0,0
CCC008,CEAOLI,2021,0,0
CCC008,CEAOLI,2022,0,0
CCC008,CERBET,2021,0,0
CCC008,CERBET,2022,0,0
CCC008,ERICAL,2021,0,0
CCC008,ERICAL,2022,2,1
CCC008,ERINUD,2021,0,0
CCC008,ERINUD,2022,0,0
CCC008,HEAR,2021,0,0
CCC008,HEAR,2022,0,0
CCC008,HOLDIS,2021,0,0
CCC008,HOLDIS,2022,0,0
CCC008,LEPCAL,2021,0,0
CCC008,LEPCAL,2022,0,0
CCC008,MIMAUR,2021,0,0
CCC008,MIMAUR,2022,0,0
CCC008,QUEBER,2021,0,0
CCC008,QUEBER,2022,0,0
CCC008,RHAILI,2021,0,0
CCC008,RHAILI,2022,0,0
CCC008,RIBMAL,2021,0,0
CCC008,RIBMAL,2022,0,0
CCC008,SYMALB,2021,0,0
CCC008,SYMALB,2022,0,0
CCC008,SYMMOL,2021,0,0
CCC008,SYMMOL,2022,0,0
CCC008,TOXDIV,2021,0,0
CCC008,TOXDIV,2022,0,0
CCC009,ADFA,2021,0,0
CCC009,ADFA,2022,0,0
CCC009,ARCMAN,2021,0,0
CCC009,ARCMAN,2022,0,0
CCC009,CEACUN,2021,0,0
CCC009,CEACUN,2022,0,0
CCC009,CEAOLI,2021,0,0
CCC009,CEAOLI,2022,0,0
CCC009,CERBET,2021,0,0
CCC009,CERBET,2022,0,0
CCC009,ERICAL,2021,0,0
CCC009,ERICAL,2022,2,1
CCC009,ERINUD,2021,0,0
CCC009,ERINUD,2022,0,0
CCC009,HEAR,2021,0,0
CCC009,HEAR,2022,0,0
CCC009,HOLDIS,2021,0,0
CCC009,HOLDIS,2022,0,0
CCC009,LEPCAL,2021,0,0
CCC009,LEPCAL,2022,0,0
CCC009,MIMAUR,2021,0,0
CCC009,MIMAUR,2022,0,0
CCC009,QUEBER,2021,0,0
CCC009,QUEBER,2022,0,0
CCC009,RHAILI,2021,0,0
CCC009,RHAILI,2022,0,0
CCC009,RIBMAL,2021,0,0
CCC009,RIBMAL,2022,0,0
CCC009,SYMALB,2021,0,0
CCC009,SYMALB,2022,0,0
CCC009,SYMMOL,2021,0,0
CCC009,SYMMOL,2022,0,0
CCC009,TOXDIV,2021,0,0
CCC009,TOXDIV,2022,0,0
COL007,ADFA,2021,0,0
COL007,ADFA,2022,0,0
COL007,ARCMAN,2021,0,0
COL007,ARCMAN,2022,0,0
COL007,CEACUN,2021,0,0
COL007,CEACUN,2022,0,0
COL007,CEAOLI,2021,0,0
COL007,CEAOLI,2022,0,0
COL007,CERBET,2021,0,0
COL007,CERBET,2022,0,0
COL007,ERICAL,2021,0,0
COL007,ERICAL,2022,2,1
COL007,ERINUD,2021,0,0
COL007,ERINUD,2022,0,0
COL007,HEAR,2021,0,0
COL007,HEAR,2022,0,0
COL007,HOLDIS,2021,0,0
COL007,HOLDIS,2022,0,0
COL007,LEPCAL,2021,0,0
COL007,LEPCAL,2022,1,1
COL007,MIMAUR,2021,0,0
COL007,MIMAUR,2022,0,0
COL007,QUEBER,2021,0,0
COL007,QUEBER,2022,0,0
COL007,RHAILI,2021,0,0
COL007,RHAILI,2022,0,0
COL007,RIBMAL,2021,0,0
COL007,RIBMAL,2022,0,0
COL007,SYMALB,2021,0,0
COL007,SYMALB,2022,0,0
COL007,SYMMOL,2021,0,0
COL007,SYMMOL,2022,0,0
COL007,TOXDIV,2021,0,0
COL007,TOXDIV,2022,0,0
COL012,ADFA,2021,0,0
COL012,ADFA,2022,0,0
COL012,ARCMAN,2021,0,0
COL012,ARCMAN,2022,0,0
COL012,CEACUN,2021,0,0
COL012,CEACUN,2022,0,0
COL012,CEAOLI,2021,0,0
COL012,CEAOLI,2022,0,0
COL012,CERBET,2021,0,0
COL012,CERBET,2022,0,0
COL012,ERICAL,2021,8,2
COL012,ERICAL,2022,8,1
COL012,ERINUD,2021,0,0
COL012,ERINUD,2022,0,0
COL012,HEAR,2021,0,0
COL012,HEAR,2022,0,0
COL012,HOLDIS,2021,0,0
COL012,HOLDIS,2022,0,0
COL012,LEPCAL,2021,0,0
COL012,LEPCAL,2022,0,0
COL012,MIMAUR,2021,0,0
COL012,MIMAUR,2022,0,0
COL012,QUEBER,2021,0,0
COL012,QUEBER,2022,0,0
COL012,RHAILI,2021,0,0
COL012,RHAILI,2022,0,0
COL012,RIBMAL,2021,0,0
COL012,RIBMAL,2022,0,0
COL012,SYMALB,2021,0,0
COL012,SYMALB,2022,0,0
COL012,SYMMOL,2021,0,0
COL012,SYMMOL,2022,0,0
COL012,TOXDIV,2021,0,0
COL012,TOXDIV,2022,0,0
QUA004,ADFA,2021,0,0
QUA004,ADFA,2022,2,2
QUA004,ARCMAN,2021,0,0
QUA004,ARCMAN,2022,0,0
QUA004,CEACUN,2021,1,1
QUA004,CEACUN,2022,1,1
QUA004,CEAOLI,2021,0,0
QUA004,CEAOLI,2022,0,0
QUA004,CERBET,2021,0,0
QUA004,CERBET,2022,0,0
QUA004,ERICAL,2021,0,0
QUA004,ERICAL,2022,0,0
QUA004,ERINUD,2021,0,0
QUA004,ERINUD,2022,0,0
QUA004,HEAR,2021,0,0
QUA004,HEAR,2022,0,0
QUA004,HOLDIS,2021,0,0
QUA004,HOLDIS,2022,0,0
QUA004,LEPCAL,2021,0,0
QUA004,LEPCAL,2022,0,0
QUA004,MIMAUR,2021,0,0
QUA004,MIMAUR,2022,0,0
QUA004,QUEBER,2021,0,0
QUA004,QUEBER,2022,0,0
QUA004,RHAILI,2021,0,0
QUA004,RHAILI,2022,0,0
QUA004,RIBMAL,2021,0,0
QUA004,RIBMAL,2022,0,0
QUA004,SYMALB,2021,0,0
QUA004,SYMALB,2022,0,0
QUA004,SYMMOL,2021,0,0
QUA004,SYMMOL,2022,0,0
QUA004,TOXDIV,2021,0,0
QUA004,TOXDIV,2022,0,0
QUA009,ADFA,2021,7,2
QUA009,ADFA,2022,18,4
QUA009,ARCMAN,2021,0,0
QUA009,ARCMAN,2022,0,0
QUA009,CEACUN,2021,0,0
QUA009,CEACUN,2022,0,0
QUA009,CEAOLI,2021,0,0
QUA009,CEAOLI,2022,0,0
QUA009,CERBET,2021,0,0
QUA009,CERBET,2022,0,0
QUA009,ERICAL,2021,0,0
QUA009,ERICAL,2022,0,0
QUA009,ERINUD,2021,0,0
QUA009,ERINUD,2022,0,0
QUA009,HEAR,2021,0,0
QUA009,HEAR,2022,0,0
QUA009,HOLDIS,2021,0,0
QUA009,HOLDIS,2022,0,0
QUA009,LEPCAL,2021,0,0
QUA009,LEPCAL,2022,0,0
QUA009,MIMAUR,2021,0,0
QUA009,MIMAUR,2022,0,0
QUA009,QUEBER,2021,0,0
QUA009,QUEBER,2022,0,0
QUA009,RHAILI,2021,0,0
QUA009,RHAILI,2022,0,0
QUA009,RIBMAL,2021,0,0
QUA009,RIBMAL,2022,0,0
QUA009,SYMALB,2021,0,0
QUA009,SYMALB,2022,0,0
QUA009,SYMMOL,2021,0,0
QUA009,SYMMOL,2022,0,0
QUA009,TOXDIV,2021,0,0
QUA009,TOXDIV,2022,0,0
QUA010,ADFA,2021,18,3
QUA010,ADFA,2022,2,1
QUA010,ARCMAN,2021,0,0
QUA010,ARCMAN,2022,0,0
QUA010,CEACUN,2021,0,0
QUA010,CEACUN,2022,0,0
QUA010,CEAOLI,2021,0,0
QUA010,CEAOLI,2022,0,0
QUA010,CERBET,2021,0,0
QUA010,CERBET,2022,0,0
QUA010,ERICAL,2021,0,0
QUA010,ERICAL,2022,0,0
QUA010,ERINUD,2021,0,0
QUA010,ERINUD,2022,0,0
QUA010,HEAR,2021,0,0
QUA010,HEAR,2022,0,0
QUA010,HOLDIS,2021,0,0
QUA010,HOLDIS,2022,0,0
QUA010,LEPCAL,2021,0,0
QUA010,LEPCAL,2022,0,0
QUA010,MIMAUR,2021,0,0
QUA010,MIMAUR,2022,0,0
QUA010,QUEBER,2021,0,0
QUA010,QUEBER,2022,0,0
QUA010,RHAILI,2021,0,0
QUA010,RHAILI,2022,0,0
QUA010,RIBMAL,2021,0,0
QUA010,RIBMAL,2022,0,0
QUA010,SYMALB,2021,0,0
QUA010,SYMALB,2022,0,0
QUA010,SYMMOL,2021,0,0
QUA010,SYMMOL,2022,0,0
QUA010,TOXDIV,2021,0,0
QUA010,TOXDIV,2022,0,0
QUA011,ADFA,2021,4,1
QUA011,ADFA,2022,30,1
QUA011,ARCMAN,2021,0,0
QUA011,ARCMAN,2022,0,0
QUA011,CEACUN,2021,0,0
QUA011,CEACUN,2022,0,0
QUA011,CEAOLI,2021,0,0
QUA011,CEAOLI,2022,0,0
QUA011,CERBET,2021,0,0
QUA011,CERBET,2022,0,0
QUA011,ERICAL,2021,0,0
QUA011,ERICAL,2022,0,0
QUA011,ERINUD,2021,0,0
QUA011,ERINUD,2022,0,0
QUA011,HEAR,2021,0,0
QUA011,HEAR,2022,0,0
QUA011,HOLDIS,2021,0,0
QUA011,HOLDIS,2022,0,0
QUA011,LEPCAL,2021,0,0
QUA011,LEPCAL,2022,0,0
QUA011,MIMAUR,2021,0,0
QUA011,MIMAUR,2022,0,0
QUA011,QUEBER,2021,0,0
QUA011,QUEBER,2022,0,0
QUA011,RHAILI,2021,0,0
QUA011,RHAILI,2022,0,0
QUA011,RIBMAL,2021,0,0
QUA011,RIBMAL,2022,0,0
QUA011,SYMALB,2021,0,0
QUA011,SYMALB,2022,0,0
QUA011,SYMMOL,2021,0,0
QUA011,SYMMOL,2022,0,0
QUA011,TOXDIV,2021,0,0
QUA011,TOXDIV,2022,0,0
QUA015,ADFA,2021,17,2
QUA015,ADFA,2022,6,3
QUA015,ARCMAN,2021,0,0
QUA015,ARCMAN,2022,0,0
QUA015,CEACUN,2021,1,1
QUA015,CEACUN,2022,4,1
QUA015,CEAOLI,2021,0,0
QUA015,CEAOLI,2022,0,0
QUA015,CERBET,2021,1,1
QUA015,CERBET,2022,0,0
QUA015,ERICAL,2021,0,0
QUA015,ERICAL,2022,5,2
QUA015,ERINUD,2021,0,0
QUA015,ERINUD,2022,0,0
QUA015,HEAR,2021,0,0
QUA015,HEAR,2022,0,0
QUA015,HOLDIS,2021,0,0
QUA015,HOLDIS,2022,0,0
QUA015,LEPCAL,2021,0,0
QUA015,LEPCAL,2022,0,0
QUA015,MIMAUR,2021,0,0
QUA015,MIMAUR,2022,1,1
QUA015,QUEBER,2021,0,0
QUA015,QUEBER,2022,0,0
QUA015,RHAILI,2021,0,0
QUA015,RHAILI,2022,0,0
QUA015,RIBMAL,2021,0,0
QUA015,RIBMAL,2022,0,0
QUA015,SYMALB,2021,0,0
QUA015,SYMALB,2022,0,0
QUA015,SYMMOL,2021,0,0
QUA015,SYMMOL,2022,0,0
QUA015,TOXDIV,2021,0,0
QUA015,TOXDIV,2022,0,0
QUA016,ADFA,2021,5,2
QUA016,ADFA,2022,0,0
QUA016,ARCMAN,2021,0,0
QUA016,ARCMAN,2022,0,0
QUA016,CEACUN,2021,6,3
QUA016,CEACUN,2022,0,0
QUA016,CEAOLI,2021,0,0
QUA016,CEAOLI,2022,9,1
QUA016,CERBET,2021,0,0
QUA016,CERBET,2022,0,0
QUA016,ERICAL,2021,0,0
QUA016,ERICAL,2022,0,0
QUA016,ERINUD,2021,0,0
QUA016,ERINUD,2022,0,0
QUA016,HEAR,2021,0,0
QUA016,HEAR,2022,0,0
QUA016,HOLDIS,2021,0,0
QUA016,HOLDIS,2022,0,0
QUA016,LEPCAL,2021,4,2
QUA016,LEPCAL,2022,2,1
QUA016,MIMAUR,2021,0,0
QUA016,MIMAUR,2022,2,1
QUA016,QUEBER,2021,0,0
QUA016,QUEBER,2022,0,0
QUA016,RHAILI,2021,0,0
QUA016,RHAILI,2022,0,0
QUA016,RIBMAL,2021,0,0
QUA016,RIBMAL,2022,0,0
QUA016,SYMALB,2021,0,0
QUA016,SYMALB,2022,0,0
QUA016,SYMMOL,2021,0,0
QUA016,SYMMOL,2022,0,0
QUA016,TOXDIV,2021,0,0
QUA016,TOXDIV,2022,0,0
QUA020,ADFA,2021,32,3
QUA020,ADFA,2022,6,3
QUA020,ARCMAN,2021,0,0
QUA020,ARCMAN,2022,0,0
QUA020,CEACUN,2021,19,3
QUA020,CEACUN,2022,3,2
QUA020,CEAOLI,2021,0,0
QUA020,CEAOLI,2022,0,0
QUA020,CERBET,2021,2,2
QUA020,CERBET,2022,0,0
QUA020,ERICAL,2021,0,0
QUA020,ERICAL,2022,0,0
QUA020,ERINUD,2021,0,0
QUA020,ERINUD,2022,0,0
QUA020,HEAR,2021,0,0
QUA020,HEAR,2022,0,0
QUA020,HOLDIS,2021,0,0
QUA020,HOLDIS,2022,0,0
QUA020,LEPCAL,2021,0,0
QUA020,LEPCAL,2022,0,0
QUA020,MIMAUR,2021,0,0
QUA020,MIMAUR,2022,0,0
QUA020,QUEBER,2021,0,0
QUA020,QUEBER,2022,0,0
QUA020,RHAILI,2021,0,0
QUA020,RHAILI,2022,0,0
QUA020,RIBMAL,2021,0,0
QUA020,RIBMAL,2022,0,0
QUA020,SYMALB,2021,0,0
QUA020,SYMALB,2022,0,0
QUA020,SYMMOL,2021,0,0
QUA020,SYMMOL,2022,0,0
QUA020,TOXDIV,2021,1,1
QUA020,TOXDIV,2022,0,0
QUA024,ADFA,2021,0,0
QUA024,ADFA,2022,0,0
QUA024,ARCMAN,2021,0,0
QUA024,ARCMAN,2022,0,0
QUA024,CEACUN,2021,0,0
QUA024,CEACUN,2022,0,0
QUA024,CEAOLI,2021,0,0
QUA024,CEAOLI,2022,0,0
QUA024,CERBET,2021,0,0
QUA024,CERBET,2022,0,0
QUA024,ERICAL,2021,0,0
QUA024,ERICAL,2022,0,0
QUA024,ERINUD,2021,0,0
QUA024,ERINUD,2022,0,0
QUA024,HEAR,2021,0,0
QUA024,HEAR,2022,0,0
QUA024,HOLDIS,2021,0,0
QUA024,HOLDIS,2022,0,0
QUA024,LEPCAL,2021,0,0
QUA024,LEPCAL,2022,1,1
QUA024,MIMAUR,2021,0,0
QUA024,MIMAUR,2022,0,0
QUA024,QUEBER,2021,0,0
QUA024,QUEBER,2022,0,0
QUA024,RHAILI,2021,0,0
QUA024,RHAILI,2022,0,0
QUA024,RIBMAL,2021,0,0
QUA024,RIBMAL,2022,0,0
QUA024,SYMALB,2021,0,0
QUA024,SYMALB,2022,0,0
QUA024,SYMMOL,2021,0,0
QUA024,SYMMOL,2022,0,0
QUA024,TOXDIV,2021,0,0
QUA024,TOXDIV,2022,0,0
QUA025,ADFA,2021,0,0
QUA025,ADFA,2022,12,1
QUA025,ARCMAN,2021,0,0
QUA025,ARCMAN,2022,0,0
QUA025,CEACUN,2021,0,0
QUA025,CEACUN,2022,0,0
QUA025,CEAOLI,2021,0,0
QUA025,CEAOLI,2022,0,0
QUA025,CERBET,2021,0,0
QUA025,CERBET,2022,0,0
QUA025,ERICAL,2021,0,0
QUA025,ERICAL,2022,0,0
QUA025,ERINUD,2021,0,0
QUA025,ERINUD,2022,0,0
QUA025,HEAR,2021,0,0
QUA025,HEAR,2022,0,0
QUA025,HOLDIS,2021,0,0
QUA025,HOLDIS,2022,0,0
QUA025,LEPCAL,2021,0,0
QUA025,LEPCAL,2022,1,1
QUA025,MIMAUR,2021,0,0
QUA025,MIMAUR,2022,0,0
QUA025,QUEBER,2021,0,0
QUA025,QUEBER,2022,0,0
QUA025,RHAILI,2021,0,0
QUA025,RHAILI,2022,0,0
QUA025,RIBMAL,2021,0,0
QUA025,RIBMAL,2022,0,0
QUA025,SYMALB,2021,0,0
QUA025,SYMALB,2022,0,0
QUA025,SYMMOL,2021,0,0
QUA025,SYMMOL,2022,0,0
QUA025,TOXDIV,2021,0,0
QUA025,TOXDIV,2022,0,0
BOB008,ADFA,2021,0,0
BOB008,ADFA,2022,0,0
BOB008,ARCMAN,2021,0,0
BOB008,ARCMAN,2022,0,0
BOB008,CEACUN,2021,0,0
BOB008,CEACUN,2022,0,0
BOB008,CEAOLI,2021,0,0
BOB008,CEAOLI,2022,0,0
BOB008,CERBET,2021,0,0
BOB008,CERBET,2022,0,0
BOB008,ERICAL,2021,0,0
BOB008,ERICAL,2022,0,0
BOB008,ERINUD,2021,0,0
BOB008,ERINUD,2022,0,0
BOB008,HEAR,2021,0,0
BOB008,HEAR,2022,0,0
BOB008,HOLDIS,2021,0,0
BOB008,HOLDIS,2022,0,0
BOB008,LEPCAL,2021,0,0
BOB008,LEPCAL,2022,0,0
BOB008,MIMAUR,2021,0,0
BOB008,MIMAUR,2022,0,0
BOB008,QUEBER,2021,0,0
BOB008,QUEBER,2022,0,0
BOB008,RHAILI,2021,0,0
BOB008,RHAILI,2022,0,0
BOB008,RIBMAL,2021,0,0
BOB008,RIBMAL,2022,0,0
BOB008,SYMALB,2021,0,0
BOB008,SYMALB,2022,0,0
BOB008,SYMMOL,2021,0,0
BOB008,SYMMOL,2022,0,0
BOB008,TOXDIV,2021,0,0
BOB008,TOXDIV,2022,0,0
BOB013,ADFA,2021,0,0
BOB013,ADFA,2022,0,0
BOB013,ARCMAN,2021,0,0
BOB013,ARCMAN,2022,0,0
BOB013,CEACUN,2021,0,0
BOB013,CEACUN,2022,0,0
BOB013,CEAOLI,2021,0,0
BOB013,CEAOLI,2022,0,0
BOB013,CERBET,2021,0,0
BOB013,CERBET,2022,0,0
BOB013,ERICAL,2021,0,0
BOB013,ERICAL,2022,0,0
BOB013,ERINUD,2021,0,0
BOB013,ERINUD,2022,0,0
BOB013,HEAR,2021,0,0
BOB013,HEAR,2022,0,0
BOB013,HOLDIS,2021,0,0
BOB013,HOLDIS,2022,0,0
BOB013,LEPCAL,2021,0,0
BOB013,LEPCAL,2022,0,0
BOB013,MIMAUR,2021,0,0
BOB013,MIMAUR,2022,0,0
BOB013,QUEBER,2021,0,0
BOB013,QUEBER,2022,0,0
BOB013,RHAILI,2021,0,0
BOB013,RHAILI,2022,0,0
BOB013,RIBMAL,2021,0,0
BOB013,RIBMAL,2022,0,0
BOB013,SYMALB,2021,0,0
BOB013,SYMALB,2022,0,0
BOB013,SYMMOL,2021,0,0
BOB013,SYMMOL,2022,0,0
BOB013,TOXDIV,2021,0,0
BOB013,TOXDIV,2022,0,0
BOB015,ADFA,2021,0,0
BOB015,ADFA,2022,0,0
BOB015,ARCMAN,2021,0,0
BOB015,ARCMAN,2022,0,0
BOB015,CEACUN,2021,0,0
BOB015,CEACUN,2022,0,0
BOB015,CEAOLI,2021,0,0
BOB015,CEAOLI,2022,0,0
BOB015,CERBET,2021,0,0
BOB015,CERBET,2022,0,0
BOB015,ERICAL,2021,0,0
BOB015,ERICAL,2022,2,2
BOB015,ERINUD,2021,0,0
BOB015,ERINUD,2022,0,0
BOB015,HEAR,2021,0,0
BOB015,HEAR,2022,0,0
BOB015,HOLDIS,2021,0,0
BOB015,HOLDIS,2022,0,0
BOB015,LEPCAL,2021,0,0
BOB015,LEPCAL,2022,1,1
BOB015,MIMAUR,2021,0,0
BOB015,MIMAUR,2022,0,0
BOB015,QUEBER,2021,0,0
BOB015,QUEBER,2022,0,0
BOB015,RHAILI,2021,0,0
BOB015,RHAILI,2022,0,0
BOB015,RIBMAL,2021,0,0
BOB015,RIBMAL,2022,0,0
BOB015,SYMALB,2021,0,0
BOB015,SYMALB,2022,0,0
BOB015,SYMMOL,2021,0,0
BOB015,SYMMOL,2022,0,0
BOB015,TOXDIV,2021,0,0
BOB015,TOXDIV,2022,0,0
BOB019,ADFA,2021,0,0
BOB019,ADFA,2022,0,0
BOB019,ARCMAN,2021,0,0
BOB019,ARCMAN,2022,0,0
BOB019,CEACUN,2021,0,0
BOB019,CEACUN,2022,0,0
BOB019,CEAOLI,2021,0,0
BOB019,CEAOLI,2022,0,0
BOB019,CERBET,2021,0,0
BOB019,CERBET,2022,0,0
BOB019,ERICAL,2021,0,0
BOB019,ERICAL,2022,0,0
BOB019,ERINUD,2021,0,0
BOB019,ERINUD,2022,0,0
BOB019,HEAR,2021,0,0
BOB019,HEAR,2022,0,0
BOB019,HOLDIS,2021,0,0
BOB019,HOLDIS,2022,0,0
BOB019,LEPCAL,2021,0,0
BOB019,LEPCAL,2022,43,3
BOB019,MIMAUR,2021,0,0
BOB019,MIMAUR,2022,0,0
BOB019,QUEBER,2021,0,0
BOB019,QUEBER,2022,0,0
BOB019,RHAILI,2021,0,0
BOB019,RHAILI,2022,0,0
BOB019,RIBMAL,2021,0,0
BOB019,RIBMAL,2022,0,0
BOB019,SYMALB,2021,0,0
BOB019,SYMALB,2022,0,0
BOB019,SYMMOL,2021,0,0
BOB019,SYMMOL,2022,0,0
BOB019,TOXDIV,2021,0,0
BOB019,TOXDIV,2022,0,0
CCC007,ADFA,2021,0,0
CCC007,ADFA,2022,0,0
CCC007,ARCMAN,2021,0,0
CCC007,ARCMAN,2022,0,0
CCC007,CEACUN,2021,0,0
CCC007,CEACUN,2022,0,0
CCC007,CEAOLI,2021,0,0
CCC007,CEAOLI,2022,0,0
CCC007,CERBET,2021,0,0
CCC007,CERBET,2022,0,0
CCC007,ERICAL,2021,0,0
CCC007,ERICAL,2022,3,2
CCC007,ERINUD,2021,0,0
CCC007,ERINUD,2022,0,0
CCC007,HEAR,2021,0,0
CCC007,HEAR,2022,0,0
CCC007,HOLDIS,2021,0,0
CCC007,HOLDIS,2022,0,0
CCC007,LEPCAL,2021,0,0
CCC007,LEPCAL,2022,0,0
CCC007,MIMAUR,2021,0,0
CCC007,MIMAUR,2022,0,0
CCC007,QUEBER,2021,0,0
CCC007,QUEBER,2022,0,0
CCC007,RHAILI,2021,0,0
CCC007,RHAILI,2022,0,0
CCC007,RIBMAL,2021,0,0
CCC007,RIBMAL,2022,0,0
CCC007,SYMALB,2021,0,0
CCC007,SYMALB,2022,0,0
CCC007,SYMMOL,2021,0,0
CCC007,SYMMOL,2022,0,0
CCC007,TOXDIV,2021,0,0
CCC007,TOXDIV,2022,0,0
COL018,ADFA,2021,0,0
COL018,ADFA,2022,0,0
COL018,ARCMAN,2021,0,0
COL018,ARCMAN,2022,0,0
COL018,CEACUN,2021,0,0
COL018,CEACUN,2022,0,0
COL018,CEAOLI,2021,0,0
COL018,CEAOLI,2022,0,0
COL018,CERBET,2021,0,0
COL018,CERBET,2022,0,0
COL018,ERICAL,2021,4,1
COL018,ERICAL,2022,6,2
COL018,ERINUD,2021,0,0
COL018,ERINUD,2022,0,0
COL018,HEAR,2021,0,0
COL018,HEAR,2022,0,0
COL018,HOLDIS,2021,0,0
COL018,HOLDIS,2022,0,0
COL018,LEPCAL,2021,0,0
COL018,LEPCAL,2022,0,0
COL018,MIMAUR,2021,0,0
COL018,MIMAUR,2022,0,0
COL018,QUEBER,2021,0,0
COL018,QUEBER,2022,0,0
COL018,RHAILI,2021,0,0
COL018,RHAILI,2022,0,0
COL018,RIBMAL,2021,0,0
COL018,RIBMAL,2022,0,0
COL018,SYMALB,2021,0,0
COL018,SYMALB,2022,0,0
COL018,SYMMOL,2021,0,0
COL018,SYMMOL,2022,0,0
COL018,TOXDIV,2021,0,0
COL018,TOXDIV,2022,0,0
QUA001,ADFA,2021,2,2
QUA001,ADFA,2022,0,0
QUA001,ARCMAN,2021,0,0
QUA001,ARCMAN,2022,0,0
QUA001,CEACUN,2021,0,0
QUA001,CEACUN,2022,0,0
QUA001,CEAOLI,2021,0,0
QUA001,CEAOLI,2022,0,0
QUA001,CERBET,2021,0,0
QUA001,CERBET,2022,0,0
QUA001,ERICAL,2021,0,0
QUA001,ERICAL,2022,0,0
QUA001,ERINUD,2021,0,0
QUA001,ERINUD,2022,0,0
QUA001,HEAR,2021,0,0
QUA001,HEAR,2022,0,0
QUA001,HOLDIS,2021,0,0
QUA001,HOLDIS,2022,0,0
QUA001,LEPCAL,2021,5,1
QUA001,LEPCAL,2022,0,0
QUA001,MIMAUR,2021,0,0
QUA001,MIMAUR,2022,0,0
QUA001,QUEBER,2021,0,0
QUA001,QUEBER,2022,0,0
QUA001,RHAILI,2021,0,0
QUA001,RHAILI,2022,0,0
QUA001,RIBMAL,2021,0,0
QUA001,RIBMAL,2022,0,0
QUA001,SYMALB,2021,0,0
QUA001,SYMALB,2022,0,0
QUA001,SYMMOL,2021,0,0
QUA001,SYMMOL,2022,0,0
QUA001,TOXDIV,2021,0,0
QUA001,TOXDIV,2022,0,0
BOB007,ADFA,2021,0,0
BOB007,ADFA,2022,0,0
BOB007,ARCMAN,2021,0,0
BOB007,ARCMAN,2022,0,0
BOB007,CEACUN,2021,0,0
BOB007,CEACUN,2022,0,0
BOB007,CEAOLI,2021,0,0
BOB007,CEAOLI,2022,0,0
BOB007,CERBET,2021,0,0
BOB007,CERBET,2022,0,0
BOB007,ERICAL,2021,0,0
BOB007,ERICAL,2022,0,0
BOB007,ERINUD,2021,0,0
BOB007,ERINUD,2022,0,0
BOB007,HEAR,2021,0,0
BOB007,HEAR,2022,0,0
BOB007,HOLDIS,2021,0,0
BOB007,HOLDIS,2022,0,0
BOB007,LEPCAL,2021,0,0
BOB007,LEPCAL,2022,0,0
BOB007,MIMAUR,2021,0,0
BOB007,MIMAUR,2022,0,0
BOB007,QUEBER,2021,0,0
BOB007,QUEBER,2022,0,0
BOB007,RHAILI,2021,0,0
BOB007,RHAILI,2022,0,0
BOB007,RIBMAL,2021,0,0
BOB007,RIBMAL,2022,0,0
BOB007,SYMALB,2021,0,0
BOB007,SYMALB,2022,0,0
BOB007,SYMMOL,2021,0,0
BOB007,SYMMOL,2022,0,0
BOB007,TOXDIV,2021,0,0
BOB007,TOXDIV,2022,0,0
COL017,ADFA,2021,0,0
COL017,ADFA,2022,0,0
COL017,ARCMAN,2021,0,0
COL017,ARCMAN,2022,0,0
COL017,CEACUN,2021,0,0
COL017,CEACUN,2022,0,0
COL017,CEAOLI,2021,0,0
COL017,CEAOLI,2022,0,0
COL017,CERBET,2021,0,0
COL017,CERBET,2022,0,0
COL017,ERICAL,2021,0,0
COL017,ERICAL,2022,0,0
COL017,ERINUD,2021,0,0
COL017,ERINUD,2022,0,0
COL017,HEAR,2021,0,0
COL017,HEAR,2022,0,0
COL017,HOLDIS,2021,0,0
COL017,HOLDIS,2022,0,0
COL017,LEPCAL,2021,0,0
COL017,LEPCAL,2022,0,0
COL017,MIMAUR,2021,0,0
COL017,MIMAUR,2022,0,0
COL017,QUEBER,2021,0,0
COL017,QUEBER,2022,0,0
COL017,RHAILI,2021,0,0
COL017,RHAILI,2022,0,0
COL017,RIBMAL,2021,0,0
COL017,RIBMAL,2022,0,0
COL017,SYMALB,2021,0,0
COL017,SYMALB,2022,0,0
COL017,SYMMOL,2021,0,0
COL017,SYMMOL,2022,0,0
COL017,TOXDIV,2021,0,0
COL017,TOXDIV,2022,0,0
QUA022,ADFA,2021,1,1
QUA022,ADFA,2022,6,1
QUA022,ARCMAN,2021,0,0
QUA022,ARCMAN,2022,0,0
QUA022,CEACUN,2021,1,1
QUA022,CEACUN,2022,0,0
QUA022,CEAOLI,2021,1,1
QUA022,CEAOLI,2022,0,0
QUA022,CERBET,2021,0,0
QUA022,CERBET,2022,0,0
QUA022,ERICAL,2021,0,0
QUA022,ERICAL,2022,0,0
QUA022,ERINUD,2021,0,0
QUA022,ERINUD,2022,0,0
QUA022,HEAR,2021,0,0
QUA022,HEAR,2022,0,0
QUA022,HOLDIS,2021,0,0
QUA022,HOLDIS,2022,0,0
QUA022,LEPCAL,2021,0,0
QUA022,LEPCAL,2022,0,0
QUA022,MIMAUR,2021,0,0
QUA022,MIMAUR,2022,0,0
QUA022,QUEBER,2021,0,0
QUA022,QUEBER,2022,0,0
QUA022,RHAILI,2021,0,0
QUA022,RHAILI,2022,0,0
QUA022,RIBMAL,2021,0,0
QUA022,RIBMAL,2022,0,0
QUA022,SYMALB,2021,0,0
QUA022,SYMALB,2022,0,0
QUA022,SYMMOL,2021,0,0
QUA022,SYMMOL,2022,0,0
QUA022,TOXDIV,2021,0,0
QUA022,TOXDIV,2022,0,0
QUA021,ADFA,2021,3,1
QUA021,ADFA,2022,1,1
QUA021,ARCMAN,2021,0,0
QUA021,ARCMAN,2022,0,0
QUA021,CEACUN,2021,7,2
QUA021,CEACUN,2022,2,1
QUA021,CEAOLI,2021,0,0
QUA021,CEAOLI,2022,0,0
QUA021,CERBET,2021,0,0
QUA021,CERBET,2022,0,0
QUA021,ERICAL,2021,0,0
QUA021,ERICAL,2022,0,0
QUA021,ERINUD,2021,0,0
QUA021,ERINUD,2022,0,0
QUA021,HEAR,2021,0,0
QUA021,HEAR,2022,0,0
QUA021,HOLDIS,2021,0,0
QUA021,HOLDIS,2022,0,0
QUA021,LEPCAL,2021,23,4
QUA021,LEPCAL,2022,18,4
QUA021,MIMAUR,2021,0,0
QUA021,MIMAUR,2022,0,0
QUA021,QUEBER,2021,0,0
QUA021,QUEBER,2022,0,0
QUA021,RHAILI,2021,0,0
QUA021,RHAILI,2022,0,0
QUA021,RIBMAL,2021,0,0
QUA021,RIBMAL,2022,0,0
QUA021,SYMALB,2021,0,0
QUA021,SYMALB,2022,0,0
QUA021,SYMMOL,2021,0,0
QUA021,SYMMOL,2022,0,0
QUA021,TOXDIV,2021,0,0
QUA021,TOXDIV,2022,0,0
CCC010,ADFA,2021,0,0
CCC010,ADFA,2022,0,0
CCC010,ARCMAN,2021,0,0
CCC010,ARCMAN,2022,0,0
CCC010,CEACUN,2021,0,0
CCC010,CEACUN,2022,0,0
CCC010,CEAOLI,2021,0,0
CCC010,CEAOLI,2022,0,0
CCC010,CERBET,2021,0,0
CCC010,CERBET,2022,0,0
CCC010,ERICAL,2021,6,2
CCC010,ERICAL,2022,0,0
CCC010,ERINUD,2021,0,0
CCC010,ERINUD,2022,0,0
CCC010,HEAR,2021,0,0
CCC010,HEAR,2022,0,0
CCC010,HOLDIS,2021,0,0
CCC010,HOLDIS,2022,0,0
CCC010,LEPCAL,2021,0,0
CCC010,LEPCAL,2022,0,0
CCC010,MIMAUR,2021,0,0
CCC010,MIMAUR,2022,1,1
CCC010,QUEBER,2021,0,0
CCC010,QUEBER,2022,0,0
CCC010,RHAILI,2021,0,0
CCC010,RHAILI,2022,0,0
CCC010,RIBMAL,2021,0,0
CCC010,RIBMAL,2022,0,0
CCC010,SYMALB,2021,0,0
CCC010,SYMALB,2022,0,0
CCC010,SYMMOL,2021,0,0
CCC010,SYMMOL,2022,0,0
CCC010,TOXDIV,2021,0,0
CCC010,TOXDIV,2022,0,0
CCC012,ADFA,2021,0,0
CCC012,ADFA,2022,0,0
CCC012,ARCMAN,2021,0,0
CCC012,ARCMAN,2022,0,0
CCC012,CEACUN,2021,0,0
CCC012,CEACUN,2022,0,0
CCC012,CEAOLI,2021,0,0
CCC012,CEAOLI,2022,0,0
CCC012,CERBET,2021,0,0
CCC012,CERBET,2022,0,0
CCC012,ERICAL,2021,0,0
CCC012,ERICAL,2022,0,0
CCC012,ERINUD,2021,0,0
CCC012,ERINUD,2022,0,0
CCC012,HEAR,2021,0,0
CCC012,HEAR,2022,0,0
CCC012,HOLDIS,2021,0,0
CCC012,HOLDIS,2022,0,0
CCC012,LEPCAL,2021,0,0
CCC012,LEPCAL,2022,0,0
CCC012,MIMAUR,2021,0,0
CCC012,MIMAUR,2022,0,0
CCC012,QUEBER,2021,0,0
CCC012,QUEBER,2022,0,0
CCC012,RHAILI,2021,0,0
CCC012,RHAILI,2022,0,0
CCC012,RIBMAL,2021,0,0
CCC012,RIBMAL,2022,0,0
CCC012,SYMALB,2021,0,0
CCC012,SYMALB,2022,0,0
CCC012,SYMMOL,2021,0,0
CCC012,SYMMOL,2022,0,0
CCC012,TOXDIV,2021,0,0
CCC012,TOXDIV,2022,0,0
CCC002,ADFA,2021,0,0
CCC002,ADFA,2022,0,0
CCC002,ARCMAN,2021,2,2
CCC002,ARCMAN,2022,0,0
CCC002,CEACUN,2021,0,0
CCC002,CEACUN,2022,0,0
CCC002,CEAOLI,2021,0,0
CCC002,CEAOLI,2022,0,0
CCC002,CERBET,2021,0,0
CCC002,CERBET,2022,0,0
CCC002,ERICAL,2021,1,1
CCC002,ERICAL,2022,0,0
CCC002,ERINUD,2021,0,0
CCC002,ERINUD,2022,0,0
CCC002,HEAR,2021,0,0
CCC002,HEAR,2022,0,0
CCC002,HOLDIS,2021,0,0
CCC002,HOLDIS,2022,3,1
CCC002,LEPCAL,2021,0,0
CCC002,LEPCAL,2022,0,0
CCC002,MIMAUR,2021,0,0
CCC002,MIMAUR,2022,0,0
CCC002,QUEBER,2021,0,0
CCC002,QUEBER,2022,0,0
CCC002,RHAILI,2021,0,0
CCC002,RHAILI,2022,0,0
CCC002,RIBMAL,2021,0,0
CCC002,RIBMAL,2022,0,0
CCC002,SYMALB,2021,0,0
CCC002,SYMALB,2022,0,0
CCC002,SYMMOL,2021,0,0
CCC002,SYMMOL,2022,0,0
CCC002,TOXDIV,2021,0,0
CCC002,TOXDIV,2022,0,0