PlotID,year,Species,SEEDLING/RESPROUT
BOB002,2021,ACHMIL,
BOB006,2022,ACHMIL,
BOB007,2021,ACHMIL,
BOB007,2022,ACHMIL,
BOB008,2021,ACHMIL,
CCC002,2021,ACHMIL,
CCC002,2022,ACHMIL,
CCC004,2021,ACHMIL,
CCC007,2022,ACHMIL,
CCC010,2021,ACHMIL,
CCC010,2022,ACHMIL,
CCC011,2021,ACHMIL,
CCC011,2022,ACHMIL,
CCC011,2022,ACHMIL,
CCC012,2021,ACHMIL,
CCC012,2022,ACHMIL,
COL007,2022,ACHMIL,
COL012,2021,ACHMIL,
COL012,2022,ACHMIL,
COL014,2021,ACHMIL,
COL014,2022,ACHMIL,
COL014,2022,ACHMIL,
BOB012,2022,ACMAME,
BOB001,2022,ACMBRA,
BOB001,2022,ACMBRA,
BOB002,2022,ACMBRA,
BOB004,2022,ACMBRA,
BOB005,2022,ACMBRA,
BOB006,2022,ACMBRA,
BOB009,2022,ACMBRA,
BOB010,2022,ACMBRA,
BOB011,2022,ACMBRA,
BOB013,2022,ACMBRA,
BOB016,2022,ACMBRA,
BOB017,2022,ACMBRA,
CCC005,2022,ACMBRA,
CCC011,2022,ACMBRA,
COL013,2022,ACMBRA,
QUA002,2022,ACMBRA,
QUA003,2021,ACMBRA,
QUA003,2022,ACMBRA,
QUA003,2022,ACMBRA,
QUA005,2022,ACMBRA,
QUA006,2022,ACMBRA,
QUA008,2021,ACMBRA,
QUA008,2022,ACMBRA,
QUA010,2022,ACMBRA,
BOB001,2021,ACMGLA,
BOB001,2022,ACMGLA,
BOB001,2022,ACMGLA,
BOB002,2021,ACMGLA,
BOB003,2021,ACMGLA,
BOB003,2022,ACMGLA,
BOB004,2021,ACMGLA,
BOB004,2021,ACMGLA,
BOB004,2022,ACMGLA,
BOB005,2021,ACMGLA,
BOB005,2022,ACMGLA,
BOB006,2021,ACMGLA,
BOB006,2022,ACMGLA,
BOB006,2022,ACMGLA,
BOB009,2021,ACMGLA,
BOB009,2021,ACMGLA,
BOB009,2022,ACMGLA,
BOB010,2021,ACMGLA,
BOB010,2022,ACMGLA,
BOB011,2021,ACMGLA,
BOB011,2022,ACMGLA,
BOB012,2021,ACMGLA,
BOB012,2021,ACMGLA,
BOB013,2021,ACMGLA,
BOB014,2021,ACMGLA,
BOB015,2021,ACMGLA,
BOB016,2022,ACMGLA,
BOB017,2021,ACMGLA,
BOB017,2022,ACMGLA,
BOB018,2021,ACMGLA,
BOB018,2022,ACMGLA,
BOB019,2021,ACMGLA,
CCC001,2021,ACMGLA,
CCC003,2021,ACMGLA,
CCC003,2022,ACMGLA,
CCC004,2021,ACMGLA,
CCC005,2021,ACMGLA,
CCC005,2022,ACMGLA,
CCC006,2021,ACMGLA,
CCC006,2022,ACMGLA,
CCC008,2021,ACMGLA,
CCC008,2022,ACMGLA,
CCC009,2021,ACMGLA,
CCC009,2022,ACMGLA,
CCC011,2021,ACMGLA,
CCC011,2022,ACMGLA,
COL007,2021,ACMGLA,
COL012,2021,ACMGLA,
COL012,2022,ACMGLA,
COL013,2021,acmgla,
COL013,2022,ACMGLA,
COL014,2021,ACMGLA,
COL014,2021,ACMGLA,
COL014,2022,ACMGLA,
COL017,2021,acmgla,
QUA001,2021,ACMGLA,
QUA002,2021,ACMGLA,
QUA002,2022,ACMGLA,
QUA003,2021,ACMGLA,
QUA003,2022,ACMGLA,
QUA004,2021,ACMGLA,
QUA004,2022,ACMGLA,
QUA005,2021,ACMGLA,
QUA005,2022,ACMGLA,
QUA006,2021,ACMGLA,
QUA006,2022,ACMGLA,
QUA008,2021,ACMGLA,
QUA008,2022,ACMGLA,
QUA009,2021,ACMGLA,
QUA009,2022,ACMGLA,
QUA010,2021,ACMGLA,
QUA010,2022,ACMGLA,
QUA011,2021,ACMGLA,
QUA011,2022,ACMGLA,
QUA015,2021,ACMGLA,
QUA015,2022,ACMGLA,
QUA016,2021,acmgla,
QUA016,2022,ACMGLA,
QUA020,2021,acmgla,
QUA020,2022,ACMGLA,
QUA024,2022,ACMGLA,
QUA025,2022,ACMGLA,
QUA025,2022,ACMGLA,
QUA025,2022,ACMGLA,
BOB001,2021,ACMWRA,
BOB001,2022,ACMWRA,
BOB002,2022,ACMWRA,
BOB002,2021,ACMWRA,
BOB003,2021,ACMWRA,
BOB003,2022,ACMWRA,
BOB004,2021,ACMWRA,
BOB005,2021,ACMWRA,
BOB006,2021,ACMWRA,
BOB006,2022,ACMWRA,
BOB008,2021,ACMWRA,
BOB008,2022,ACMWRA,
BOB009,2021,ACMWRA,
BOB010,2021,ACMWRA,
BOB011,2021,ACMWRA,
BOB012,2021,ACMWRA,
BOB012,2022,ACMWRA,
BOB013,2021,ACMWRA,
BOB013,2022,ACMWRA,
BOB013,2022,ACMWRA,
BOB014,2022,ACMWRA,
BOB015,2021,ACMWRA,
BOB015,2022,ACMWRA,
BOB016,2022,ACMWRA,
BOB017,2021,ACMWRA,
BOB017,2022,ACMWRA,
BOB019,2022,ACMWRA,
CCC003,2021,ACMWRA,
CCC003,2022,ACMWRA,
CCC005,2021,ACMWRA,
CCC005,2022,ACMWRA,
CCC006,2021,ACMWRA,
CCC006,2022,ACMWRA,
CCC007,2021,ACMWRA,
CCC007,2022,ACMWRA,
CCC008,2021,ACMWRA,
CCC008,2022,ACMWRA,
CCC009,2021,ACMWRA,
CCC009,2022,ACMWRA,
CCC011,2021,ACMWRA,
CCC011,2022,ACMWRA,
COL007,2022,ACMWRA,
COL013,2021,ACMWRA,
COL017,2021,ACMWRA,
COL017,2022,ACMWRA,
COL018,2021,ACMWRA,
COL018,2022,ACMWRA,
QUA001,2021,ACMWRA,
QUA002,2021,ACMWRA,
QUA005,2022,ACMWRA,
QUA008,2021,ACMWRA,
COL007,2021,ACMWRA ,
QUA010,2021,ACMWRA ,
BOB001,2021,ADFA,RESPROUT
BOB002,2021,ADFA,RESPROUT
BOB002,2022,ADFA,RESPROUT
BOB003,2021,ADFA,RESPROUT
BOB003,2022,ADFA,RESPROUT
BOB004,2021,ADFA,RESPROUT
BOB004,2022,ADFA,RESPROUT
BOB004,2022,ADFA,SEEDLING
BOB005,2021,ADFA,RESPROUT
BOB005,2022,ADFA,RESPROUT
BOB006,2021,ADFA,RESPROUT
BOB006,2022,ADFA,RESPROUT
BOB007,2021,ADFA,RESPROUT
BOB007,2022,ADFA,RESPROUT
BOB008,2021,ADFA,RESPROUT
BOB008,2022,ADFA,RESPROUT
BOB009,2021,ADFA,RESPROUT
BOB009,2022,ADFA,RESPROUT
BOB010,2021,ADFA,RESPROUT
BOB010,2022,ADFA,RESPROUT
BOB010,2022,ADFA,SEEDLING
BOB011,2021,ADFA,RESROUT
BOB011,2022,ADFA,RESPROUT
BOB012,2021,ADFA,
BOB012,2022,ADFA,RESPROUT
BOB013,2022,ADFA,RESPROUT
BOB014,2022,ADFA,RESPROUT
BOB015,2021,ADFA,RESPROUT
BOB015,2022,ADFA,RESPROUT
BOB016,2021,ADFA,RESPROUT
BOB016,2022,ADFA,RESPROUT
BOB017,2021,ADFA,RESPROUT
BOB017,2022,ADFA,RESPROUT
BOB018,2021,ADFA,RESPROUT
BOB018,2022,ADFA,RESPROUT
BOB018,2022,ADFA,SEEDLING
BOB019,2021,ADFA,RESPROUT
BOB019,2022,ADFA,RESPROUT
CCC003,2021,ADFA,
CCC003,2021,ADFA,
CCC003,2022,ADFA,RESPROUT
CCC003,2022,ADFA,SEEDLING
CCC004,2021,ADFA,
CCC005,2021,ADFA,SEEDLING
CCC005,2022,ADFA,SEEDLING
CCC006,2021,ADFA,RESPROUT
CCC006,2022,ADFA,RESPROUT
CCC006,2022,ADFA,SEEDLING
CCC007,2021,ADFA,
CCC008,2021,ADFA,RESPROUT
CCC008,2021,ADFA,SEEDLING
CCC008,2022,ADFA,RESPROUT
CCC008,2022,ADFA,SEEDLING
CCC009,2021,ADFA,
CCC009,2022,ADFA,RESPROUT
CCC010,2021,ADFA,
CCC011,2021,ADFA,
CCC011,2022,ADFA,RESPROUT
CCC011,2022,ADFA,SEEDLING
CCC011,2022,ADFA,RESPROUT
COL007,2022,ADFA,RESPROUT
COL007,2022,ADFA,SEEDLING
COL012,2021,ADFA,resprout
COL012,2021,ADFA,resprout
COL012,2022,ADFA,RESPROUT
COL012,2022,ADFA,RESPROUT
COL013,2021,ADFA,resprouting
COL013,2022,ADFA,RESPROUT
COL013,2022,ADFA,SEEDLING
COL017,2021,adfa,resprouting
COL017,2022,ADFA,RESPROUT
COL018,2022,ADFA,RESROUT
QUA001,2021,ADFA,resprout
QUA001,2021,ADFA,seedling
QUA002,2021,ADFA,resprouting and seeding
QUA002,2022,ADFA,RESPROUT
QUA002,2022,ADFA,SEEDLING
QUA003,2021,ADFA,RESPROUT
QUA003,2021,ADFA,seedling
QUA003,2022,ADFA,RESPROUT
QUA004,2021,ADFA,seedling
QUA004,2021,ADFA,resprout
QUA004,2022,ADFA,SEEDLING
QUA004,2022,ADFA,RESPROUT
QUA005,2021,ADFA,resprout
QUA005,2021,ADFA,seedling
QUA005,2022,ADFA,RESPROUT
QUA006,2021,ADFA,seedling
QUA006,2021,ADFA,resprout
QUA006,2022,ADFA,SEEDLING
QUA006,2022,ADFA,RESPROUT
QUA008,2021,ADFA,seedling
QUA008,2022,ADFA,SEEDLING
QUA008,2022,ADFA,RESPROUT
QUA008,2022,ADFA,RESPROUT
QUA009,2021,ADFA,seedling
QUA009,2022,ADFA,RESPROUT
QUA009,2022,ADFA,SEEDLING
QUA010,2021,ADFA,seedling
QUA010,2022,ADFA,SEEDLING
QUA010,2022,ADFA,RESPROUT
QUA011,2021,ADFA,"seedling, resprout"
QUA011,2022,ADFA,SEEDLING
QUA011,2022,ADFA,RESPROUT
QUA015,2021,ADFA,seedling
QUA015,2021,ADFA,RESPROUT
QUA015,2022,ADFA,SEEDLING
QUA015,2022,ADFA,RESPROUT
QUA016,2021,ADFA,SEEDLING
QUA016,2021,ADFA,RESPROUT
QUA016,2022,ADFA,RESPROUT
QUA020,2021,ADFA,"resprout, seeding"
QUA020,2021,ADFA,SEEDLING
QUA020,2022,ADFA,SEEDLING
QUA020,2022,ADFA,RESPROUT
QUA021,2021,ADFA,SEEDLING
QUA021,2022,ADFA,SEEDLING
QUA021,2022,ADFA,RESPROUT
QUA022,2021,ADFA,seedling
QUA022,2022,ADFA,RESPROUT
QUA022,2022,ADFA,SEEDLING
QUA022,2022,ADFA,RESPROUT
QUA024,2022,ADFA,RESPROUT
QUA024,2022,ADFA,SEEDLING
QUA025,2022,ADFA,RESPROUT
QUA025,2022,ADFA,RESPROUT
QUA025,2022,ADFA,RESPROUT
QUA025,2022,ADFA,SEEDLING
QUA025,2022,ADFA,SEEDLING
QUA025,2022,ADFA,SEEDLING
QUA025,2022,ADFA,SEEDLING
CCC010,2022,ADIJOR,
CCC004,2021,ADIJOR,
CCC010,2021,ADIJOR,
CCC012,2021,ADIJOR,
CCC012,2022,ADIJOR,
BOB008,2021,AESCAL,
BOB015,2021,AESCAL,
BOB015,2022,AESCAL,
CCC001,2021,AESCAL,
CCC001,2022,AESCAL,RESPROUT
CCC004,2021,AESCAL,
CCC004,2022,AESCAL,RESPROUT
CCC004,2022,AESCAL,SEEDLING
QUA004,2021,AESCAL,seedling
QUA021,2021,AESCAL,
QUA021,2022,AESCAL,RESPROUT
QUA022,2022,AESCAL,
BOB007,2021,AGOGRA,
BOB009,2021,AGOGRA,
BOB011,2021,AGOGRA,
BOB012,2021,AGOGRA,
BOB014,2021,AGOGRA,
CCC001,2021,AGOGRA,
QUA020,2022,AGOGRA,
CCC010,2021,AIRCAR,
QUA016,2021,AIRCAR,
QUA022,2021,AIRCAR,
QUA022,2022,AIRCAR,
QUA022,2022,AIRCAR,
BOB002,2021,ALLGIL,
BOB002,2022,ALLGIL,
BOB003,2021,ALLGIL,
BOB003,2022,ALLGIL,
BOB004,2021,ALLGIL,
BOB004,2022,ALLGIL,
BOB009,2021,ALLGIL,
BOB010,2021,ALLGIL,
BOB012,2021,ALLGIL,
COL012,2021,ALLGIL,
COL012,2021,ALLGIL,
COL012,2022,ALLGIL,
COL012,2022,ALLGIL,
COL013,2021,AMSINT,
QUA005,2021,AMSINT,
QUA016,2021,AMSINT,
BOB003,2021,AMSMEN,
BOB003,2022,AMSMEN,
BOB007,2021,AMSMEN,
BOB007,2022,AMSMEN,
BOB009,2021,AMSMEN,
BOB009,2022,AMSMEN,
BOB010,2021,AMSMEN,
BOB010,2022,AMSMEN,
BOB011,2022,AMSMEN,
BOB013,2021,AMSMEN,
BOB013,2022,AMSMEN,
BOB014,2022,AMSMEN,
BOB016,2021,AMSMEN,
BOB016,2022,AMSMEN,
BOB018,2022,AMSMEN,
BOB019,2021,AMSMEN,
BOB019,2022,AMSMEN,
CCC001,2022,AMSMEN,
CCC005,2022,AMSMEN,
CCC007,2021,AMSMEN,
CCC007,2022,AMSMEN,
CCC008,2021,AMSMEN,
CCC008,2022,AMSMEN,
CCC009,2022,AMSMEN,
CCC012,2022,AMSMEN,
COL012,2021,AMSMEN,
COL012,2022,AMSMEN,
COL013,2022,AMSMEN,
COL014,2021,AMSMEN,
QUA015,2021,AMSMEN,
BOB002,2021,LYSARV,
BOB002,2022,LYSARV,
BOB007,2021,LYSARV,
BOB012,2022,LYSARV,
COL014,2021,LYSARV,
COL018,2021,LYSARV,
QUA001,2021,LYSARV,
QUA002,2021,LYSARV,
QUA002,2022,LYSARV,
QUA003,2021,LYSARV,
QUA003,2022,LYSARV,
QUA004,2021,LYSARV,
QUA004,2022,LYSARV,
QUA005,2021,LYSARV,
QUA005,2022,LYSARV,
QUA006,2021,LYSARV,
QUA006,2022,LYSARV,
QUA008,2021,LYSARV,
QUA008,2022,LYSARV,
QUA008,2022,LYSARV,
QUA009,2021,LYSARV,
QUA010,2021,LYSARV,
QUA011,2021,LYSARV,
QUA011,2022,LYSARV,
QUA015,2021,LYSARV,
QUA015,2022,LYSARV,
QUA016,2021,LYSARV,
QUA020,2021,LYSARV,
QUA021,2021,LYSARV,
QUA022,2021,LYSARV,
QUA022,2022,LYSARV,
BOB002,2021,ANTVEX,
BOB003,2021,ANTVEX,
BOB008,2021,ANTVEX,
BOB009,2021,ANTVEX,
BOB011,2021,ANTVEX,
BOB012,2021,ANTVEX,
BOB013,2021,ANTVEX,
BOB014,2021,ANTVEX,
BOB014,2022,ANTVEX,
BOB015,2021,ANTVEX,
BOB019,2021,ANTVEX,
CCC001,2021,ANTVEX,
CCC001,2022,ANTVEX,
CCC002,2022,ANTVEX,
CCC003,2021,ANTVEX,
CCC003,2022,ANTVEX,
CCC003,2022,ANTVEX,
CCC004,2021,ANTVEX,
CCC005,2021,ANTVEX,
CCC005,2022,ANTVEX,
CCC007,2021,ANTVEX,
CCC007,2022,ANTVEX,
CCC008,2021,ANTVEX,
CCC008,2022,ANTVEX,
CCC009,2021,ANTVEX,
CCC009,2022,ANTVEX,
CCC011,2021,ANTVEX,
CCC011,2022,ANTVEX,
CCC011,2022,ANTVEX,
COL014,2021,ANTVEX,
COL017,2021,ANTVEX,
COL018,2021,ANTVEX,
COL018,2022,ANTVEX,
QUA001,2021,ANTVEX,
QUA002,2021,ANTVEX,
QUA002,2022,ANTVEX,
QUA003,2021,ANTVEX,
QUA003,2022,ANTVEX,
QUA005,2021,ANTVEX,
QUA005,2022,ANTVEX,
QUA006,2021,ANTVEX,
QUA006,2022,ANTVEX,
QUA008,2021,ANTVEX,
QUA010,2021,ANTVEX,
QUA010,2022,ANTVEX,
QUA016,2021,ANTVEX,
QUA021,2022,ANTVEX,
QUA024,2022,ANTVEX,
BOB017,2021,APHOCC,
COL014,2021,APHOCC,
COL017,2021,APHOCC,
QUA015,2021,APHOCC,
QUA016,2021,APHOCC,
BOB011,2021,APIANG,
BOB012,2021,APIANG,
BOB014,2021,APIANG,
BOB014,2022,APIANG,
BOB015,2021,APIANG,
CCC002,2022,APIANG,
CCC003,2021,APIANG,
CCC004,2022,APIANG,
CCC005,2021,APIANG,
CCC005,2022,APIANG,
CCC007,2021,APIANG,
CCC008,2021,APIANG,
CCC008,2022,APIANG,
CCC009,2021,APIANG,
CCC010,2021,APIANG,
CCC011,2021,APIANG,
CCC012,2021,APIANG,
COL007,2021,APIANG,
COL007,2021,APIANG,
COL012,2021,APIANG,
COL013,2021,APIANG,
COL013,2022,APIANG,
COL014,2021,APIANG,
COL014,2022,APIANG,
COL017,2021,APIANG,
COL017,2022,APIANG,
COL018,2021,APIANG,
QUA004,2022,APIANG,
QUA005,2022,APIANG,
QUA006,2022,APIANG,
QUA008,2022,APIANG,
QUA010,2022,APIANG,
QUA011,2022,APIANG,
QUA015,2021,APIANG,
QUA015,2022,APIANG,
QUA016,2021,APIANG,
QUA016,2022,APIANG,
QUA020,2021,APIANG,
QUA020,2022,APIANG,
QUA021,2021,APIANG,
QUA021,2022,APIANG,
QUA022,2021,APIANG,
QUA022,2022,APIANG,
QUA024,2022,APIANG,
CCC002,2021,ARCMAN,
CCC002,2021,ARCMAN,
QUA021,2021,ARCMAN,SEEDLING
CCC012,2021,ASCSOL,
CCC003,2022,ASTER,
QUA016,2022,ASTER,
BOB010,2022,ASTER,
BOB001,2021,ASTGAM,
BOB001,2022,ASTGAM,
BOB001,2022,ASTGAM,
BOB002,2021,ASTGAM,
BOB005,2022,ASTGAM,
BOB006,2021,ASTGAM,
BOB006,2022,ASTGAM,
BOB009,2021,ASTGAM,
BOB010,2021,ASTGAM,
CCC008,2021,ASTGAM,
CCC008,2022,ASTGAM,
CCC008,2022,ASTGAM,
CCC009,2022,ASTGAM,
CCC011,2022,ASTGAM,
QUA008,2021,ASTGAM,
QUA008,2022,ASTGAM,
QUA008,2022,ASTGAM,
QUA009,2021,ASTGAM,
QUA010,2021,ASTGAM,
QUA015,2021,ASTGAM,
BOB014,2021,ATHPUS,
CCC011,2021,ATHPUS,
CCC012,2021,ATHPUS,
COL018,2021,AUEBAR,
BOB001,2021,AVEBAR,
BOB001,2022,AVEBAR,
BOB002,2021,AVEBAR,
BOB002,2022,AVEBAR,
BOB003,2021,AVEBAR,
BOB003,2022,AVEBAR,
BOB004,2021,AVEBAR,
BOB004,2022,AVEBAR,
BOB005,2021,AVEBAR,
BOB005,2022,AVEBAR,
BOB006,2021,AVEBAR,
BOB006,2022,AVEBAR,
BOB006,2022,AVEBAR,
BOB007,2021,AVEBAR,
BOB007,2022,AVEBAR,
BOB008,2021,AVEBAR,
BOB008,2022,AVEBAR,
BOB009,2021,AVEBAR,
BOB009,2022,AVEBAR,
BOB010,2021,AVEBAR,
BOB010,2022,AVEBAR,
BOB011,2021,AVEBAR,
BOB011,2022,AVEBAR,
BOB012,2021,AVEBAR,
BOB012,2022,AVEBAR,
BOB013,2021,AVEBAR,
BOB013,2022,AVEBAR,
BOB014,2022,AVEBAR,
BOB015,2021,AVEBAR,
BOB015,2022,AVEBAR,
BOB016,2021,AVEBAR,
BOB016,2022,AVEBAR,
BOB017,2021,AVEBAR,
BOB017,2022,AVEBAR,
BOB018,2021,AVEBAR,
BOB018,2022,AVEBAR,
BOB019,2021,AVEBAR,
BOB019,2022,AVEBAR,
BOB019,2022,AVEBAR,
CCC001,2021,AVEBAR,
CCC001,2022,AVEBAR,
CCC002,2021,AVEBAR,
CCC002,2022,AVEBAR,
CCC002,2022,AVEBAR,
CCC003,2022,AVEBAR,
CCC005,2022,AVEBAR,
CCC006,2022,AVEBAR,
CCC007,2021,AVEBAR,
CCC007,2022,AVEBAR,
CCC008,2021,AVEBAR,
CCC008,2022,AVEBAR,
CCC009,2021,AVEBAR,
CCC009,2022,AVEBAR,
CCC010,2021,AVEBAR,
CCC010,2022,AVEBAR,
CCC010,2022,AVEBAR,
CCC011,2021,AVEBAR,
CCC011,2022,AVEBAR,
CCC012,2021,AVEBAR,
CCC012,2022,AVEBAR,
COL007,2021,AVEBAR,
COL007,2022,AVEBAR,
COL012,2022,AVEBAR,
COL013,2021,AVEBAR,
COL013,2021,AVEBAR,
COL013,2022,AVEBAR,
COL014,2022,AVEBAR,
COL017,2021,AVEBAR,
COL017,2022,AVEBAR,
COL018,2022,AVEBAR,
QUA002,2021,AVEBAR,
QUA002,2022,AVEBAR,
QUA003,2021,AVEBAR,
QUA003,2022,AVEBAR,
QUA004,2021,AVEBAR,
QUA004,2022,AVEBAR,
QUA005,2022,AVEBAR,
QUA006,2022,AVEBAR,
QUA008,2022,AVEBAR,
QUA008,2022,AVEBAR,
QUA010,2021,AVEBAR,
QUA010,2022,AVEBAR,
QUA011,2021,AVEBAR,
QUA015,2021,AVEBAR,
QUA015,2022,AVEBAR,
QUA016,2022,AVEBAR,
QUA020,2022,AVEBAR,
QUA022,2021,AVEBAR,
QUA022,2022,AVEBAR,
COL014,2022,BACPIL,
BOB008,2022,BARORT,
BOB007,2021,BRADIS,
BOB010,2021,BRADIS,
BOB012,2021,BRADIS,
BOB013,2021,BRADIS,
CCC005,2022,BRADIS,
CCC005,2022,BRADIS,
COL007,2022,BRADIS,
COL007,2022,BRADIS,
COL013,2021,BRADIS,
COL014,2021,BRADIS,
COL014,2021,BRADIS,
COL017,2021,BRADIS,
COL017,2022,BRADIS,
COL018,2021,BRADIS,
COL018,2022,BRADIS,
QUA004,2022,BRADIS,
QUA005,2021,BRADIS,
QUA006,2022,BRADIS,
QUA008,2021,BRADIS,
QUA009,2021,BRADIS,
QUA010,2021,BRADIS,
QUA015,2021,BRADIS,
QUA016,2021,BRADIS,
QUA020,2021,BRADIS,
QUA021,2021,BRADIS,
QUA022,2021,BRIMIN,
QUA022,2022,BRIMIN,
BOB011,2021,BRODIA,
CCC001,2022,BRODIA,
CCC002,2022,BRODIA,
CCC007,2022,BRODIA,
CCC010,2022,BRODIA,
COL012,2021,BRODIA,
COL014,2021,BRODIA,
COL014,2022,BRODIA,
COL017,2022,BRODIA,
COL017,2021,BRODIA,
QUA022,2022,BRODIA,
BOB013,2022,BRODIEA,
CCC005,2022,BRODIEA,
BOB001,2021,BROHOR,
BOB002,2021,BROHOR,
BOB005,2022,BROHOR,
BOB006,2021,BROHOR,
BOB007,2021,BROHOR,
BOB007,2022,BROHOR,
BOB009,2021,BROHOR,
BOB010,2021,BROHOR,
BOB010,2022,BROHOR,
BOB013,2021,BROHOR,
BOB014,2021,BROHOR,
BOB019,2021,BROHOR,
BOB019,2022,BROHOR,
CCC001,2022,BROHOR,
CCC007,2021,BROHOR,
CCC007,2022,BROHOR,
CCC008,2021,BROHOR,
CCC008,2022,BROHOR,
CCC008,2022,BROHOR,
CCC010,2021,BROHOR,
CCC010,2022,BROHOR,
CCC011,2021,BROHOR,
CCC011,2022,BROHOR,
CCC012,2021,BROHOR,
CCC012,2022,BROHOR,
COL007,2021,BROHOR,
COL012,2022,BROHOR,
COL013,2021,BROHOR,
COL013,2022,BROHOR,
COL014,2021,BROHOR,
COL014,2022,BROHOR,
COL017,2021,BROHOR,
COL017,2022,BROHOR,
COL017,2022,BROHOR,
COL018,2021,BROHOR,
COL018,2022,BROHOR,
QUA001,2021,BROHOR,
QUA002,2022,BROHOR,
QUA004,2022,BROHOR,
QUA008,2022,BROHOR,
QUA010,2022,BROHOR,
QUA015,2021,BROHOR,
QUA015,2022,BROHOR,
QUA016,2021,BROHOR,
QUA016,2022,BROHOR,
QUA016,2022,BROHOR,
QUA020,2022,BROHOR,
QUA020,2022,BROHOR,
QUA022,2021,BROHOR,
QUA022,2022,BROHOR,
QUA022,2022,BROHOR,
BOB001,2021,BROMAD,
BOB001,2022,BROMAD,
BOB001,2022,BROMAD,
BOB002,2021,BROMAD,
BOB002,2022,BROMAD,
BOB003,2021,BROMAD,
BOB003,2022,BROMAD,
BOB004,2021,BROMAD,
BOB004,2022,BROMAD,
BOB005,2021,BROMAD,
BOB005,2022,BROMAD,
BOB006,2021,BROMAD,
BOB006,2022,BROMAD,
BOB006,2022,BROMAD,
BOB007,2021,BROMAD,
BOB007,2022,BROMAD,
BOB008,2021,BROMAD,
BOB008,2022,BROMAD,
BOB009,2021,BROMAD,
BOB009,2022,BROMAD,
BOB010,2021,BROMAD,
BOB010,2022,BROMAD,
BOB010,2022,BROMAD,
BOB011,2021,BROMAD,
BOB011,2022,BROMAD,
BOB012,2021,BROMAD,
BOB012,2022,BROMAD,
BOB013,2021,BROMAD,
BOB013,2022,BROMAD,
BOB014,2021,BROMAD,
BOB014,2022,BROMAD,
BOB015,2021,BROMAD,
BOB015,2022,BROMAD,
BOB016,2021,BROMAD,
BOB016,2022,BROMAD,
BOB017,2021,BROMAD,
BOB017,2022,BROMAD,
BOB018,2021,BROMAD,
BOB018,2022,BROMAD,
BOB019,2021,BROMAD,
BOB019,2022,BROMAD,
BOB019,2022,BROMAD,
CCC001,2021,BROMAD,
CCC001,2022,BROMAD,
CCC001,2022,BROMAD,
CCC002,2021,BROMAD,
CCC002,2022,BROMAD,
CCC003,2022,BROMAD,
CCC004,2021,BROMAD,
CCC004,2022,BROMAD,
CCC004,2022,BROMAD,
CCC005,2021,BROMAD,
CCC005,2022,BROMAD,
CCC006,2022,BROMAD,
CCC007,2021,BROMAD,
CCC007,2022,BROMAD,
CCC008,2021,BROMAD,
CCC008,2022,BROMAD,
CCC009,2021,BROMAD,
CCC009,2022,BROMAD,
CCC010,2021,BROMAD,
CCC010,2022,BROMAD,
CCC010,2022,BROMAD,
CCC011,2021,BROMAD,
CCC011,2022,BROMAD,
CCC012,2021,BROMAD,
CCC012,2022,BROMAD,
COL007,2021,BROMAD,
COL007,2022,BROMAD,
COL012,2021,BROMAD,
COL012,2022,BROMAD,
COL013,2021,BROMAD,
COL013,2022,BROMAD,
COL014,2021,BROMAD,
COL014,2022,BROMAD,
COL014,2022,BROMAD,
COL017,2021,BROMAD,
COL017,2022,BROMAD,
COL018,2021,BROMAD,
COL018,2022,BROMAD,
COL018,2022,BROMAD,
QUA002,2022,BROMAD,
QUA003,2022,BROMAD,
QUA004,2022,BROMAD,
QUA005,2022,BROMAD,
QUA006,2022,BROMAD,
QUA008,2021,BROMAD,
QUA008,2022,BROMAD,
QUA009,2021,BROMAD,
QUA009,2022,BROMAD,
QUA010,2021,BROMAD,
QUA010,2022,BROMAD,
QUA010,2022,BROMAD,
QUA011,2021,BROMAD,
QUA011,2022,BROMAD,
QUA015,2021,BROMAD,
QUA015,2022,BROMAD,
QUA016,2021,BROMAD,
QUA016,2022,BROMAD,
QUA020,2021,BROMAD,
QUA020,2022,BROMAD,
QUA021,2021,BROMAD,
QUA021,2022,BROMAD,
QUA022,2021,BROMAD,
QUA022,2022,BROMAD,
QUA024,2022,BROMAD,
QUA025,2022,BROMAD,
BOB007,2021,CALAMA,
BOB007,2022,CALAMA,
BOB008,2022,CALAMA,
BOB009,2021,CALAMA,
BOB013,2021,CALAMA,
BOB014,2021,CALAMA,
BOB015,2021,CALAMA,
BOB015,2022,CALAMA,
BOB016,2021,CALAMA,
BOB019,2022,CALAMA,
CCC001,2022,CALAMA,
CCC010,2021,CALAMA,
CCC011,2022,CALAMA,
COL007,2022,CALAMA,
COL012,2021,CALAMA,
COL012,2022,CALAMA,
COL013,2021,CALAMA,
COL013,2022,CALAMA,
QUA004,2021,CALAMA,
QUA004,2022,CALAMA,
QUA005,2021,CALAMA,
QUA005,2022,CALAMA,
QUA006,2021,CALAMA,
QUA006,2022,CALAMA,
QUA011,2021,CALAMA,
QUA011,2022,CALAMA,
QUA015,2021,CALAMA,
QUA015,2022,CALAMA,
QUA016,2021,CALAMA,
QUA020,2021,CALAMA,
QUA020,2022,CALAMA,
QUA021,2021,CALAMA,
QUA021,2021,CALAMA,
QUA024,2022,CALAMA,
QUA025,2022,CALAMA,
BOB001,2021,CALBRE,
BOB002,2021,CALBRE,
BOB002,2022,CALBRE,
BOB002,2022,CALBRE,
BOB003,2021,CALBRE,
BOB003,2022,CALBRE,
BOB004,2021,CALBRE,
BOB004,2022,CALBRE,
BOB006,2021,CALBRE,
BOB009,2021,CALBRE,
BOB011,2021,CALBRE,
BOB013,2021,CALBRE,
BOB016,2021,CALBRE,
BOB018,2021,CALBRE,
BOB019,2021,CALBRE,
CCC003,2021,CALBRE,
CCC003,2022,CALBRE,
CCC003,2022,CALBRE,
CCC004,2021,CALBRE,
CCC005,2022,CALBRE,
CCC006,2021,CALBRE,
CCC006,2022,CALBRE,
CCC008,2021,CALBRE,
CCC008,2022,CALBRE,
CCC009,2021,CALBRE,
COL007,2021,CALBRE,
COL007,2021,CALBRE,
COL012,2021,CALBRE,
COL012,2021,CALBRE,
COL012,2022,CALBRE,
COL012,2022,CALBRE,
COL013,2021,CALBRE,
QUA001,2021,CALBRE,
QUA002,2021,CALBRE,
QUA005,2021,CALBRE,
QUA005,2022,CALBRE,
QUA006,2021,CALBRE,
QUA006,2022,CALBRE,
QUA011,2022,CALBRE,
QUA015,2022,CALBRE,
QUA022,2021,CALBRE,
QUA022,2022,CALBRE,
BOB002,2022,CALMEN,
COL013,2021,CALMEN,
QUA004,2021,CALMEN,
QUA015,2021,CALMEN,
BOB007,2021,CALPUR,
BOB007,2022,CALPUR,
BOB008,2021,CALPUR,
BOB008,2022,CALPUR,
CCC001,2021,CALPUR,
CCC001,2021,CALPUR,
CCC002,2021,CALPUR,
CCC002,2022,CALPUR,
CCC004,2021,CALPUR,
CCC004,2022,CALPUR,
CCC010,2021,CALPUR,
CCC012,2021,CALPUR,
CCC012,2022,CALPUR,
COL007,2021,CALPUR,
COL007,2022,CALPUR,
COL012,2021,CALPUR,
COL012,2022,CALPUR,
COL012,2022,CALPUR,
COL013,2021,CALPUR,
COL013,2022,CALPUR,
COL013,2022,CALPUR,
COL014,2021,CALPUR,
COL014,2022,CALPUR,
COL014,2022,CALPUR,
COL017,2021,CALPUR,
COL017,2022,CALPUR,
COL017,2022,CALPUR,
COL018,2021,CALPUR,
COL018,2022,CALPUR,
QUA001,2021,CALPUR,
QUA002,2021,CALPUR,
QUA002,2022,CALPUR,
QUA003,2021,CALPUR,
QUA003,2022,CALPUR,
QUA004,2021,CALPUR,
QUA004,2022,CALPUR,
QUA008,2021,CALPUR,
QUA008,2022,CALPUR,
QUA009,2021,CALPUR,
QUA009,2022,CALPUR,
QUA009,2022,CALPUR,
QUA010,2021,CALPUR,
QUA010,2022,CALPUR,
QUA011,2021,CALPUR,
QUA011,2022,CALPUR,
QUA015,2021,CALPUR,
QUA015,2022,CALPUR,
QUA015,2022,CALPUR,
QUA016,2021,CALPUR,
QUA016,2022,CALPUR,
QUA020,2021,CALPUR,
QUA020,2022,CALPUR,
QUA021,2021,CALPUR,
QUA021,2022,CALPUR,
QUA022,2021,CALPUR,
QUA022,2022,CALPUR,
QUA022,2022,CALPUR,
QUA024,2022,CALPUR,
QUA025,2022,CALPUR,
CCC008,2021,CALSPL,
CCC008,2022,CALSPL,
CCC009,2021,CALSPL,
CCC009,2022,CALSPL,
COL007,2022,CLAUNG,
CCC004,2022,CAMINT,
CCC005,2022,CAMINT,
CCC006,2021,CAMINT,
CCC006,2022,CAMINT,
CCC009,2021,CAMINT,
CCC001,2022,CAMPANULACEAE,
CCC002,2022,CAMPANULACEAE,
BOB008,2022,CAROLI,
BOB016,2021,CAROLI,
BOB019,2021,CAROLI,
CCC001,2022,CAROLI,
CCC001,2022,CAROLI,
CCC002,2022,CAROLI,
CCC012,2022,CAROLI,
COL014,2021,CAROLI,
COL014,2022,CAROLI,
QUA004,2021,CAROLI,
QUA004,2022,CAROLI,
QUA005,2021,CAROLI,
QUA016,2021,CAROLI,
QUA016,2022,CAROLI,
QUA016,2022,CAROLI,
QUA020,2021,CAROLI,
QUA020,2022,CAROLI,
QUA021,2021,CAROLI,
QUA021,2022,CAROLI,
QUA024,2022,CAROLI,
BOB001,2021,CARPYC,
BOB001,2022,CARPYC,
BOB001,2022,CARPYC,
BOB002,2021,CARPYC,
BOB002,2022,CARPYC,
BOB002,2022,CARPYC,
BOB007,2021,CARPYC,
BOB007,2022,CARPYC,
BOB007,2022,CARPYC,
BOB008,2021,CARPYC,
BOB008,2022,CARPYC,
BOB009,2021,CARPYC,
BOB013,2022,CARPYC,
BOB014,2021,CARPYC,
BOB014,2022,CARPYC,
BOB014,2022,CARPYC,
BOB015,2021,CARPYC,
BOB015,2022,CARPYC,
BOB016,2021,CARPYC,
BOB016,2022,CARPYC,
BOB018,2021,CARPYC,
BOB019,2021,CARPYC,
BOB019,2022,CARPYC,
CCC006,2022,CARPYC,
COL013,2022,CARPYC,
QUA005,2021,CARPYC,
QUA005,2022,CARPYC,
QUA006,2022,CARPYC,
QUA016,2022,CARPYC,
QUA021,2022,CARPYC,
QUA022,2022,CARPYC,
QUA022,2022,CARPYC,
BOB003,2022,CARYOPH_UNK,
BOB003,2021,CASAFF,
CCC010,2021,CASAFF,
CCC010,2022,CASAFF,
CCC011,2022,CASAFF,
QUA002,2021,CASAFF,
BOB001,2022,CASATT,
BOB019,2022,CASATT,
BOB004,2022,CASFOL,
CCC009,2022,CASFOL,
CCC010,2022,CASFOL,
COL013,2021,CASFOL,
COL017,2022,CASFOL,
COL007,2021,CASTILLEJA,
COL012,2021,CASTILLEJA,
CCC008,2021,CAULAS,
CCC009,2021,CAULAS,
CCC010,2021,CAULAS,
CCC011,2021,CAULAS,
CCC012,2021,CAULAS,
BOB014,2021,CEACUN,SEEDLING
CCC001,2021,CEACUN,SEEDLING
CCC003,2021,CEACUN,SEEDLING
CCC003,2021,CEACUN,SEEDLING
CCC003,2022,CEACUN,SEEDLING
CCC005,2021,CEACUN,SEEDLING
CCC005,2022,CEACUN,SEEDLING
CCC006,2021,CEACUN,SEEDLING
CCC006,2022,CEACUN,SEEDLING
CCC011,2021,CEACUN,SEEDLING
QUA004,2021,CEACUN,SEEDLING
QUA004,2022,CEACUN,SEEDLING
QUA009,2021,CEACUN,SEEDLING
QUA011,2021,CEACUN,SEEDLING
QUA015,2021,CEACUN,SEEDLING
QUA015,2022,CEACUN,SEEDLING
QUA016,2022,CEACUN,SEEDLING
QUA020,2021,CEACUN,SEEDLING
QUA020,2022,CEACUN,SEEDLING
QUA020,2022,CEACUN,SEEDLING
QUA021,2021,CEACUN,SEEDLING
QUA021,2022,CEACUN,SEEDLING
QUA022,2021,CEACUN,SEEDLING
QUA022,2022,CEACUN,SEEDLING
QUA024,2022,CEACUN,SEEDLING
QUA016,2021,CEANOTHUS,SEEDLING
CCC001,2021,CEAOLI,SEEDLING
CCC004,2021,CEAOLI,SEEDLING
QUA006,2022,CEAOLI,SEEDLING
QUA015,2022,CEAOLI,SEEDLING
QUA016,2022,CEAOLI,SEEDLING
QUA022,2021,CEAOLI,SEEDLING
QUA022,2022,CEAOLI,SEEDLING
BOB001,2021,CENMEL,
BOB001,2022,CENMEL,
BOB001,2022,CENMEL,
BOB002,2021,CENMEL,
BOB002,2022,CENMEL,
BOB003,2021,CENMEL,
BOB003,2022,CENMEL,
BOB004,2021,CENMEL,
BOB004,2022,CENMEL,
BOB005,2021,CENMEL,
BOB005,2022,CENMEL,
BOB006,2021,CENMEL,
BOB006,2022,CENMEL,
BOB007,2021,CENMEL,
BOB007,2022,CENMEL,
BOB008,2021,CENMEL,
BOB008,2022,CENMEL,
BOB009,2021,CENMEL,
BOB009,2022,CENMEL,
BOB010,2021,CENMEL,
BOB010,2022,CENMEL,
BOB011,2021,CENMEL,
BOB011,2022,CENMEL,
BOB012,2021,CENMEL,
BOB012,2022,CENMEL,
BOB013,2021,CENMEL,
BOB013,2022,CENMEL,
BOB014,2021,CENMEL,
BOB014,2022,CENMEL,
BOB015,2021,CENMEL,
BOB015,2022,CENMEL,
BOB016,2021,CENMEL,
BOB016,2022,CENMEL,
BOB017,2021,CENMEL,
BOB017,2022,CENMEL,
BOB017,2022,CENMEL,
BOB018,2021,CENMEL,
BOB018,2022,CENMEL,
BOB019,2021,CENMEL,
BOB019,2022,CENMEL,
CCC003,2022,CENMEL,
CCC005,2021,CENMEL,
CCC005,2022,CENMEL,
CCC006,2022,CENMEL,
CCC007,2021,CENMEL,
CCC007,2022,CENMEL,
CCC008,2021,CENMEL,
CCC008,2022,CENMEL,
CCC009,2021,CENMEL,
CCC009,2022,CENMEL,
CCC011,2021,CENMEL,
COL007,2021,CENMEL,
COL007,2022,CENMEL,
COL012,2021,CENMEL,
COL012,2022,CENMEL,
COL013,2021,CENMEL,
COL013,2022,CENMEL,
COL014,2021,CENMEL,
COL014,2022,CENMEL,
COL017,2021,CENMEL,
COL017,2022,CENMEL,
COL018,2022,CENMEL,
QUA001,2021,CENMEL,
QUA002,2021,CENMEL,
QUA002,2022,CENMEL,
QUA003,2021,CENMEL,
QUA003,2022,CENMEL,
QUA004,2021,CENMEL,
QUA004,2022,CENMEL,
QUA005,2021,CENMEL,
QUA005,2022,CENMEL,
QUA006,2022,CENMEL,
QUA008,2021,CENMEL,
QUA008,2022,CENMEL,
QUA008,2022,CENMEL,
QUA009,2021,CENMEL,
QUA009,2022,CENMEL,
QUA009,2022,CENMEL,
QUA009,2022,CENMEL,
QUA010,2021,CENMEL,
QUA010,2022,CENMEL,
QUA011,2022,CENMEL,
QUA015,2021,CENMEL,
QUA015,2022,CENMEL,
QUA016,2022,CENMEL,
QUA020,2022,CENMEL,
QUA021,2022,CENMEL,
QUA022,2021,CENMEL,
QUA022,2022,CENMEL,
QUA022,2022,CENMEL,
QUA024,2022,CENMEL,
QUA025,2022,CENMEL,
CCC007,2021,CENSOL,
CCC001,2021,CERBET,
CCC007,2021,CERBET,
CCC007,2022,CERBET,
CCC010,2021,CERBET,
CCC011,2021,CERBET,SEEDLING
CCC011,2022,CERBET,
CCC012,2021,CERBET,
QUA015,2021,CERBET,seedling
QUA020,2021,CERBET,SEEDLING
BOB002,2022,CERGLO,
BOB003,2022,CERGLO,
BOB007,2021,CERGLO,
BOB014,2021,CERGLO,
BOB014,2022,CERGLO,
BOB015,2021,CERGLO,
BOB016,2021,CERGLO,
BOB016,2022,CERGLO,
BOB019,2021,CERGLO,
BOB019,2022,CERGLO,
CCC001,2021,CERGLO,
CCC001,2022,CERGLO,
CCC002,2022,CERGLO,
CCC004,2021,CERGLO,
CCC004,2022,CERGLO,
CCC012,2021,CERGLO,
CCC012,2022,CERGLO,
QUA001,2021,CERGLO,
QUA015,2022,CERGLO,
QUA016,2021,CERGLO,
QUA016,2022,CERGLO,
QUA020,2021,CERGLO,
QUA020,2022,CERGLO,
QUA021,2022,CERGLO,
QUA021,2022,CERGLO,
QUA024,2022,CERGLO,
BOB001,2021,CHLPOM,
BOB001,2022,CHLPOM,
BOB002,2021,CHLPOM,
BOB002,2022,CHLPOM,
BOB003,2021,CHLPOM,
BOB003,2022,CHLPOM,
BOB004,2021,CHLPOM,
BOB004,2022,CHLPOM,
BOB005,2021,CHLPOM,
BOB005,2022,CHLPOM,
BOB006,2021,CHLPOM,
BOB006,2022,CHLPOM,
BOB007,2022,CHLPOM,
BOB009,2021,CHLPOM,
BOB009,2022,CHLPOM,
BOB010,2021,CHLPOM,
BOB010,2022,CHLPOM,
BOB011,2021,CHLPOM,
BOB011,2022,CHLPOM,
BOB012,2021,CHLPOM,
BOB012,2022,CHLPOM,
BOB013,2021,CHLPOM,
BOB013,2022,CHLPOM,
BOB013,2022,CHLPOM,
BOB014,2021,CHLPOM,
BOB014,2022,CHLPOM,
BOB016,2021,CHLPOM,
BOB016,2021,CHLPOM,
BOB016,2022,CHLPOM,
BOB016,2022,CHLPOM,
BOB017,2021,CHLPOM,
BOB017,2022,CHLPOM,
BOB017,2022,CHLPOM,
BOB018,2021,CHLPOM,
BOB018,2022,CHLPOM,
BOB019,2021,CHLPOM,
BOB019,2022,CHLPOM,
CCC005,2021,CHLPOM,
CCC005,2022,CHLPOM,
CCC008,2021,CHLPOM,
CCC008,2022,CHLPOM,
CCC009,2021,CHLPOM,
CCC011,2021,CHLPOM,
CCC011,2022,CHLPOM,
COL007,2021,CHLPOM,
COL007,2022,CHLPOM,
COL012,2021,CHLPOM,
COL012,2022,CHLPOM,
COL013,2021,CHLPOM,
COL013,2022,CHLPOM,
COL014,2021,CHLPOM,
COL014,2022,CHLPOM,
QUA004,2021,CHLPOM,
QUA004,2022,CHLPOM,
QUA005,2021,CHLPOM,
QUA006,2021,CHLPOM,
QUA006,2022,CHLPOM,
QUA008,2022,CHLPOM,
QUA010,2021,CHLPOM,
QUA011,2021,CHLPOM,
QUA011,2022,CHLPOM,
QUA015,2021,CHLPOM,
QUA016,2021,CHLPOM,
QUA020,2021,CHLPOM,
QUA020,2022,CHLPOM,
QUA020,2022,CHLPOM,
QUA022,2021,CHLPOM,
QUA022,2022,CHLPOM,
CCC010,2021,CIRSIUM,
QUA001,2021,CIRSIUM,
CCC007,2022,CLACON,
CCC010,2021,CLACON,
CCC011,2021,CLACON,
CCC011,2022,CLACON,
CCC012,2022,CLACON,
COL017,2022,CLACON,
COL017,2022,CLACON,
BOB013,2021,CLAGRA,
BOB015,2021,CLAGRA,
BOB016,2021,CLAGRA,
CCC002,2021,CLAGRA,
CCC011,2021,CLAGRA,
CCC012,2021,CLAGRA,
BOB007,2021,CLAPAR,
BOB007,2022,CLAPAR,
BOB008,2021,CLAPAR,
BOB008,2022,CLAPAR,
BOB016,2021,CLAPAR,
BOB019,2021,CLAPAR,
CCC001,2022,CLAPAR,
CCC002,2022,CLAPAR,
CCC002,2022,CLAPAR,
CCC004,2021,CLAPAR,
CCC004,2022,CLAPAR,
CCC010,2021,CLAPAR,
CCC010,2022,CLAPAR,
CCC010,2022,CLAPAR,
CCC012,2021,CLAPAR,
CCC012,2022,CLAPAR,
COL012,2021,CLAPAR,
COL014,2021,CLAPAR,
COL014,2022,CLAPAR,
COL017,2021,CLAPAR,
QUA016,2021,CLAPAR,
QUA016,2021,CLAPAR,
QUA016,2022,CLAPAR,
QUA020,2021,CLAPAR,
QUA020,2022,CLAPAR,
QUA021,2021,CLAPAR,
QUA021,2022,CLAPAR,
QUA024,2022,CLAPAR,
BOB013,2022,CLAPUR,
BOB014,2022,CLAPUR,
BOB015,2022,CLAPUR,
CCC001,2022,CLAPUR,
CCC002,2022,CLAPUR,
CCC002,2022,CLAPUR,
CCC004,2022,CLAPUR,
CCC009,2022,CLAPUR,
CCC010,2022,CLAPUR,
CCC011,2022,CLAPUR,
CCC012,2022,CLAPUR,
COL007,2022,CLAPUR,
COL012,2022,CLAPUR,
COL013,2022,CLAPUR,
COL017,2022,CLAPUR,
COL017,2022,CLAPUR,
COL012,2021,CLARKIA,
COL014,2021,CLARKIA,
QUA006,2021,CLARKIA,
BOB014,2021,CLAPAR,
BOB013,2021,CLAUNG,
BOB014,2021,CLAUNG,
CCC001,2022,CLAUNG,
CCC004,2021,CLAUNG,
CCC007,2021,CLAUNG,
CCC007,2022,CLAUNG,
CCC012,2021,CLAUNG,
BOB007,2021,CLELAS,
BOB007,2022,CLELAS,
BOB008,2021,CLELAS,
BOB008,2022,CLELAS,
BOB014,2021,CLELAS,
BOB014,2022,CLELAS,
CCC001,2021,CLELAS,
CCC001,2022,CLELAS,
CCC002,2021,CLELAS,
CCC002,2022,CLELAS,
CCC004,2021,CLELAS,
CCC004,2022,CLELAS,
CCC004,2022,CLELAS,
CCC010,2021,CLELAS,
CCC010,2022,CLELAS,
CCC011,2021,CLELAS,
CCC011,2022,CLELAS,
COL017,2022,CLELAS,
QUA021,2022,CLELAS,
BOB013,2021,COLGRA,
BOB015,2021,COLHET,
CCC001,2021,COLHET,
CCC001,2022,COLHET,
CCC001,2022,COLHET,
CCC011,2021,COLHET,
CCC011,2022,COLHET,
CCC012,2021,COLHET,
CCC012,2022,COLHET,
QUA022,2021,COLHET,
QUA022,2022,COLHET,
CCC012,2021,COLLINSIA,
BOB016,2021,COLSPA,
BOB017,2021,COLSPA,
BOB019,2021,COLSPA,
CCC001,2021,COLSPA,
CCC002,2021,COLSPA,
CCC010,2021,COLSPA,
CCC011,2021,COLSPA,
CCC012,2021,COLSPA,
BOB008,2021,ASTER,RESPROUT
BOB008,2021,ASTER,SEEDLING
BOB019,2021,ASTER,
BOB003,2021,CRACON,
BOB003,2022,CRACON,
BOB004,2021,CRACON,
BOB004,2022,CRACON,
BOB005,2022,CRACON,
CCC008,2022,CRACON,
COL007,2022,CRACON,
QUA020,2022,CRACON,
QUA015,2022,CROSCO,
QUA016,2022,CROSCO,
QUA016,2022,CROSCO,
BOB004,2021,CRYMUR,
BOB009,2021,CRYMUR,
BOB017,2021,CRYMUR,
CCC002,2022,CRYMUR,
CCC006,2022,CRYMUR,
QUA009,2022,CRYPTANTHA,
COL007,2021,CRYPTANTHA,
BOB004,2022,CRYPTANTHA,
CCC001,2022,CRYPTANTHA,
CCC003,2022,CRYPTANTHA,
CCC008,2022,CRYPTANTHA,
CCC009,2022,CRYPTANTHA,
COL013,2022,CRYPTANTHA,
COL017,2022,CRYPTANTHA,
BOB002,2021,CYNGRA,
BOB002,2022,CYNGRA,
BOB003,2022,CYNGRA,
BOB007,2021,CYNGRA,
BOB007,2022,CYNGRA,
BOB013,2021,CYNGRA,
BOB013,2022,CYNGRA,
BOB015,2021,CYNGRA,
BOB015,2022,CYNGRA,
BOB016,2021,CYNGRA,
BOB016,2022,CYNGRA,
BOB019,2022,CYNGRA,
CCC001,2021,CYNGRA,
CCC001,2022,CYNGRA,
CCC002,2021,CYNGRA,
CCC002,2022,CYNGRA,
CCC004,2021,CYNGRA,
CCC004,2022,CYNGRA,
COL014,2021,CYNGRA,
COL014,2022,CYNGRA,
QUA022,2021,CYNGRA,
QUA024,2022,CYNGRA,
BOB002,2021,DAUPUS,
BOB002,2022,DAUPUS,
BOB003,2022,DAUPUS,
BOB004,2021,DAUPUS,
BOB007,2021,DAUPUS,
BOB007,2022,DAUPUS,
BOB008,2022,DAUPUS,
BOB009,2021,DAUPUS,
BOB009,2022,DAUPUS,
BOB010,2021,DAUPUS,
BOB013,2021,DAUPUS,
BOB013,2022,DAUPUS,
BOB014,2022,DAUPUS,
BOB015,2021,DAUPUS,
BOB015,2022,DAUPUS,
BOB016,2021,DAUPUS,
BOB016,2022,DAUPUS,
BOB017,2021,DAUPUS,
BOB018,2021,DAUPUS,
BOB019,2022,DAUPUS,
CCC002,2022,DAUPUS,
CCC005,2021,DAUPUS,
CCC005,2022,DAUPUS,
CCC007,2021,DAUPUS,
CCC007,2022,DAUPUS,
CCC008,2021,DAUPUS,
CCC008,2022,DAUPUS,
CCC009,2021,DAUPUS,
CCC010,2021,DAUPUS,
CCC010,2022,DAUPUS,
CCC011,2021,DAUPUS,
CCC011,2022,DAUPUS,
CCC012,2021,DAUPUS,
COL007,2021,DAUPUS,
COL012,2021,DAUPUS,
COL012,2022,DAUPUS,
COL014,2022,DAUPUS,
COL017,2021,DAUPUS,
COL017,2022,DAUPUS,
COL018,2021,DAUPUS,
QUA004,2021,DAUPUS,
QUA004,2022,DAUPUS,
QUA005,2022,DAUPUS,
QUA008,2021,DAUPUS,
QUA008,2022,DAUPUS,
QUA011,2022,DAUPUS,
QUA015,2021,DAUPUS,
QUA015,2022,DAUPUS,
QUA016,2021,DAUPUS,
QUA016,2022,DAUPUS,
QUA020,2021,DAUPUS,
QUA020,2022,DAUPUS,
QUA022,2021,DAUPUS,
QUA022,2022,DAUPUS,
QUA024,2022,DAUPUS,
COL017,2021,delphinium,collected
CCC002,2021,DESDAN,
BOB010,2021,DIPCAP,
BOB007,2021,DICVOL,
BOB007,2022,DICVOL,
BOB008,2021,DICVOL,
BOB012,2021,DICVOL,
BOB013,2021,DICVOL,
BOB014,2021,DICVOL,
BOB014,2022,DICVOL,
BOB015,2021,DICVOL,
BOB016,2021,DICVOL,
BOB019,2021,DICVOL,
CCC001,2021,DICVOL,
CCC001,2022,DICVOL,
CCC002,2021,DICVOL,
CCC002,2022,DICVOL,
CCC003,2021,DICVOL,
CCC003,2021,DICVOL,
CCC003,2022,DICVOL,
CCC004,2021,DICVOL,
CCC004,2021,DICVOL,
CCC005,2021,DICVOL,
CCC005,2022,DICVOL,
CCC008,2021,DICVOL,
CCC008,2022,DICVOL,
CCC008,2022,DICVOL,
CCC009,2021,DICVOL,
CCC009,2022,DICVOL,
CCC010,2021,DICVOL,
CCC010,2022,DICVOL,
CCC011,2021,DICVOL,
CCC011,2022,DICVOL,
CCC012,2021,DICVOL,
COL007,2022,DICVOL,
COL013,2021,DICVOL,
COL013,2022,DICVOL,
COL014,2021,DICVOL,
COL014,2021,DICVOL,
COL014,2022,DICVOL,
COL017,2021,DICVOL,
COL017,2022,DICVOL,
QUA003,2022,DICVOL,
QUA004,2022,DICVOL,
QUA005,2022,DICVOL,
QUA006,2022,DICVOL,
QUA008,2022,DICVOL,
QUA015,2021,DICVOL,
QUA015,2022,DICVOL,
QUA016,2021,DICVOL,
QUA016,2022,DICVOL,
QUA020,2021,DICVOL,
QUA020,2022,DICVOL,
QUA020,2022,DICVOL,
QUA021,2021,DICVOL,
QUA021,2022,DICVOL,
QUA022,2021,DICVOL,
QUA022,2022,DICVOL,
QUA024,2022,DICVOL,
BOB003,2022,DIPCAP,
BOB006,2021,DIPCAP,
BOB007,2021,DIPCAP,
BOB010,2022,DIPCAP,
BOB012,2021,DIPCAP,
BOB012,2022,DIPCAP,
BOB013,2021,DIPCAP,
BOB013,2022,DIPCAP,
BOB013,2022,DIPCAP,
BOB015,2022,DIPCAP,
BOB019,2021,DIPCAP,
CCC001,2021,DIPCAP,
CCC001,2022,DIPCAP,
CCC002,2021,DIPCAP,
CCC003,2021,DIPCAP,
CCC007,2021,DIPCAP,
CCC007,2022,DIPCAP,
CCC008,2021,DIPCAP,
CCC009,2021,DIPCAP,
CCC009,2022,DIPCAP,
CCC010,2021,DIPCAP,
CCC012,2021,DIPCAP,
COL007,2021,DIPCAP,
COL007,2022,DIPCAP,
COL012,2021,DIPCAP,
COL012,2022,DIPCAP,
COL012,2022,DIPCAP,
COL013,2021,DIPCAP,
COL013,2022,DIPCAP,
COL013,2022,DIPCAP,
COL014,2021,DIPCAP,
COL014,2022,DIPCAP,
COL017,2021,DIPCAP,
COL017,2022,DIPCAP,
COL018,2021,DIPCAP,
COL018,2022,DIPCAP,
QUA001,2021,DIPCAP,
QUA002,2021,DIPCAP,
QUA002,2022,DIPCAP,
QUA002,2022,DIPCAP,
QUA003,2021,DIPCAP,
QUA003,2022,DIPCAP,
QUA003,2022,DIPCAP,
QUA004,2021,DIPCAP,
QUA004,2022,DIPCAP,
QUA005,2021,DIPCAP,
QUA005,2022,DIPCAP,
QUA006,2021,DIPCAP,
QUA006,2022,DIPCAP,
QUA008,2021,DIPCAP,
QUA008,2022,DIPCAP,
QUA009,2021,DIPCAP,
QUA009,2022,DIPCAP,
QUA010,2021,DIPCAP,
QUA010,2022,DIPCAP,
QUA011,2021,DIPCAP,
QUA011,2022,DIPCAP,
QUA015,2021,DIPCAP,
QUA020,2022,DIPCAP,
QUA021,2022,DIPCAP,
QUA022,2022,DIPCAP,
QUA024,2022,DIPCAP,
CCC003,2022,EHRCHR,
CCC004,2022,EHRCHR,
BOB001,2021,EMMPEN,
BOB002,2021,EMMPEN,
BOB002,2022,EMMPEN,
BOB003,2021,EMMPEN,
BOB003,2022,EMMPEN,
BOB004,2022,EMMPEN,
BOB005,2021,EMMPEN,
BOB005,2022,EMMPEN,
BOB007,2021,EMMPEN,
BOB009,2021,EMMPEN,
BOB010,2021,EMMPEN,
BOB011,2021,EMMPEN,
BOB011,2022,EMMPEN,
BOB012,2021,EMMPEN,
BOB012,2022,EMMPEN,
BOB013,2021,EMMPEN,
BOB013,2022,EMMPEN,
BOB014,2021,EMMPEN,
BOB014,2022,EMMPEN,
BOB015,2021,EMMPEN,
BOB016,2021,EMMPEN,
BOB017,2021,EMMPEN,
BOB018,2021,EMMPEN,
BOB018,2022,EMMPEN,
BOB019,2021,EMMPEN,
CCC003,2021,EMMPEN,
CCC003,2022,EMMPEN,
CCC003,2022,EMMPEN,
CCC004,2021,EMMPEN,
CCC004,2022,EMMPEN,
CCC005,2021,EMMPEN,
CCC005,2022,EMMPEN,
CCC005,2022,EMMPEN,
CCC006,2022,EMMPEN,
CCC008,2021,EMMPEN,
CCC008,2022,EMMPEN,
CCC009,2021,EMMPEN,
CCC009,2022,EMMPEN,
CCC011,2021,EMMPEN,
COL007,2021,EMMPEN,
COL007,2021,EMMPEN,
COL012,2021,EMMPEN,
COL012,2022,EMMPEN,
COL013,2021,EMMPEN,
COL013,2022,EMMPEN,
COL014,2021,EMMPEN,
COL017,2021,EMMPEN,
COL017,2022,EMMPEN,
COL017,2022,EMMPEN,
COL018,2021,EMMPEN,
COL018,2022,EMMPEN,
COL018,2022,EMMPEN,
QUA001,2021,EMMPEN,
QUA002,2021,EMMPEN,
QUA003,2021,EMMPEN,
QUA003,2022,EMMPEN,
QUA004,2022,EMMPEN,
QUA005,2021,EMMPEN,
QUA005,2022,EMMPEN,
QUA006,2021,EMMPEN,
QUA006,2022,EMMPEN,
QUA008,2021,EMMPEN,
QUA008,2022,EMMPEN,
QUA009,2021,EMMPEN,
QUA009,2022,EMMPEN,
QUA009,2022,EMMPEN,
QUA010,2021,EMMPEN,
QUA010,2022,EMMPEN,
QUA011,2021,EMMPEN,
QUA011,2022,EMMPEN,
QUA015,2021,EMMPEN,
QUA015,2022,EMMPEN,
QUA016,2021,EMMPEN,
QUA016,2022,EMMPEN,
QUA020,2021,EMMPEN,
QUA020,2022,EMMPEN,
QUA021,2022,EMMPEN,
QUA021,2022,EMMPEN,
QUA022,2021,EMMPEN,
QUA022,2022,EMMPEN,
QUA022,2022,EMMPEN,
QUA024,2022,EMMPEN,
QUA025,2022,EMMPEN,
BOB003,2022,EPIBRA,
BOB015,2021,EPIBRA,
CCC002,2021,EPIBRA,
CCC004,2021,EPIBRA,
CCC004,2022,EPIBRA,
CCC005,2021,EPIBRA,
CCC005,2022,EPIBRA,
COL012,2021,EPIBRA,
COL014,2022,EPIBRA,
QUA003,2022,EPIBRA,
QUA004,2021,EPIBRA,
QUA004,2022,EPIBRA,
QUA015,2021,EPIBRA,
QUA016,2022,EPIBRA,
QUA022,2022,EPIBRA,
QUA025,2022,EPIBRA,
CCC011,2021,EPIMIN,
CCC012,2021,EPIMIN,
BOB001,2021,ERICAL,
BOB001,2022,ERICAL,SEEDLING
BOB001,2022,ERICAL,RESPROUT
BOB002,2021,ERICAL,
BOB002,2022,ERICAL,
BOB004,2022,ERICAL,RESPROUT
BOB005,2021,ERICAL,
BOB005,2022,ERICAL,SEEDLING
BOB006,2021,ERICAL,
BOB006,2022,ERICAL,SEEDLING
BOB006,2022,ERICAL,RESPROUT
BOB007,2022,ERICAL,RESPROUT
BOB009,2021,ERICAL,
BOB009,2022,ERICAL,RESPROUT
BOB009,2022,ERICAL,SEEDLING
BOB010,2022,ERICAL,RESPROUT
BOB010,2022,ERICAL,SEEDLING
BOB012,2021,ERICAL,
BOB012,2022,ERICAL,RESPROUT
BOB012,2022,ERICAL,SEEDLING
BOB013,2021,ERICAL,
BOB014,2021,ERICAL,SEEDLING
BOB014,2022,ERICAL,SEEDLING
BOB015,2021,ERICAL,
BOB015,2022,ERICAL,SEEDLING
BOB015,2022,ERICAL,RESPROUT
BOB016,2021,ERICAL,RESPROUT
BOB016,2021,ERICAL,SEEDLING
BOB016,2022,ERICAL,SEEDLING
BOB016,2022,ERICAL,RESPROUT
BOB017,2021,ERICAL,SEEDLING
BOB017,2021,ERICAL,RESPROUT
BOB017,2022,ERICAL,SEEDLING
BOB017,2022,ERICAL,RESPROUT
BOB018,2021,ERICAL,
BOB018,2022,ERICAL,RESPROUT
BOB018,2022,ERICAL,SEEDLING
BOB018,2022,ERICAL,UNBURNT
CCC001,2021,ERICAL,
CCC002,2021,ERICAL,
CCC003,2021,ERICAL,
CCC003,2021,ERICAL,
CCC003,2022,ERICAL,SEEDLING
CCC004,2021,ERICAL,SEEDLING
CCC005,2021,ERICAL,SEEDLING
CCC005,2022,ERICAL,SEEDLING
CCC006,2021,ERICAL,
CCC006,2022,ERICAL,SEEDLING
CCC007,2021,ERICAL,
CCC007,2022,ERICAL,SEEDLING
CCC007,2022,ERICAL,RESPROUT
CCC008,2021,ERICAL,
CCC008,2022,ERICAL,SEEDLING
CCC008,2022,ERICAL,RESPROUT
CCC009,2021,ERICAL,
CCC009,2022,ERICAL,SEEDLING
CCC009,2022,ERICAL,RESPROUT
CCC010,2021,ERICAL,SEEDLING
CCC010,2021,ERICAL,RESPROUT
CCC011,2021,ERICAL,
CCC011,2022,ERICAL,RESPROUT
CCC011,2022,ERICAL,SEEDLING
CCC012,2021,ERICAL,
COL007,2021,ERICAL,
COL007,2022,ERICAL,SEEDLING
COL012,2021,ERICAL,
COL012,2021,ERICAL,resprout
COL012,2021,ERICAL,seedling
COL012,2021,ERICAL,
COL012,2021,ERICAL,
COL012,2022,ERICAL,RESPROUT
COL012,2022,ERICAL,SEEDLING
COL013,2021,erical,SEEDLING
COL013,2021,ERICAL,RESPROUT
COL013,2022,ERICAL,RESPROUT
COL013,2022,ERICAL,SEEDLING
COL017,2022,ERICAL,RESPROUT
COL017,2022,ERICAL,SEEDLING
COL018,2021,ERICAL,resprout
COL018,2021,ERICAL,seedling
COL018,2022,ERICAL,SEEDLING
COL018,2022,ERICAL,RESPROUT
QUA002,2021,ERICAL,SEEDLING
QUA002,2021,ERICAL,RESPROUT
QUA002,2022,ERICAL,RESPROUT
QUA002,2022,ERICAL,SEEDLING
QUA002,2022,ERICAL,SEEDLING
QUA003,2022,ERICAL,SEEDLING
QUA003,2022,ERICAL,RESPROUT
QUA005,2021,ERICAL,seedling
QUA005,2022,ERICAL,SEEDLING
QUA010,2021,ERICAL,SEEDLING
QUA015,2021,ERICAL,
QUA015,2022,ERICAL,SEEDLING
QUA015,2022,ERICAL,RESPROUT
BOB010,2021,ERICAP,
COL007,2022,ERIDAS,
COL018,2022,ERIDAS,
BOB002,2022,ERILAN,
BOB004,2021,ERILAN,
BOB004,2022,ERILAN,
BOB012,2021,ERILAN,
BOB013,2022,ERILAN,
BOB017,2021,ERILAN,
BOB018,2021,ERILAN,
BOB018,2022,ERILAN,
CCC005,2021,ERILAN,
CCC007,2022,ERILAN,
CCC008,2021,ERILAN,
CCC008,2022,ERILAN,
CCC009,2021,ERILAN,
CCC009,2022,ERILAN,
CCC010,2021,ERILAN,
CCC010,2022,ERILAN,
CCC011,2021,ERILAN,
CCC011,2022,ERILAN,
COL007,2021,ERILAN,
COL012,2021,ERILAN,
COL012,2022,ERILAN,
COL012,2022,ERILAN,
COL014,2021,ERILAN,
COL014,2022,ERILAN,
QUA005,2022,ERILAN,
QUA024,2022,ERILAN,
COL007,2021,ERINUD,
COL007,2022,ERINUD,
BOB001,2021,EROBOT,
BOB006,2021,EROBOT,
BOB017,2021,EROBOT,
BOB001,2021,EROCIC,
BOB001,2022,EROCIC,
BOB002,2021,EROCIC,
BOB002,2022,EROCIC,
BOB003,2021,EROCIC,
BOB003,2022,EROCIC,
BOB004,2021,EROCIC,
BOB004,2022,EROCIC,
BOB005,2021,EROCIC,
BOB005,2022,EROCIC,
BOB006,2021,EROCIC,
BOB006,2022,EROCIC,
BOB009,2021,EROCIC,
BOB009,2022,EROCIC,
BOB010,2021,EROCIC,
BOB010,2022,EROCIC,
BOB011,2021,EROCIC,
BOB011,2022,EROCIC,
BOB012,2021,EROCIC,
BOB012,2022,EROCIC,
BOB013,2021,EROCIC,
BOB013,2022,EROCIC,
BOB014,2022,EROCIC,
BOB015,2022,EROCIC,
BOB016,2021,EROCIC,
BOB016,2022,EROCIC,
BOB017,2021,EROCIC,
BOB017,2022,EROCIC,
BOB018,2021,EROCIC,
BOB018,2022,EROCIC,
BOB018,2022,EROCIC,
BOB019,2021,EROCIC,
BOB019,2022,EROCIC,
CCC001,2022,EROCIC,
CCC003,2022,EROCIC,
CCC003,2022,EROCIC,
CCC004,2022,EROCIC,
CCC005,2022,EROCIC,
CCC005,2022,EROCIC,
CCC006,2022,EROCIC,
CCC007,2021,EROCIC,
CCC007,2022,EROCIC,
CCC008,2021,EROCIC,
CCC008,2022,EROCIC,
CCC009,2021,EROCIC,
CCC009,2022,EROCIC,
CCC010,2021,EROCIC,
CCC010,2022,EROCIC,
CCC011,2021,EROCIC,
CCC011,2022,EROCIC,
CCC012,2021,EROCIC,
CCC012,2022,EROCIC,
COL007,2021,EROCIC,
COL007,2022,EROCIC,
COL012,2021,EROCIC,
COL012,2022,EROCIC,
COL013,2021,EROCIC,
COL013,2022,EROCIC,
COL017,2021,EROCIC,
COL017,2022,EROCIC,
COL018,2021,EROCIC,
COL018,2022,EROCIC,
QUA001,2021,EROCIC,
QUA002,2021,EROCIC,
QUA002,2022,EROCIC,
QUA003,2021,EROCIC,
QUA003,2022,EROCIC,
QUA004,2022,EROCIC,
QUA005,2021,EROCIC,
QUA005,2022,EROCIC,
QUA006,2021,EROCIC,
QUA006,2022,EROCIC,
QUA008,2021,EROCIC,
QUA008,2022,EROCIC,
QUA009,2021,EROCIC,
QUA009,2022,EROCIC,
QUA009,2022,EROCIC,
QUA010,2021,EROCIC,
QUA010,2022,EROCIC,
QUA011,2021,EROCIC,
QUA011,2022,EROCIC,
QUA015,2021,EROCIC,
QUA015,2022,EROCIC,
QUA016,2021,EROCIC,
QUA016,2022,EROCIC,
QUA020,2021,EROCIC,
QUA020,2022,EROCIC,
QUA022,2022,EROCIC,
QUA022,2022,EROCIC,
QUA024,2022,EROCIC,
QUA025,2022,EROCIC,
BOB011,2021,EROMOS,
BOB003,2021,ESCCAE,
BOB003,2022,ESCCAE,
BOB004,2021,ESCCAE,
BOB007,2021,ESCCAE,
BOB007,2022,ESCCAE,
BOB009,2021,ESCCAE,
BOB009,2022,ESCCAE,
BOB010,2021,ESCCAE,
BOB010,2022,ESCCAE,
BOB011,2021,ESCCAE,
BOB011,2022,ESCCAE,
BOB012,2021,ESCCAE,
BOB012,2022,ESCCAE,
BOB013,2021,ESCCAE,
BOB013,2022,ESCCAE,
BOB017,2021,ESCCAE,
BOB017,2022,ESCCAE,
BOB018,2021,ESCCAE,
BOB018,2022,ESCCAE,
CCC007,2022,ESCCAE,
CCC008,2021,ESCCAE,
CCC008,2022,ESCCAE,
CCC009,2021,ESCCAE,
CCC009,2022,ESCCAE,
COL007,2021,ESCCAE,
COL007,2022,ESCCAE,
COL013,2021,ESCCAE,
COL013,2022,ESCCAE,
COL014,2021,ESCCAE,
COL014,2022,ESCCAE,
COL017,2021,ESCCAE,
COL017,2022,ESCCAE,
COL018,2021,ESCCAE,
COL018,2022,ESCCAE,
COL018,2022,ESCCAE,
QUA002,2021,ESCCAE,
QUA003,2021,ESCCAE,
QUA003,2022,ESCCAE,
QUA005,2021,ESCCAE,
QUA005,2022,ESCCAE,
QUA006,2021,ESCCAE,
QUA006,2022,ESCCAE,
QUA009,2021,ESCCAE,
QUA010,2021,ESCCAE,
QUA010,2022,ESCCAE,
QUA015,2021,ESCCAE,
QUA024,2022,ESCCAE,
QUA011,2022,FESBRO,
QUA015,2022,FESBRO,
QUA016,2022,FESBRO,
QUA020,2022,FESBRO,
QUA021,2022,FESBRO,
QUA024,2022,FESBRO,
BOB007,2021,FESMIC,
BOB008,2022,FESMIC,
BOB014,2021,FESMIC,
BOB015,2022,FESMIC,
BOB016,2021,FESMIC,
BOB019,2021,FESMIC,
CCC002,2021,FESMIC,
CCC010,2021,FESMIC,
COL017,2021,FESMIC,
BOB001,2021,FESMYU,
BOB001,2022,FESMYU,
BOB002,2021,FESMYU,
BOB002,2022,FESMYU,
BOB003,2021,FESMYU,
BOB003,2022,FESMYU,
BOB004,2021,FESMYU,
BOB005,2021,FESMYU,
BOB005,2022,FESMYU,
BOB006,2021,FESMYU,
BOB006,2022,FESMYU,
BOB007,2021,FESMYU,
BOB007,2022,FESMYU,
BOB008,2021,FESMYU,
BOB008,2022,FESMYU,
BOB009,2021,FESMYU,
BOB009,2022,FESMYU,
BOB010,2021,FESMYU,
BOB010,2022,FESMYU,
BOB011,2021,FESMYU,
BOB011,2022,FESMYU,
BOB012,2021,FESMYU,
BOB012,2022,FESMYU,
BOB013,2021,FESMYU,
BOB013,2022,FESMYU,
BOB014,2021,FESMYU,
BOB014,2022,FESMYU,
BOB015,2021,FESMYU,
BOB015,2022,FESMYU,
BOB016,2021,FESMYU,
BOB016,2022,FESMYU,
BOB017,2021,FESMYU,
BOB017,2022,FESMYU,
BOB018,2021,FESMYU,
BOB018,2022,FESMYU,
BOB019,2021,FESMYU,
BOB019,2022,FESMYU,
CCC001,2021,FESMYU,
CCC001,2022,FESMYU,
CCC002,2021,FESMYU,
CCC002,2022,FESMYU,
CCC003,2022,FESMYU,
CCC004,2021,FESMYU,
CCC004,2022,FESMYU,
CCC004,2022,FESMYU,
CCC005,2022,FESMYU,
CCC006,2022,FESMYU,
CCC007,2021,FESMYU,
CCC007,2022,FESMYU,
CCC008,2021,FESMYU,
CCC008,2022,FESMYU,
CCC009,2021,FESMYU,
CCC009,2022,FESMYU,
CCC010,2021,FESMYU,
CCC010,2022,FESMYU,
CCC011,2021,FESMYU,
CCC011,2022,FESMYU,
CCC012,2021,FESMYU,
CCC012,2022,FESMYU,
COL007,2021,FESMYU,
COL007,2022,FESMYU,
COL012,2022,FESMYU,
COL013,2022,FESMYU,
COL014,2021,FESMYU,
COL014,2022,FESMYU,
COL017,2021,FESMYU,
COL017,2022,FESMYU,
COL018,2021,FESMYU,
COL018,2022,FESMYU,
QUA002,2022,FESMYU,
QUA006,2022,FESMYU,
QUA008,2022,FESMYU,
QUA015,2021,FESMYU,
QUA015,2022,FESMYU,
QUA016,2021,FESMYU,
QUA020,2021,FESMYU,
QUA021,2022,FESMYU,
QUA022,2021,FESMYU,
QUA022,2022,FESMYU,
BOB002,2021,FESOCT,
BOB003,2021,FESOCT,
BOB004,2021,FESOCT,
QUA022,2022,FESTUCA,
BOB016,2021,FILCAL,
CCC010,2022,FRACAL,
BOB008,2021,FRADIP,
BOB008,2022,FRADIP,RESPROUT
BOB014,2021,FRADIP,
BOB015,2021,FRADIP,
BOB015,2022,FRADIP,
BOB016,2021,FRADIP,
BOB019,2021,FRADIP,
CCC001,2021,FRADIP,
CCC001,2022,FRADIP,
CCC002,2021,FRADIP,
CCC004,2021,FRADIP,
CCC004,2022,FRADIP,SEEDLING
CCC007,2021,FRADIP,
CCC007,2022,FRADIP,
CCC010,2022,FRADIP,
CCC002,2022,FRIAFF,
CCC002,2021,GALAND,
CCC002,2022,GALAND,
CCC004,2021,GALAND,
CCC004,2022,GALAND,
QUA025,2022,GALAND,
BOB001,2021,GALAPA,
BOB002,2021,GALAPA,
BOB002,2022,GALAPA,
BOB007,2021,GALAPA,
BOB007,2022,GALAPA,
BOB007,2022,GALAPA,
BOB008,2021,GALAPA,
BOB008,2022,GALAPA,
BOB013,2022,GALAPA,
BOB014,2022,GALAPA,
BOB015,2021,GALAPA,
BOB015,2022,GALAPA,
BOB016,2021,GALAPA,
BOB019,2021,GALAPA,
BOB019,2022,GALAPA,
CCC001,2021,GALAPA,
CCC001,2022,GALAPA,
CCC002,2021,GALAPA,
CCC002,2021,GALAPA,
CCC002,2022,GALAPA,
CCC004,2021,GALAPA,
CCC004,2022,GALAPA,
CCC007,2021,GALAPA,
CCC010,2021,GALAPA,
CCC011,2021,GALAPA,
CCC012,2021,GALAPA,
CCC012,2022,GALAPA,
COL012,2021,GALAPA,
COL013,2021,GALAPA,
COL014,2021,GALAPA,
COL014,2022,GALAPA,
COL014,2022,GALAPA,
COL017,2021,GALAPA,
COL018,2021,GALAPA,
QUA001,2021,GALAPA,
QUA004,2021,GALAPA,
QUA004,2022,GALAPA,
QUA005,2021,GALAPA,
QUA005,2021,GALAPA,
QUA005,2022,GALAPA,
QUA005,2022,GALAPA,
QUA009,2021,GALAPA,
QUA010,2021,GALAPA,
QUA016,2021,GALAPA,
QUA016,2022,GALAPA,
QUA020,2021,GALAPA,
QUA020,2022,GALAPA,
QUA021,2021,GALAPA,
QUA021,2022,GALAPA,
QUA022,2021,GALAPA,
QUA022,2021,GALAPA,
QUA024,2022,GALAPA,
QUA025,2022,GALAPA,
COL007,2021,GALAPP,
QUA006,2021,GALAPP,
BOB015,2021,GALBOL,
QUA016,2022,GALIUM,
COL014,2022,GALIUM,
QUA024,2022,GALIUM,
QUA015,2022,GALIUM,
QUA020,2022,GALIUM,
QUA016,2021,GALIUM,collected
BOB014,2021,GALMUR,
QUA021,2021,GALMUR,
CCC001,2022,GALPAR,
CCC001,2022,GALPAR,
CCC002,2022,GALPAR,
CCC004,2022,GALPAR,
CCC007,2022,GALPAR,
CCC008,2022,GALPAR,
CCC010,2022,GALPAR,
CCC011,2022,GALPAR,
QUA008,2022,GALPAR,
QUA022,2022,GALPAR,
BOB001,2021,GALPOR,
BOB002,2021,GALPOR,
BOB002,2022,GALPOR,
BOB003,2022,GALPOR,
BOB007,2021,GALPOR,
BOB007,2022,GALPOR,
BOB008,2021,GALPOR,
BOB008,2022,GALPOR,
BOB013,2021,GALPOR,
BOB013,2022,GALPOR,
BOB014,2021,GALPOR,
BOB014,2022,GALPOR,
BOB015,2021,GALPOR,
BOB015,2022,GALPOR,
BOB016,2021,GALPOR,
BOB016,2022,GALPOR,
BOB019,2021,GALPOR,
BOB019,2022,GALPOR,
CCC001,2021,GALPOR,
CCC001,2022,GALPOR,
CCC001,2022,GALPOR,
CCC002,2021,GALPOR,
CCC002,2022,GALPOR,
CCC004,2021,GALPOR,
CCC005,2021,GALPOR,
CCC007,2021,GALPOR,
CCC008,2021,GALPOR,
CCC010,2021,GALPOR,
CCC010,2022,GALPOR,
CCC011,2021,GALPOR,
CCC011,2022,GALPOR,
CCC012,2021,GALPOR,
COL007,2022,GALPOR,
COL013,2022,GALPOR,
COL014,2021,GALPOR,
COL014,2022,GALPOR,
COL017,2022,GALPOR,
COL017,2022,GALPOR,
COL018,2021,GALPOR,
QUA004,2022,GALPOR,
QUA008,2021,GALPOR,
QUA015,2021,GALPOR,
QUA016,2021,GALPOR,
QUA016,2021,GALPOR,
QUA016,2022,GALPOR,
QUA020,2021,GALPOR,
QUA020,2022,GALPOR,
QUA024,2022,GALPOR,
QUA025,2022,GALPOR,
CCC008,2022,GARRYA,
COL012,2021,GASPHL,
QUA015,2021,GASPHL,
BOB002,2021,GASPHL,
BOB003,2021,GASPHL,
BOB004,2021,GASPHL,
BOB007,2021,GASPHL,
BOB008,2021,GASPHL,
BOB009,2021,GASPHL,
BOB010,2021,GASPHL,
BOB012,2021,GASPHL,
BOB014,2021,GASPHL,
BOB014,2022,GASPHL,
BOB015,2021,GASPHL,
BOB016,2021,GASPHL,
BOB017,2021,GASPHL,
BOB018,2021,GASPHL,
BOB019,2021,GASPHL,
BOB019,2022,GASPHL,
CCC003,2021,GASPHL,
CCC005,2021,GASPHL,
CCC008,2021,GASPHL,
CCC010,2021,GASPHL,
COL013,2021,GASPHL,
COL014,2021,GASPHL,
QUA006,2021,GASPHL,
QUA020,2021,GASPHL,
QUA022,2021,GASPHL,
CCC003,2022,GASPHL,
BOB015,2021,GERDIS,
BOB016,2021,GERDIS,
BOB013,2022,GERMOL,
BOB015,2022,GERMOL,
BOB016,2021,GERMOL,
BOB016,2022,GERMOL,
QUA022,2021,GERMOL,
QUA022,2022,GERMOL,
QUA022,2022,GERMOL,
CCC008,2021,GILCAP,
CCC008,2022,GILCAP,
CCC009,2021,GILCAP,
CCC009,2022,GILCAP,
CCC010,2021,GILCAP,
CCC011,2021,GILCAP,
CCC011,2022,GILCAP,
CCC012,2021,GILCAP,
CCC012,2022,GILCAP,
COL007,2022,GILCAP,
COL012,2021,GILCAP,
COL012,2021,GILCAP,
COL012,2022,GILCAP,
COL012,2022,GILCAP,
COL013,2021,GILCAP,
COL013,2022,GILCAP,
COL017,2021,GILCAP,
COL017,2022,GILCAP,
CCC001,2021,GITSPE,
CCC002,2021,GITSPE,
QUA001,2021,GRASS_UNK,
QUA011,2022,GRASS_UNK,
QUA003,2021,GRASS_UNK,
BOB003,2022,HEAR,RESPROUT
BOB003,2021,HEAR,
BOB007,2022,HEAR,RESPROUT
BOB007,2021,HEAR,
BOB008,2022,HEAR,RESPROUT
BOB013,2021,HEAR,
BOB014,2022,HEAR,RESPROUT
BOB014,2021,HEAR,RESPROUT
BOB015,2022,HEAR,RESPROUT
BOB015,2021,HEAR,
BOB016,2022,HEAR,RESPROUT
BOB016,2021,HEAR,RESPROUT
BOB019,2022,HEAR,RESPROUT
CCC001,2022,HEAR,RESPROUT
CCC001,2021,HEAR,
CCC002,2022,HEAR,RESPROUT
CCC002,2021,HEAR,
CCC004,2022,HEAR,RESPROUT
CCC004,2021,HEAR,
CCC005,2022,HEAR,RESROUT
CCC005,2021,HEAR,RESPROUT
CCC007,2022,HEAR,RESPROUT
CCC007,2021,HEAR,
CCC008,2022,HEAR,RESPROUT
CCC008,2021,HEAR,
CCC010,2022,HEAR,RESPROUT
CCC010,2021,HEAR,
CCC012,2021,HEAR,RESPROUT
COL007,2022,HEAR,RESPROUT
COL012,2022,HEAR,RESPROUT
COL013,2022,HEAR,RESPROUT
COL014,2022,HEAR,RESPROUT
COL017,2021,HEAR,resprouting
COL017,2022,HEAR,RESPROUT
QUA001,2021,HEAR,RESPROUT
QUA002,2021,HEAR,
QUA003,2021,HEAR,RESPROUTING
QUA006,2021,HEAR,resprout
QUA006,2022,HEAR,RESPROUT
QUA010,2021,HEAR,RESPROUT
QUA010,2022,HEAR,RESPROUT
QUA011,2021,HEAR,resprouting
QUA016,2022,HEAR,RESPROUT
QUA016,2021,HEAR,RESPROUT
QUA021,2022,HEAR,RESPROUT
QUA022,2021,HEAR,RESPROUT
QUA024,2022,HEAR,RESPROUT
CCC002,2021,HELCAL,
CCC002,2022,HELCAL,
CCC004,2022,HELCAL,
CCC010,2021,HELCAL,
CCC011,2022,HELCAL,
QUA006,2021,HELECH,
BOB003,2021,HESMIC,
CCC002,2022,HESMIC,
CCC002,2022,HESMIC,
CCC005,2021,HESMIC,
CCC005,2022,HESMIC,
CCC007,2021,HESMIC,
CCC011,2021,HESMIC,
CCC011,2022,HESMIC,
CCC002,2021,HOLDIS,
CCC002,2022,HOLDIS,SEEDLING
CCC002,2022,HOLDIS,
QUA006,2022,HORMUR,
BOB001,2021,HYPGLA,
BOB001,2022,HYPGLA,
BOB002,2021,HYPGLA,
BOB002,2022,HYPGLA,
BOB003,2021,HYPGLA,
BOB003,2022,HYPGLA,
BOB003,2022,HYPGLA,
BOB004,2021,HYPGLA,
BOB004,2022,HYPGLA,
BOB005,2021,HYPGLA,
BOB005,2022,HYPGLA,
BOB006,2021,HYPGLA,
BOB006,2022,HYPGLA,
BOB007,2021,HYPGLA,
BOB007,2022,HYPGLA,
BOB009,2021,HYPGLA,
BOB009,2022,HYPGLA,
BOB010,2021,HYPGLA,
BOB010,2022,HYPGLA,
BOB011,2021,HYPGLA,
BOB011,2022,HYPGLA,
BOB012,2021,HYPGLA,
BOB012,2022,HYPGLA,
BOB013,2021,HYPGLA,
BOB014,2021,HYPGLA,
BOB015,2021,HYPGLA,
BOB015,2022,HYPGLA,
BOB015,2022,HYPGLA,
BOB016,2021,HYPGLA,
BOB016,2022,HYPGLA,
BOB017,2021,HYPGLA,
BOB017,2022,HYPGLA,
BOB018,2021,HYPGLA,
BOB018,2022,HYPGLA,
BOB019,2021,HYPGLA,
BOB019,2022,HYPGLA,
BOB019,2022,HYPGLA,
CCC001,2022,HYPGLA,
CCC001,2022,HYPGLA,
CCC002,2022,HYPGLA,
CCC003,2022,HYPGLA,
CCC004,2022,HYPGLA,
CCC005,2022,HYPGLA,
CCC006,2022,HYPGLA,
CCC007,2022,HYPGLA,
CCC008,2022,HYPGLA,
CCC009,2022,HYPGLA,
CCC010,2022,HYPGLA,
CCC011,2021,HYPGLA,
CCC011,2022,HYPGLA,
COL007,2022,HYPGLA,
COL012,2021,HYPGLA,
COL012,2022,HYPGLA,
COL013,2022,HYPGLA,
COL014,2022,HYPGLA,
COL014,2022,HYPGLA,
COL017,2021,HYPGLA,
QUA002,2022,HYPGLA,
QUA003,2022,HYPGLA,
QUA004,2022,HYPGLA,
QUA006,2022,HYPGLA,
QUA008,2022,HYPGLA,
QUA009,2021,HYPGLA,
QUA009,2022,HYPGLA,
QUA009,2022,HYPGLA,
QUA010,2022,HYPGLA,
QUA011,2022,HYPGLA,
QUA015,2022,HYPGLA,
QUA016,2021,HYPGLA,
QUA016,2022,HYPGLA,
QUA020,2021,HYPGLA,
QUA020,2022,HYPGLA,
QUA021,2022,HYPGLA,
QUA022,2022,HYPGLA,
QUA022,2022,HYPGLA,
QUA024,2022,HYPGLA,
QUA025,2022,HYPGLA,
QUA025,2022,HYPGLA,
BOB004,2022,HYPRAD,
BOB007,2022,HYPRAD,
BOB018,2021,HYPRAD,
COL007,2021,HYPRAD,
COL012,2021,HYPRAD,
COL014,2021,HYPRAD,
QUA003,2021,HYPRAD,
QUA004,2021,HYPRAD,
QUA015,2021,HYPRAD,
QUA016,2021,HYPRAD,
BOB008,2022,KOEMAC,
BOB019,2021,KOEMAC,
BOB019,2022,KOEMAC,
CCC010,2022,KOEMAC,
BOB011,2022,LACSER,
CCC001,2021,LACSER,
CCC001,2022,LACSER,
CCC002,2022,LACSER,
CCC003,2021,LACSER,
CCC003,2022,LACSER,
CCC004,2021,LACSER,
CCC004,2022,LACSER,
CCC005,2022,LACSER,
CCC006,2022,LACSER,
CCC008,2021,LACSER,
CCC008,2022,LACSER,
CCC009,2021,LACSER,
CCC009,2022,LACSER,
CCC010,2021,LACSER,
CCC010,2022,LACSER,
CCC011,2021,LACSER,
CCC012,2021,LACSER,
COL014,2022,LACSER,
QUA006,2022,LACSER,
QUA009,2022,LACSER,
QUA011,2021,LACSER,
QUA022,2022,LACSER,
CCC007,2021,LATVES,
CCC007,2022,LATVES,
CCC010,2021,LATVES,
CCC010,2022,LATVES,
CCC011,2021,LATVES,
CCC011,2022,LATVES,
CCC012,2021,LATVES,
CCC012,2022,LATVES,
COL007,2022,LATVES,
COL007,2021,LATVES,
COL012,2022,LATVES,
COL012,2021,LATVES,
QUA001,2021,LATVES,
QUA004,2022,LATVES,
QUA004,2021,LATVES,
QUA005,2022,LATVES,
QUA006,2022,LATVES,
QUA021,2022,LATVES,
BOB013,2022,LEPBIC,
COL014,2021,LEPBIC,
COL014,2022,LEPBIC,
BOB001,2021,LEPCAL,
BOB001,2022,LEPCAL,
BOB002,2022,LEPCAL,
BOB003,2021,LEPCAL,
BOB003,2022,LEPCAL,RESPROUT
BOB005,2021,LEPCAL,
BOB006,2021,LEPCAL,
BOB007,2021,LEPCAL,
BOB007,2022,LEPCAL,RESPROUT
BOB008,2021,LEPCAL,
BOB008,2022,LEPCAL,RESPROUT
BOB008,2022,LEPCAL,UNBURNT
BOB008,2022,LEPCAL,SEEDLING
BOB009,2022,LEPCAL,
BOB010,2021,LEPCAL,
BOB010,2022,LEPCAL,
BOB012,2021,LEPCAL,
BOB012,2022,LEPCAL,RESPROUT
BOB012,2022,LEPCAL,SEEDLING
BOB013,2021,LEPCAL,
BOB013,2022,LEPCAL,RESPROUT
BOB014,2021,LEPCAL,RESPROUT
BOB014,2021,LEPCAL,SEEDLING
BOB014,2022,LEPCAL,RESPROUT
BOB014,2022,LEPCAL,SEEDLING
BOB015,2021,LEPCAL,
BOB015,2022,LEPCAL,SEEDLING
BOB015,2022,LEPCAL,RESPROUT
BOB016,2021,LEPCAL,RESPROUT
BOB016,2022,LEPCAL,RESPROUT
BOB017,2021,LEPCAL,
BOB017,2022,LEPCAL,RESPROUT
BOB019,2021,LEPCAL,
BOB019,2022,LEPCAL,RESPROUT
BOB019,2022,LEPCAL,SEEDLING
CCC001,2021,LEPCAL,
CCC001,2022,LEPCAL,SEEDLING
CCC003,2022,LEPCAL,SEEDLING
CCC004,2021,LEPCAL,SEEDLING
CCC004,2022,LEPCAL,SEEDLING
CCC004,2022,LEPCAL,SEEDLING
CCC005,2021,LEPCAL,SEEDLING
CCC005,2022,LEPCAL,SEEDLING
CCC006,2021,LEPCAL,
COL007,2021,LEPCAL,
COL007,2022,LEPCAL,RESPROUT
COL007,2022,LEPCAL,SEEDLING
COL014,2021,LEPCAL,
COL014,2022,LEPCAL,SEEDLING
COL017,2021,LEPCAL,
COL017,2022,LEPCAL,SEEDLING
QUA001,2021,LEPCAL,seedling
QUA002,2021,LEPCAL,
QUA002,2022,LEPCAL,SEEDLING
QUA005,2021,LEPCAL,seedling
QUA006,2021,LEPCAL,seedling
QUA006,2022,LEPCAL,SEEDLING
QUA008,2021,LEPCAL,SEEDLING
QUA008,2022,LEPCAL,SEEDLING
QUA011,2021,LEPCAL,
QUA011,2022,LEPCAL,SEEDLING
QUA015,2021,LEPCAL,
QUA015,2022,LEPCAL,SEEDLING
QUA016,2021,LEPCAL,SEEDLING
QUA016,2022,LEPCAL,SEEDLING
QUA020,2021,LEPCAL,
QUA020,2022,LEPCAL,SEEDLING
QUA021,2021,LEPCAL,SEEDLING
QUA021,2022,LEPCAL,SEEDLING
QUA022,2021,LEPCAL,
QUA024,2022,LEPCAL,SEEDLING
QUA025,2022,LEPCAL,SEEDLING
QUA025,2022,LEPCAL,SEEDLING
QUA025,2022,LEPCAL,SEEDLING
CCC002,2021,Lilium,
CCC004,2022,LITHOPHRAGMA,
BOB003,2021,LOGFIL,
BOB004,2021,LOGFIL,
BOB017,2021,LOGFIL,
QUA011,2021,LOGFIL,
QUA024,2022,LOGFIL,
BOB001,2021,LOGGAL,
BOB002,2021,LOGGAL,
BOB002,2022,LOGGAL,
BOB003,2021,LOGGAL,
BOB003,2022,LOGGAL,
BOB004,2021,LOGGAL,
BOB004,2022,LOGGAL,
BOB005,2021,LOGGAL,
BOB005,2022,LOGGAL,
BOB006,2021,LOGGAL,
BOB006,2022,LOGGAL,
BOB007,2021,LOGGAL,
BOB007,2022,LOGGAL,
BOB009,2021,LOGGAL,
BOB009,2022,LOGGAL,
BOB010,2021,LOGGAL,
BOB011,2021,LOGGAL,
BOB012,2022,LOGGAL,
BOB013,2021,LOGGAL,
BOB013,2022,LOGGAL,
BOB014,2021,LOGGAL,
BOB014,2022,LOGGAL,
BOB015,2021,LOGGAL,
BOB015,2022,LOGGAL,
BOB016,2021,LOGGAL,
BOB016,2022,LOGGAL,
BOB017,2021,LOGGAL,
BOB017,2022,LOGGAL,
BOB018,2021,LOGGAL,
BOB019,2021,LOGGAL,
CCC002,2022,LOGGAL,
CCC003,2022,LOGGAL,
CCC005,2021,LOGGAL,
CCC005,2022,LOGGAL,
CCC005,2022,LOGGAL,
CCC006,2022,LOGGAL,
CCC007,2021,LOGGAL,
CCC007,2022,LOGGAL,
CCC008,2021,LOGGAL,
CCC008,2022,LOGGAL,
CCC009,2022,LOGGAL,
CCC010,2021,LOGGAL,
CCC010,2022,LOGGAL,
CCC011,2021,LOGGAL,
CCC011,2022,LOGGAL,
CCC012,2022,LOGGAL,
COL012,2021,LOGGAL,
COL012,2022,LOGGAL,
COL013,2021,LOGGAL,
COL014,2022,LOGGAL,
COL017,2022,LOGGAL,
COL017,2021,LOGGAL,
COL018,2021,LOGGAL,
QUA002,2022,LOGGAL,
QUA003,2022,LOGGAL,
QUA004,2022,LOGGAL,
QUA008,2021,LOGGAL,
QUA008,2022,LOGGAL,
QUA010,2022,LOGGAL,
QUA011,2022,LOGGAL,
QUA015,2021,LOGGAL,
QUA015,2022,LOGGAL,
QUA016,2021,LOGGAL,
QUA016,2022,LOGGAL,
QUA020,2021,LOGGAL,
QUA020,2022,LOGGAL,
QUA020,2022,LOGGAL,
QUA022,2021,LOGGAL,
QUA022,2022,LOGGAL,
QUA022,2022,LOGGAL,
QUA024,2022,LOGGAL,
CCC012,2021,LOMCAL,
CCC012,2022,LOMCAL,
CCC012,2022,LOMCAL,
CCC008,2021,LOMMAC,
CCC008,2022,LOMMAC,
CCC009,2022,LOMMAC,
CCC011,2021,LOMUTR,
BOB001,2021,LUPNAN,
BOB001,2022,LUPNAN,
BOB006,2021,LUPNAN,
BOB011,2021,LUPNAN,
BOB011,2022,LUPNAN,
BOB012,2021,LUPNAN,
BOB013,2022,LUPNAN,
BOB013,2022,LUPNAN,
BOB015,2021,LUPNAN,
BOB016,2022,LUPNAN,
BOB017,2021,LUPNAN,
CCC007,2021,LUPNAN,
CCC007,2022,LUPNAN,
CCC011,2021,LUPNAN,
CCC011,2022,LUPNAN,
CCC012,2022,LUPNAN,
QUA003,2021,LUPNAN,
QUA004,2021,LUPNAN,
QUA020,2022,LUPNAN,
BOB008,2022,LUPSUC,
BOB012,2022,LUPSUC,
BOB013,2021,LUPSUC,
BOB013,2022,LUPSUC,
BOB014,2021,LUPSUC,
BOB014,2022,LUPSUC,
BOB014,2022,LUPSUC,
BOB015,2021,LUPSUC,
BOB015,2022,LUPSUC,
BOB016,2021,LUPSUC,
BOB016,2022,LUPSUC,
BOB017,2021,LUPSUC,
BOB017,2022,LUPSUC,
BOB018,2022,LUPSUC,
CCC007,2021,LUPSUC,
CCC007,2022,LUPSUC,
CCC008,2022,LUPSUC,
COL018,2022,LUPSUC,
COL018,2022,LUPSUC,
QUA001,2021,LUPSUC,
QUA002,2021,LUPSUC,
QUA002,2022,LUPSUC,
QUA002,2022,LUPSUC,
QUA003,2021,LUPSUC,
QUA003,2022,LUPSUC,
QUA008,2021,LUPSUC,
QUA008,2022,LUPSUC,
QUA009,2022,LUPSUC,
QUA009,2022,LUPSUC,
QUA009,2021,LUPSUC,
QUA010,2022,LUPSUC,
QUA010,2021,LUPSUC,
QUA011,2021,LUPSUC,
QUA011,2022,LUPSUC,
QUA015,2021,LUPSUC,
QUA015,2022,LUPSUC,
QUA016,2021,LUPSUC,
QUA016,2022,LUPSUC,
QUA020,2021,LUPSUC,
QUA021,2022,LUPSUC,
QUA024,2022,LUPSUC,
QUA025,2022,LUPSUC,
CCC001,2022,MADELE,
CCC001,2022,MADELE,
CCC004,2022,MADELE,
CCC007,2022,MADELE,
CCC010,2021,MADELE,
CCC011,2021,MADELE,
CCC012,2021,MADELE,
COL014,2022,MADELE,
BOB005,2021,MADGRA,
BOB007,2021,MADGRA,
BOB007,2022,MADGRA,
BOB008,2022,MADGRA,
BOB012,2021,MADGRA,
BOB013,2021,MADGRA,
BOB013,2022,MADGRA,
BOB014,2021,MADGRA,
BOB015,2021,MADGRA,
BOB015,2022,MADGRA,
BOB016,2021,MADGRA,
BOB016,2022,MADGRA,
BOB016,2022,MADGRA,
BOB019,2021,MADGRA,
BOB019,2022,MADGRA,
CCC001,2021,MADGRA,
CCC002,2022,MADGRA,
CCC002,2021,MADGRA,
CCC006,2021,MADGRA,
CCC007,2021,MADGRA,
CCC010,2021,MADGRA,
CCC010,2022,MADGRA,
CCC011,2022,MADGRA,
CCC012,2021,MADGRA,
CCC012,2022,MADGRA,
CCC012,2022,MADGRA,
COL007,2022,MADGRA,
COL014,2021,MADGRA,
COL017,2021,MADGRA,
COL017,2022,MADGRA,
COL017,2022,MADGRA,
QUA004,2021,MADGRA,
QUA004,2022,MADGRA,
QUA020,2021,MADGRA,
QUA021,2021,MADGRA,
COL012,2021,MADIA,
QUA015,2021,MADIA,
QUA016,2021,MADIA,picture
BOB007,2022,MADSAT,
CCC001,2022,MADSAT,
CCC003,2022,MADSAT,
CCC004,2022,MADSAT,
COL014,2022,MADSAT,
COL014,2022,MADSAT,
QUA004,2022,MADSAT,
QUA015,2022,MADSAT,
QUA016,2022,MADSAT,
QUA020,2022,MADSAT,
QUA021,2022,MADSAT,
QUA022,2022,MADSAT,
QUA024,2022,MADSAT,
QUA024,2022,MADSAT,
QUA025,2022,MADSAT,
CCC003,2022,MALFLO,
CCC006,2022,MALFLO,
COL007,2021,MARAH,
QUA003,2021,MARAH,
QUA006,2021,MARAH,
BOB002,2021,MARFAB,
BOB003,2021,MARFAB,
BOB003,2022,MARFAB,
BOB007,2021,MARFAB,
BOB008,2021,MARFAB,
BOB013,2021,MARFAB,
BOB013,2022,MARFAB,
BOB013,2022,MARFAB,
BOB014,2021,MARFAB,
BOB014,2022,MARFAB,
BOB019,2022,MARFAB,
CCC001,2022,MARFAB,
CCC005,2021,MARFAB,
COL012,2021,MARFAB,
QUA006,2022,MARFAB,
QUA010,2021,MARFAB,
QUA015,2021,MARFAB,
QUA015,2022,MARFAB,
QUA016,2021,MARFAB,
QUA016,2022,MARFAB,
QUA021,2022,MARFAB,
QUA022,2021,MARFAB,
QUA022,2022,MARFAB,
BOB002,2022,MARWAT,
BOB002,2022,MARWAT,
BOB003,2022,MARWAT,
BOB007,2021,MARWAT,
BOB007,2022,MARWAT,
BOB009,2022,MARWAT,
BOB013,2021,MARWAT,
BOB013,2022,MARWAT,
BOB013,2022,MARWAT,
BOB014,2021,MARWAT,
BOB014,2022,MARWAT,
BOB015,2021,MARWAT,
BOB015,2022,MARWAT,
BOB016,2021,MARWAT,
BOB016,2022,MARWAT,
BOB019,2021,MARWAT,
BOB019,2022,MARWAT,
CCC001,2022,MARWAT,
CCC004,2021,MARWAT,
CCC004,2022,MARWAT,
CCC006,2021,MARWAT,
CCC007,2021,MARWAT,
CCC008,2021,MARWAT,
CCC008,2022,MARWAT,
CCC010,2021,MARWAT,
CCC010,2022,MARWAT,
CCC010,2022,MARWAT,
CCC011,2022,MARWAT,
COL012,2021,MARWAT,
COL012,2022,MARWAT,
COL013,2021,MARWAT,
COL013,2022,MARWAT,
COL014,2021,MARWAT,
COL014,2022,MARWAT,
COL014,2022,MARWAT,
COL017,2021,MARWAT,
QUA002,2021,MARWAT,
QUA004,2021,MARWAT,
QUA005,2021,MARWAT,
QUA006,2022,MARWAT,
QUA011,2021,MARWAT,
QUA015,2021,MARWAT,
QUA016,2021,MARWAT,
QUA016,2022,MARWAT,
QUA020,2021,MARWAT,
QUA020,2022,MARWAT,
QUA021,2021,MARWAT,
BOB002,2021,MEDPOL,
BOB009,2021,MEDPOL,
BOB015,2022,MEDPOL,
BOB019,2021,MEDPOL,
QUA004,2021,MEDPOL,
QUA004,2022,MEDPOL,
QUA022,2021,MEDPOL,
QUA022,2022,MEDPOL,
CCC012,2021,MELCAL,
COL013,2021,MELCAL,
COL013,2022,MELCAL,
BOB013,2022,MELICA,
BOB016,2022,MELICA,
CCC011,2022,MELIMP,
QUA021,2022,MELIMP,
BOB007,2021,MELTOR,
QUA021,2021,MELTOR,
QUA021,2021,MELTOR,
BOB013,2021,MICCAL,
CCC001,2022,MICCAL,
CCC002,2022,MICCAL,
CCC004,2022,MICCAL,
CCC005,2022,MICCAL,
CCC007,2022,MICCAL,
CCC008,2021,MICCAL,
CCC008,2022,MICCAL,
CCC010,2022,MICCAL,
CCC011,2021,MICCAL,
CCC011,2022,MICCAL,
CCC011,2022,MICCAL,
CCC012,2022,MICCAL,
COL017,2021,MICCAL,
COL017,2022,MICCAL,
COL017,2022,MICCAL,
QUA015,2022,MICCAL,
QUA016,2021,MICCAL,
QUA016,2022,MICCAL,
QUA020,2021,MICCAL,
QUA020,2022,MICCAL,
QUA022,2021,MICCAL,
QUA022,2022,MICCAL,
BOB002,2022,MIMAUR,RESPROUT
BOB003,2022,MIMAUR,
BOB007,2021,MIMAUR,
BOB007,2022,MIMAUR,
BOB008,2022,MIMAUR,
BOB012,2022,MIMAUR,
BOB014,2021,MIMAUR,
BOB014,2022,MIMAUR,
BOB015,2021,MIMAUR,
BOB016,2021,MIMAUR,
BOB016,2022,MIMAUR,
BOB017,2021,MIMAUR,
BOB017,2022,MIMAUR,
BOB019,2021,MIMAUR,
CCC006,2021,MIMAUR,
CCC007,2021,MIMAUR,
CCC007,2022,MIMAUR,
CCC008,2021,MIMAUR,
CCC008,2022,MIMAUR,
CCC009,2021,MIMAUR,
CCC010,2021,MIMAUR,
CCC010,2022,MIMAUR,RESPROUT
CCC010,2022,MIMAUR,SEEDLING
CCC011,2021,MIMAUR,
CCC011,2022,MIMAUR,
COL007,2021,MIMAUR,
COL007,2022,MIMAUR,RESPROUT
COL007,2022,MIMAUR,
COL012,2021,MIMAUR,
COL012,2022,MIMAUR,
COL013,2021,MIMAUR,
COL013,2022,MIMAUR,
COL014,2021,MIMAUR,
COL014,2022,MIMAUR,RESPROUT
COL017,2021,MIMAUR,
COL017,2022,MIMAUR,RESPROUT
COL017,2022,MIMAUR,
COL018,2021,MIMAUR,
COL018,2022,MIMAUR,RESPROUT
QUA005,2021,MIMAUR,
QUA005,2022,MIMAUR,
QUA015,2022,MIMAUR,SEEDLING
QUA016,2022,MIMAUR,SEEDLING
CCC002,2022,MONVIL,
CCC002,2022,MONVIL,
CCC002,2021,MONVIL,
CCC004,2022,MONVIL,
CCC004,2021,MONVIL,
CCC007,2022,MONVIL,
CCC007,2021,MONVIL,
CCC009,2022,MONVIL,
CCC010,2022,MONVIL,
CCC010,2021,MONVIL,
CCC011,2022,MONVIL,
CCC011,2021,MONVIL,
BOB002,2021,NEMHET,
BOB002,2022,NEMHET,
BOB003,2021,NEMHET,
BOB007,2021,NEMHET,
BOB007,2022,NEMHET,
BOB008,2021,NEMHET,
BOB008,2022,NEMHET,
BOB012,2021,NEMHET,
BOB015,2021,NEMHET,
BOB015,2022,NEMHET,
BOB015,2022,NEMHET,
BOB016,2021,NEMHET,
BOB017,2021,NEMHET,
BOB017,2022,NEMHET,
BOB018,2021,NEMHET,
BOB019,2021,NEMHET,
CCC001,2022,NEMHET,
CCC002,2022,NEMHET,
CCC004,2022,NEMHET,
CCC004,2022,NEMHET,
CCC010,2022,NEMHET,
CCC012,2022,NEMHET,
COL012,2022,NEMHET,
COL012,2022,NEMHET,
COL014,2021,NEMHET,
COL014,2022,NEMHET,
COL017,2021,NEMHET,
QUA016,2021,NEMHET,
QUA016,2021,NEMHET,
QUA016,2022,NEMHET,
QUA021,2022,NEMHET,
QUA024,2022,NEMHET,
BOB008,2021,NEMMEN,
CCC001,2021,NEMMEN,
CCC004,2021,NEMMEN,
CCC010,2021,NEMMEN,
CCC012,2021,NEMMEN,
COL012,2021,NEMMEN,
QUA021,2021,NEMMEN,
BOB007,2021,PEDDEN,
BOB007,2022,PEDDEN,
BOB016,2021,PEDDEN,
BOB019,2021,PEDDEN,
BOB019,2022,PEDDEN,
CCC001,2021,PEDDEN,
CCC002,2022,PEDDEN,
CCC010,2021,PEDDEN,
COL007,2021,PELAND,
COL007,2022,PELAND,
COL013,2021,PELAND,
COL017,2021,PELAND,
COL017,2022,PELAND,
COL018,2022,PELAND,
CCC003,2021,PELMUC,
CCC006,2022,PELMUC,
COL013,2022,PELMUC,
COL018,2022,PELMUC,
QUA002,2021,PELMUC,
BOB003,2022,PENTRI,
BOB013,2021,PENTRI,
BOB013,2022,PENTRI,
BOB017,2022,PENTRI,
CCC001,2022,PENTRI,
CCC010,2021,PENTRI,
CCC010,2022,PENTRI,
CCC012,2021,PENTRI,
CCC012,2022,PENTRI,
COL012,2021,PENTRI,
COL012,2022,PENTRI,
COL017,2021,PENTRI,
COL017,2022,PENTRI,
COL017,2022,PENTRI,
QUA016,2021,PENTRI,
CCC001,2022,PHACELIA,
BOB002,2022,PHADIS,
CCC005,2022,PHAIMB,
COL017,2021,PHAIMB,
COL017,2022,PHAIMB,
BOB014,2021,PHALARIS,
CCC004,2021,PIPELE,
CCC002,2022,PIPERIA,
CCC002,2021,PIPERIA,
CCC007,2021,PLAERE,
CCC007,2022,PLAERE,
COL007,2021,PLAERE,
QUA002,2021,PLAERE,
QUA003,2021,PLAERE,
QUA011,2021,PLAERE,
QUA022,2021,PLAERE,
COL013,2021,CRYPTANTHA,
BOB001,2021,PLANOT,
BOB013,2021,PLECTRITIS,
BOB013,2022,PLECTRITIS,
CCC001,2022,PLECTRITIS,
CCC002,2021,PLECTRITIS,
CCC002,2022,PLECTRITIS,
CCC010,2021,PLECTRITIS,
CCC010,2022,PLECTRITIS,
CCC011,2021,PLECTRITIS,
COL017,2022,PLECTRITIS,
COL017,2021,PLEMAC,pic collect
BOB008,2021,POASEC,
BOB015,2021,POASEC,
CCC001,2021,POASEC,
CCC001,2022,POASEC,
CCC001,2022,POASEC,
CCC002,2021,POASEC,
CCC002,2022,POASEC,
CCC004,2021,POASEC,
CCC004,2022,POASEC,
CCC001,2021,PRIHEN,
CCC001,2022,PRIHEN,
CCC002,2021,PRIHEN,
CCC002,2022,PRIHEN,
CCC004,2022,PRIHEN,
QUA020,2022,PRIHEN,
BOB007,2022,QUBE,RESPROUT
BOB007,2021,QUBE,RESPROUT
BOB008,2021,QUBE,RESPROUT
BOB008,2022,QUBE,RESPROUT
BOB013,2021,QUBE,RESPROUT
BOB014,2022,QUBE,RESPROUT
BOB014,2021,QUBE,RESPROUT
BOB016,2022,QUBE,RESPROUT
BOB019,2022,QUBE,RESPROUT
BOB019,2021,QUBE,RESPROUT
CCC010,2022,QUBE,RESPROUT
CCC010,2021,QUBE,RESPROUT
CCC011,2021,QUBE,RESPROUT
CCC012,2021,QUBE,RESPROUT
COL007,2022,QUBE,RESROUT
COL013,2022,QUBE,RESPROUT
COL014,2022,QUBE,RESPROUT
COL017,2022,QUBE,RESPROUT
QUA020,2022,QUBE,RESPROUT
QUA024,2022,QUBE,RESPROUT
QUA025,2022,QUBE,RESPROUT
QUA025,2022,QUBE,RESPROUT
QUA025,2022,QUBE,RESPROUT
CCC012,2021,QUEDOU,
QUA004,2021,quercus,
QUA004,2021,quercus,
BOB002,2021,QUWI,
BOB002,2022,QUWI,RESP
BOB008,2021,QUWI,
BOB015,2021,QUWI,
BOB016,2021,QUWI,
CCC001,2021,QUWI,
CCC001,2022,QUWI,RESPROUT
CCC001,2022,QUWI,SEEDLING
CCC002,2021,QUWI,
CCC002,2021,QUWI,
CCC002,2021,QUWI,
CCC002,2022,QUWI,RESPROUT
CCC002,2022,QUWI,SEEDLING
CCC004,2021,QUWI,RESPROUT
CCC004,2022,QUWI,RESPROUT
CCC004,2022,QUWI,SEEDLING
CCC007,2021,QUWI,
CCC007,2022,QUWI,RESPROUT
CCC010,2022,QUWI,RESPROUT
CCC011,2021,QUWI,
CCC011,2022,QUWI,RESPROUT
CCC012,2021,QUWI,
COL012,2021,QUWI,
COL012,2022,QUWI,
COL013,2021,QUWI,RESPROUT
COL014,2021,QUWI,resprout
COL017,2021,QUWI,RESPROUTING
QUA004,2022,QUWI,
QUA016,2021,QUWI,resprout
QUA020,2021,QUWI,RESPROUT
QUA021,2022,QUWI,RESPROUT
QUA022,2022,QUWI,RESP
BOB004,2022,RAFCAL,
BOB011,2022,RAFCAL,
BOB012,2022,RAFCAL,
BOB014,2021,RAFCAL,
BOB014,2022,RAFCAL,
BOB015,2021,RAFCAL,
BOB016,2021,RAFCAL,
BOB017,2021,RAFCAL,
BOB018,2021,RAFCAL,
CCC001,2022,RAFCAL,
CCC001,2022,RAFCAL,
CCC002,2022,RAFCAL,
CCC003,2021,RAFCAL,
CCC003,2022,RAFCAL,
CCC004,2022,RAFCAL,
CCC005,2021,RAFCAL,
CCC005,2022,RAFCAL,
CCC005,2022,RAFCAL,
CCC006,2022,RAFCAL,
CCC008,2021,RAFCAL,
CCC008,2022,RAFCAL,
CCC008,2022,RAFCAL,
CCC009,2022,RAFCAL,
CCC011,2022,RAFCAL,
COL007,2022,RAFCAL,
COL012,2022,RAFCAL,
COL013,2022,RAFCAL,
COL014,2021,RAFCAL,
COL017,2021,RAFCAL,
COL017,2022,RAFCAL,
COL018,2022,RAFCAL,
QUA002,2022,RAFCAL,
QUA002,2022,RAFCAL,
QUA003,2022,RAFCAL,
QUA005,2021,RAFCAL,
QUA005,2022,RAFCAL,
QUA006,2022,RAFCAL,
QUA008,2022,RAFCAL,
QUA008,2022,RAFCAL,
QUA009,2022,RAFCAL,
QUA009,2022,RAFCAL,
QUA011,2022,RAFCAL,
QUA015,2021,RAFCAL,
QUA015,2022,RAFCAL,
QUA015,2022,RAFCAL,
QUA016,2022,RAFCAL,
QUA020,2022,RAFCAL,
QUA021,2022,RAFCAL,
QUA022,2021,RAFCAL,
QUA022,2022,RAFCAL,
QUA024,2022,RAFCAL,
QUA025,2022,RAFCAL,
BOB002,2021,RANHEB,
BOB002,2022,RANHEB,
BOB003,2022,RANHEB,
BOB007,2021,RANHEB,
BOB007,2022,RANHEB,
BOB007,2022,RANHEB,
BOB008,2021,RANHEB,
BOB008,2022,RANHEB,
BOB013,2021,RANHEB,
BOB013,2022,RANHEB,
BOB014,2021,RANHEB,
BOB014,2022,RANHEB,
BOB015,2021,RANHEB,
BOB015,2022,RANHEB,
BOB016,2021,RANHEB,
BOB016,2022,RANHEB,
CCC001,2021,RANHEB,
CCC001,2022,RANHEB,
CCC001,2022,RANHEB,
CCC002,2021,RANHEB,
CCC002,2022,RANHEB,
CCC004,2021,RANHEB,
CCC004,2022,RANHEB,
CCC010,2021,RANHEB,
CCC010,2022,RANHEB,
CCC012,2021,RANHEB,
COL007,2021,RANHEB,
COL012,2021,RANHEB,
COL014,2021,RANHEB,
COL014,2022,RANHEB,
COL017,2021,RANHEB,
QUA016,2021,RANHEB,
QUA020,2021,RANHEB,
QUA020,2022,RANHEB,
QUA021,2021,RANHEB,
QUA021,2022,RANHEB,
QUA022,2021,RANHEB,
QUA024,2022,RANHEB,
CCC010,2021,RHACAL,
BOB014,2021,RHAILI,
BOB016,2022,RHAILI,
CCC012,2021,RHAILI,
CCC012,2022,RHAILI,RESPROUT
COL017,2021,RHAILI,
COL017,2022,RHAILI,
COL018,2021,RHAILI,
COL018,2022,RHAILI,RESPROUT
QUA008,2021,RHAILI,
QUA020,2022,RHAILI,
BOB013,2021,RIBMAL,
BOB013,2022,RIBMAL,
BOB014,2021,RIBMAL,
BOB014,2022,RIBMAL,
BOB015,2021,RIBMAL,
BOB015,2022,RIBMAL,
BOB016,2021,RIBMAL,
BOB019,2021,RIBMAL,
QUA020,2021,RIBMAL,
BOB011,2022,SALCOL,
BOB012,2022,SALCOL,
BOB017,2021,SALCOL,
BOB017,2022,SALCOL,
BOB017,2022,SALCOL,
CCC005,2022,SALCOL,
CCC006,2022,SALCOL,
CCC009,2021,SALCOL,
CCC009,2022,SALCOL,
COL018,2021,SALCOL,
COL018,2022,SALCOL,
QUA003,2021,SALCOL,
QUA003,2022,SALCOL,
BOB007,2021,SAMNIG,
BOB013,2021,SAMNIG,
BOB013,2022,SAMNIG,
BOB014,2022,SAMNIG,
CCC011,2022,SANBIP,
BOB002,2021,SANCRA,
BOB002,2022,SANCRA,
BOB007,2021,SANCRA,
BOB007,2022,SANCRA,
BOB008,2021,SANCRA,
BOB008,2022,SANCRA,
BOB008,2022,SANCRA,
BOB013,2021,SANCRA,
BOB013,2022,SANCRA,
BOB015,2021,SANCRA,
BOB016,2021,SANCRA,
BOB019,2021,SANCRA,
CCC001,2021,SANCRA,
CCC001,2022,SANCRA,
CCC002,2021,SANCRA,
CCC002,2022,SANCRA,
CCC004,2021,SANCRA,
CCC004,2022,SANCRA,
CCC004,2022,SANCRA,
CCC007,2021,SANCRA,
CCC010,2021,SANCRA,
CCC010,2022,SANCRA,
CCC011,2021,SANCRA,
CCC012,2021,SANCRA,
CCC012,2022,SANCRA,
COL012,2021,SANCRA,
COL012,2022,SANCRA,
COL014,2021,SANCRA,
COL014,2022,SANCRA,
QUA004,2022,SANCRA,
QUA004,2022,SANCRA,
QUA009,2021,SANCRA,
QUA011,2021,SANCRA,
QUA016,2021,SANCRA,
BOB007,2021,SONOLE,
COL018,2021,SONOLE,
BOB007,2022,SCRCAL,
BOB008,2022,SCRCAL,
BOB016,2021,SCRCAL,
CCC004,2022,SCRCAL,
CCC010,2022,SCRCAL,
COL017,2021,SCRCAL,
COL017,2022,SCRCAL,
QUA002,2021,SCRCAL,
QUA005,2021,SCRCAL,
QUA006,2021,SCRCAL,
QUA020,2021,SCUTUB,
QUA021,2021,SCUTUB,
BOB002,2021,SENVUL,
BOB002,2022,SENVUL,
BOB003,2021,SENVUL,
BOB003,2022,SENVUL,
BOB004,2021,SENVUL,
BOB004,2022,SENVUL,
BOB007,2021,SENVUL,
BOB007,2022,SENVUL,
BOB008,2022,SENVUL,
BOB008,2022,SENVUL,
BOB009,2021,SENVUL,
BOB009,2022,SENVUL,
BOB011,2022,SENVUL,
BOB012,2022,SENVUL,
BOB013,2022,SENVUL,
BOB014,2022,SENVUL,
BOB014,2022,SENVUL,
BOB015,2021,SENVUL,
BOB015,2022,SENVUL,
BOB016,2021,SENVUL,
BOB016,2022,SENVUL,
BOB017,2021,SENVUL,
BOB018,2021,SENVUL,
BOB018,2022,SENVUL,
BOB019,2022,SENVUL,
CCC001,2022,SENVUL,
CCC002,2022,SENVUL,
CCC003,2022,SENVUL,
CCC004,2022,SENVUL,
CCC005,2022,SENVUL,
CCC005,2022,SENVUL,
COL007,2021,SENVUL,
COL012,2021,SENVUL,
COL013,2021,SENVUL,
COL013,2022,SENVUL,
COL014,2022,SENVUL,
COL018,2021,SENVUL,
QUA002,2022,SENVUL,
QUA004,2022,SENVUL,
QUA005,2022,SENVUL,
QUA006,2022,SENVUL,
QUA009,2022,SENVUL,
QUA010,2021,SENVUL,
QUA010,2022,SENVUL,
QUA011,2022,SENVUL,
QUA011,2022,SENVUL,
QUA016,2022,SENVUL,
QUA020,2022,SENVUL,
QUA021,2022,SENVUL,
QUA021,2022,SENVUL,
QUA022,2022,SENVUL,
QUA024,2022,SENVUL,
QUA025,2022,SENVUL,
BOB009,2021,SILANT,
BOB011,2021,SILANT,
BOB017,2021,SILANT,
BOB018,2021,SILANT,
CCC002,2022,SILGAL,
CCC004,2021,SILGAL,
CCC004,2022,SILGAL,
BOB003,2022,SILGAL,
BOB004,2021,SILGAL,
BOB004,2022,SILGAL,
BOB006,2021,SILGAL,
BOB006,2022,SILGAL,
BOB007,2022,SILGAL,
BOB008,2021,SILGAL,
BOB008,2022,SILGAL,
BOB009,2022,SILGAL,
BOB010,2021,SILGAL,
BOB016,2021,SILGAL,
BOB017,2021,SILGAL,
BOB017,2022,SILGAL,
BOB019,2021,SILGAL,
BOB019,2022,SILGAL,
CCC002,2021,SILGAL,
CCC008,2022,SILGAL,
CCC009,2021,SILGAL,
CCC009,2022,SILGAL,
CCC010,2022,SILGAL,
CCC010,2022,SILGAL,
CCC012,2022,SILGAL,
COL007,2021,SILGAL,
COL014,2021,SILGAL,GALLICA? COLLECTED
COL014,2022,SILGAL,
COL014,2022,SILGAL,
QUA015,2021,SILGAL,
BOB002,2021,SILMAR,
BOB002,2022,SILMAR,
BOB003,2021,SILMAR,
BOB003,2022,SILMAR,
BOB009,2022,SILMAR,
BOB010,2022,SILMAR,
BOB011,2021,SILMAR,
BOB012,2021,SILMAR,
BOB014,2022,SILMAR,
BOB015,2021,SILMAR,
BOB018,2022,SILMAR,
COL017,2021,SILMAR,
BOB019,2022,SILMAR,
BOB007,2021,SOLXAN,
BOB007,2022,SOLXAN,
BOB008,2022,SOLXAN,
BOB009,2021,SOLXAN,
BOB012,2021,SOLXAN,
BOB012,2022,SOLXAN,
BOB013,2021,SOLXAN,
BOB013,2022,SOLXAN,
BOB014,2022,SOLXAN,
BOB015,2021,SOLXAN,
BOB015,2022,SOLXAN,
BOB016,2021,SOLXAN,
BOB016,2022,SOLXAN,
BOB017,2021,SOLXAN,
BOB018,2021,SOLXAN,
BOB018,2022,SOLXAN,
BOB019,2021,SOLXAN,
CCC007,2021,SOLXAN,
CCC010,2022,SOLXAN,
COL007,2021,SOLXAN,
COL007,2022,SOLXAN,
COL012,2021,SOLXAN,
COL012,2022,SOLXAN,
COL013,2021,SOLXAN,
COL013,2022,SOLXAN,
COL013,2022,SOLXAN,
QUA016,2022,SOLXAN,
QUA021,2022,SOLXAN,
BOB009,2021,SONASP,
BOB014,2021,SONASP,
BOB002,2021,SONOLE,
BOB002,2022,SONOLE,
BOB003,2021,SONOLE,
BOB007,2022,SONOLE,
BOB008,2021,SONOLE,
BOB008,2022,SONOLE,
BOB009,2021,SONOLE,
BOB011,2021,SONOLE,
BOB014,2021,SONOLE,
BOB015,2021,SONOLE,
BOB015,2022,SONOLE,
BOB016,2021,SONOLE,
BOB016,2022,SONOLE,
BOB017,2021,SONOLE,
BOB017,2022,SONOLE,
BOB018,2021,SONOLE,
BOB018,2022,SONOLE,
BOB019,2021,SONOLE,
BOB019,2022,SONOLE,
CCC001,2022,SONOLE,
CCC003,2022,SONOLE,
CCC004,2021,SONOLE,
CCC005,2021,SONOLE,
CCC005,2022,SONOLE,
CCC006,2022,SONOLE,
CCC007,2021,SONOLE,
CCC012,2021,SONOLE,
COL012,2021,SONOLE,
COL012,2021,SONOLE,
COL012,2022,SONOLE,
COL012,2022,SONOLE,
COL013,2021,SONOLE,
COL013,2022,SONOLE,
COL014,2022,SONOLE,
COL017,2022,SONOLE,
COL017,2022,SONOLE,
COL018,2022,SONOLE,
COL018,2022,SONOLE,
QUA003,2022,SONOLE,
QUA004,2022,SONOLE,
QUA005,2022,SONOLE,
QUA006,2022,SONOLE,
QUA008,2022,SONOLE,
QUA011,2022,SONOLE,
QUA015,2022,SONOLE,
QUA016,2022,SONOLE,
QUA016,2022,SONOLE,
QUA020,2021,SONOLE,
QUA020,2022,SONOLE,
QUA020,2022,SONOLE,
QUA021,2021,SONOLE,
QUA021,2022,SONOLE,
QUA021,2022,SONOLE,
QUA022,2022,SONOLE,
QUA024,2022,SONOLE,
QUA025,2022,SONOLE,
QUA025,2022,SONOLE,
BOB019,2022,SOLXAN,
QUA021,2021,STAAJU,
QUA021,2022,STAALB,
QUA021,2021,STARIG,
CCC012,2021,STEMED,
BOB004,2022,STILEP,
BOB006,2021,STILEP,
BOB006,2022,STILEP,
BOB007,2021,STILEP,
BOB009,2021,STILEP,
BOB009,2022,STILEP,
BOB010,2021,STILEP,
BOB010,2022,STILEP,
BOB010,2022,STILEP,
BOB011,2021,STILEP,
BOB012,2021,STILEP,
BOB012,2022,STILEP,
BOB013,2021,STILEP,
BOB013,2022,STILEP,
BOB015,2021,STILEP,
BOB016,2022,STILEP,
BOB017,2021,STILEP,
BOB018,2022,STILEP,
CCC003,2022,STILEP,
CCC005,2021,STILEP,
CCC008,2021,STILEP,
QUA002,2022,STILEP,
QUA005,2022,STILEP,
QUA006,2022,STILEP,
QUA008,2022,STILEP,
QUA008,2022,STILEP,
QUA009,2022,STILEP,
QUA011,2022,STILEP,
QUA015,2022,STILEP,
QUA015,2022,STILEP,
QUA025,2022,STILEP,
BOB012,2021,STIPUL,
BOB016,2021,STIPUL,
BOB018,2021,STIPUL,
CCC009,2021,STRGLA,
COL017,2021,STRGLA,
QUA003,2022,STRGLA,
BOB008,2022,SYMALB,
BOB008,2022,SYMALB,
CCC004,2022,SYMALB,
COL014,2022,SYMALB,
BOB007,2022,SYMMOL,
BOB008,2021,SYMMOL,
BOB019,2021,SYMMOL,
CCC001,2021,SYMMOL,
CCC001,2022,SYMMOL,
CCC002,2021,SYMMOL,
CCC004,2021,SYMMOL,
COL012,2022,SYMMOL,
COL014,2021,SYMMOL,
QUA009,2021,GRASS_UNK,LNU8
QUA004,2021,GRASS_UNK,
QUA006,2021,GRASS_UNK,
BOB003,2021,THYCUR,
BOB003,2022,THYCUR,
BOB007,2022,THYCUR,
BOB008,2022,THYCUR,
BOB008,2022,THYCUR,
BOB010,2021,THYCUR,
BOB010,2022,THYCUR,
BOB013,2021,THYCUR,
BOB013,2022,THYCUR,
BOB014,2022,THYCUR,
BOB015,2022,THYCUR,
BOB016,2021,THYCUR,
BOB016,2022,THYCUR,
BOB016,2022,THYCUR,
BOB017,2022,THYCUR,
BOB018,2022,THYCUR,
BOB019,2022,THYCUR,
CCC001,2022,THYCUR,
CCC002,2022,THYCUR,
CCC003,2022,THYCUR,
CCC004,2022,THYCUR,
CCC004,2022,THYCUR,
CCC005,2022,THYCUR,
CCC006,2022,THYCUR,
CCC010,2021,THYCUR,
CCC010,2022,THYCUR,
CCC012,2021,THYCUR,
CCC012,2022,THYCUR,
COL007,2021,THYCUR,
COL007,2021,THYCUR,
COL012,2022,THYCUR,
COL013,2021,THYCUR,
COL014,2022,THYCUR,
COL017,2022,THYCUR,
COL018,2021,THYCUR,
QUA002,2021,THYCUR,
QUA008,2022,THYCUR,
QUA010,2022,THYCUR,
QUA010,2021,THYCUR,
QUA016,2022,THYCUR,
QUA020,2022,THYCUR,
QUA024,2022,THYCUR,
BOB016,2021,TORARV,
BOB019,2021,TORARV,
BOB019,2022,TORARV,
CCC001,2021,TORARV,
CCC001,2022,TORARV,
CCC002,2021,TORARV,
CCC002,2021,TORARV,
CCC004,2021,TORARV,
CCC010,2021,TORARV,
CCC010,2022,TORARV,
CCC012,2021,TORARV,
CCC012,2022,TORARV,
COL014,2021,TORARV,
QUA001,2021,TORARV,
QUA003,2021,TORARV,
QUA021,2021,TORARV,
QUA024,2022,TORARV,
COL017,2021,TORILIS,collected
BOB007,2021,TORNOD,
BOB007,2022,TORNOD,
BOB008,2021,TORNOD,
BOB008,2022,TORNOD,
BOB011,2021,TORNOD,
BOB013,2021,TORNOD,
BOB013,2022,TORNOD,
BOB014,2021,TORNOD,
BOB014,2022,TORNOD,
BOB015,2021,TORNOD,
BOB015,2022,TORNOD,
BOB016,2021,TORNOD,
BOB016,2022,TORNOD,
BOB018,2021,TORNOD,
CCC001,2021,TORNOD,
CCC001,2022,TORNOD,
CCC002,2021,TORNOD,
CCC002,2022,TORNOD,
CCC004,2022,TORNOD,
CCC004,2022,TORNOD,
CCC010,2022,TORNOD,
CCC011,2022,TORNOD,
CCC012,2022,TORNOD,
COL012,2021,TORNOD,
COL012,2021,TORNOD,
COL014,2021,TORNOD,
COL014,2022,TORNOD,
COL017,2022,TORNOD,
QUA001,2021,TORNOD,
QUA004,2021,TORNOD,
QUA004,2022,TORNOD,
QUA005,2021,TORNOD,
QUA008,2021,TORNOD,
QUA008,2022,TORNOD,
QUA009,2021,TORNOD,
QUA011,2021,TORNOD,
QUA015,2021,TORNOD,
QUA016,2022,TORNOD,
QUA020,2021,TORNOD,
QUA020,2022,TORNOD,
QUA021,2021,TORNOD,
QUA021,2022,TORNOD,
QUA021,2022,TORNOD,
QUA022,2021,TORNOD,
QUA022,2022,TORNOD,
QUA024,2022,TORNOD,
QUA025,2022,TORNOD,
BOB001,2021,TOXDIV,
BOB002,2022,TOXDIV,
BOB003,2021,TOXDIV,
BOB007,2022,TOXDIV,
BOB007,2022,TOXDIV,
BOB008,2021,TOXDIV,
BOB008,2022,TOXDIV,
BOB013,2021,TOXDIV,
BOB013,2022,TOXDIV,
BOB014,2021,TOXDIV,
BOB014,2022,TOXDIV,RESPROUT
BOB015,2021,TOXDIV,
BOB015,2022,TOXDIV,
BOB016,2021,TOXDIV,
BOB016,2022,TOXDIV,
BOB019,2021,TOXDIV,
BOB019,2022,TOXDIV,
CCC001,2021,TOXDIV,
CCC001,2022,TOXDIV,
CCC002,2021,TOXDIV,
CCC002,2022,TOXDIV,
CCC004,2021,TOXDIV,
CCC004,2022,TOXDIV,
CCC004,2022,TOXDIV,
CCC007,2021,TOXDIV,
CCC007,2022,TOXDIV,RESPROUT
CCC008,2022,TOXDIV,
CCC010,2021,TOXDIV,
CCC010,2022,TOXDIV,RESPROUT
CCC011,2021,TOXDIV,
CCC011,2022,TOXDIV,RESPROUT
CCC012,2021,TOXDIV,
CCC012,2022,TOXDIV,RESPROUT
COL007,2022,TOXDIV,
COL012,2021,TOXDIV,
COL012,2022,TOXDIV,
COL013,2021,TOXDIV,
COL013,2022,TOXDIV,
COL014,2021,TOXDIV,
COL014,2022,TOXDIV,
COL017,2022,TOXDIV,
COL017,2021,TOXDIV,
QUA001,2021,TOXDIV,
QUA004,2021,TOXDIV,
QUA004,2022,TOXDIV,
QUA005,2021,TOXDIV,
QUA005,2022,TOXDIV,
QUA006,2021,TOXDIV,
QUA006,2022,TOXDIV,RESPROUT
QUA006,2022,TOXDIV,
QUA008,2021,TOXDIV,
QUA008,2022,TOXDIV,
QUA010,2021,TOXDIV,
QUA010,2022,TOXDIV,
QUA010,2022,TOXDIV,
QUA011,2022,TOXDIV,
QUA015,2021,TOXDIV,
QUA015,2022,TOXDIV,
QUA016,2021,TOXDIV,
QUA016,2022,TOXDIV,
QUA020,2021,TOXDIV,
QUA020,2022,TOXDIV,
QUA021,2021,TOXDIV,
QUA021,2022,TOXDIV,RESPROUT
QUA021,2022,TOXDIV,
QUA024,2022,TOXDIV,
QUA025,2022,TOXDIV,RESPROUT
QUA025,2022,TOXDIV,RESPROUT
QUA025,2022,TOXDIV,RESPROUT
BOB007,2021,TOXFRE,
BOB007,2022,TOXFRE,
BOB007,2022,TOXFRE,
BOB008,2021,TOXFRE,
BOB008,2022,TOXFRE,
BOB008,2022,TOXFRE,
BOB014,2021,TOXFRE,
BOB014,2022,TOXFRE,
BOB015,2021,TOXFRE,
BOB015,2022,TOXFRE,
BOB016,2021,TOXFRE,
BOB016,2022,TOXFRE,
BOB019,2021,TOXFRE,
BOB019,2022,TOXFRE,
BOB019,2022,TOXFRE,
CCC004,2021,TOXFRE,
CCC005,2021,TOXFRE,
CCC006,2021,TOXFRE,
CCC006,2022,TOXFRE,
COL007,2021,TOXFRE,
COL007,2021,TOXFRE,
QUA001,2021,TOXFRE,
QUA002,2021,TOXFRE,
QUA008,2021,TOXFRE,
QUA011,2021,TOXFRE,
QUA011,2022,TOXFRE,
QUA015,2021,TOXFRE,
QUA015,2022,TOXFRE,
QUA016,2021,TOXFRE,
QUA016,2022,TOXFRE,
QUA016,2022,TOXFRE,
QUA020,2021,TOXFRE,
QUA021,2021,TOXFRE,
QUA021,2022,TOXFRE,
QUA021,2022,TOXFRE,
QUA022,2021,TOXFRE,
QUA022,2021,TOXFRE,
QUA022,2022,TOXFRE,
QUA024,2022,TOXFRE,
QUA024,2022,TOXFRE,
QUA025,2022,TOXFRE,
CCC008,2021,TRIALB,
COL017,2022,TRIALB,
BOB001,2022,TRIBIF,
BOB001,2022,TRIBIF,
BOB002,2022,TRIBIF,
BOB013,2022,TRIBIF,
BOB013,2022,TRIBIF,
CCC005,2022,TRIBIF,
CCC007,2022,TRIBIF,
CCC012,2022,TRIBIF,
COL014,2022,TRIBIF,
QUA016,2022,TRIBIF,
QUA020,2022,TRIBIF,
BOB002,2021,TRICIL,
BOB003,2021,TRICIL,
BOB012,2021,TRICIL,
BOB012,2022,TRICIL,
BOB013,2021,TRICIL,
BOB015,2021,TRICIL,
CCC007,2021,TRICIL,
CCC007,2022,TRICIL,
COL014,2022,TRICIL,
BOB004,2021,TRIFOLIUM,
BOB004,2022,TRIFOLIUM,
BOB013,2022,TRIFOLIUM,
COL014,2021,TRIFOLIUM,PIC
QUA010,2021,TRIFOLIUM,
COL018,2022,TRIFOLIUM,
CCC007,2021,TRIFOLIUM,
CCC012,2021,TRIFOLIUM,
QUA009,2021,TRIFOLIUM,
QUA011,2021,TRIFOLIUM,
QUA010,2021,TRIFOLIUM,
BOB001,2022,TRIHIR,
BOB001,2022,TRIHIR,
BOB002,2022,TRIHIR,
BOB003,2022,TRIHIR,
BOB006,2021,TRIHIR,
BOB006,2022,TRIHIR,
BOB006,2022,TRIHIR,
BOB007,2022,TRIHIR,
BOB009,2021,TRIHIR,
BOB009,2022,TRIHIR,
BOB011,2022,TRIHIR,
BOB011,2021,TRIHIR,
BOB012,2021,TRIHIR,
BOB012,2022,TRIHIR,
BOB014,2021,TRIHIR,
BOB015,2022,TRIHIR,
BOB019,2021,TRIHIR,
BOB019,2022,TRIHIR,
BOB019,2022,TRIHIR,
CCC012,2022,TRIHIR,
COL014,2021,TRIHIR,
COL014,2022,TRIHIR,
QUA006,2022,TRIHIR,
BOB002,2021,TRILAX,
BOB002,2022,TRILAX,
BOB007,2021,TRILAX,
BOB007,2022,TRILAX,
BOB008,2021,TRILAX,
BOB012,2021,TRILAX,
BOB012,2021,TRILAX,
BOB012,2022,TRILAX,
BOB013,2021,TRILAX,
BOB013,2022,TRILAX,
BOB014,2021,TRILAX,
BOB015,2021,TRILAX,
BOB016,2021,TRILAX,
BOB016,2022,TRILAX,
BOB019,2021,TRILAX,
BOB019,2022,TRILAX,
CCC001,2021,TRILAX,
CCC005,2021,TRILAX,
CCC005,2022,TRILAX,
CCC007,2021,TRILAX,
CCC007,2022,TRILAX,
CCC008,2022,TRILAX,
CCC008,2022,TRILAX,
CCC010,2021,TRILAX,
CCC011,2021,TRILAX,
CCC011,2022,TRILAX,
CCC012,2021,TRILAX,
CCC012,2022,TRILAX,
COL007,2022,TRILAX,
COL012,2022,TRILAX,
COL017,2022,TRILAX,
QUA004,2022,TRILAX,
QUA008,2022,TRILAX,
QUA011,2022,TRILAX,
QUA020,2021,TRILAX,
QUA021,2021,TRILAX,
QUA022,2021,TRILAX,
QUA022,2022,TRILAX,
BOB001,2021,TRIMIC,
BOB001,2022,TRIMIC,
BOB001,2022,TRIMIC,
BOB002,2021,TRIMIC,
BOB002,2022,TRIMIC,
BOB003,2021,TRIMIC,
BOB003,2022,TRIMIC,
BOB005,2021,TRIMIC,
BOB006,2022,TRIMIC,
BOB007,2021,TRIMIC,
BOB008,2022,TRIMIC,
BOB010,2021,TRIMIC,
BOB010,2022,TRIMIC,
BOB012,2022,TRIMIC,
BOB013,2021,TRIMIC,
BOB013,2022,TRIMIC,
CCC003,2021,TRIMIC,
CCC005,2021,TRIMIC,
CCC005,2022,TRIMIC,
CCC006,2022,TRIMIC,
CCC007,2022,TRIMIC,
CCC008,2021,TRIMIC,
CCC008,2022,TRIMIC,
CCC009,2021,TRIMIC,
CCC009,2022,TRIMIC,
CCC012,2022,TRIMIC,
COL007,2021,TRIMIC,
COL007,2022,TRIMIC,
COL007,2022,TRIMIC,
COL012,2021,TRIMIC,
COL012,2021,TRIMIC,
COL012,2022,TRIMIC,
COL013,2021,TRIMIC,
COL013,2022,TRIMIC,
COL013,2022,TRIMIC,
COL014,2021,TRIMIC,
COL014,2022,TRIMIC,
COL017,2021,TRIMIC,
COL017,2021,TRIMIC,
COL017,2022,TRIMIC,
COL017,2022,TRIMIC,
COL018,2021,TRIMIC,
QUA002,2021,TRIMIC,
QUA003,2021,TRIMIC,
QUA004,2021,TRIMIC,
QUA004,2022,TRIMIC,
QUA008,2021,TRIMIC,
QUA011,2021,TRIMIC,
QUA011,2021,TRIMIC,
QUA011,2022,TRIMIC,
QUA015,2021,TRIMIC,
QUA015,2022,TRIMIC,
QUA016,2021,TRIMIC,
QUA016,2022,TRIMIC,
QUA016,2022,TRIMIC,
QUA022,2021,TRIMIC,
QUA022,2022,TRIMIC,
QUA024,2022,TRIMIC,
BOB016,2021,TRIMIC2,
BOB017,2021,TRIMIC2,
CCC006,2021,TRIMIC2,
CCC007,2021,TRIMIC2,
CCC007,2022,TRIMIC2,
CCC008,2021,TRIMIC2,
CCC008,2022,TRIMIC2,
BOB001,2022,TRIWIL,
BOB002,2022,TRIWIL,
BOB013,2022,TRIWIL,
BOB016,2021,TRIWIL,
BOB016,2022,TRIWIL,
BOB017,2021,TRIWIL,
BOB019,2022,TRIWIL,
CCC010,2022,TRIWIL,
COL007,2021,TRIWIL,
COL007,2022,TRIWIL,
COL013,2021,TRIWIL,
QUA001,2021,TRIWIL,
QUA015,2021,TRIWIL,
QUA016,2021,TRIWIL,
QUA022,2021,TRIWIL,
QUA024,2022,TRIWIL,
CCC002,2022,UMBCAL,RESPROUT
CCC004,2022,UMBCAL,RESPROUT
BOB016,2021,unknown_forb,
BOB008,2022,ASTER,
BOB019,2022,ASTER,
CCC006,2021,ASTER,
BOB003,2022,grass_unk,
BOB001,2021,UROLIN,
BOB001,2022,UROLIN,
BOB001,2022,UROLIN,
BOB005,2022,UROLIN,
BOB006,2021,UROLIN,
BOB007,2022,UROLIN,
BOB009,2022,UROLIN,
BOB011,2022,UROLIN,
BOB012,2022,UROLIN,
BOB014,2022,UROLIN,
BOB015,2021,UROLIN,
CCC001,2022,UROLIN,
CCC001,2022,UROLIN,
CCC002,2022,UROLIN,
CCC002,2022,UROLIN,
CCC003,2022,UROLIN,
CCC004,2022,UROLIN,
CCC005,2022,UROLIN,
CCC006,2022,UROLIN,
CCC009,2022,UROLIN,
CCC009,2022,UROLIN,
CCC010,2021,UROLIN,
CCC010,2022,UROLIN,
CCC011,2021,UROLIN,
CCC011,2022,UROLIN,
CCC012,2021,UROLIN,
COL007,2021,UROLIN,
COL007,2022,UROLIN,
COL012,2022,UROLIN,
COL013,2021,UROLIN,
COL013,2022,UROLIN,
COL013,2022,UROLIN,
COL014,2022,UROLIN,
COL017,2021,UROLIN,
COL017,2021,UROLIN,
COL017,2022,UROLIN,
COL018,2021,UROLIN,
QUA003,2022,UROLIN,
QUA006,2022,UROLIN,
QUA008,2022,UROLIN,
QUA009,2022,UROLIN,
QUA010,2022,UROLIN,
QUA011,2022,UROLIN,
QUA015,2022,UROLIN,
QUA016,2021,UROLIN,
QUA016,2022,UROLIN,
QUA020,2022,UROLIN,
QUA021,2022,UROLIN,
QUA025,2022,UROLIN,
BOB007,2022,WYEANG,
BOB013,2021,WYEANG,
BOB013,2022,WYEANG,
CCC007,2022,WYEANG,
CCC008,2021,WYEANG,
CCC010,2021,WYEANG,
CCC010,2022,WYEANG,
CCC011,2021,WYEANG,
CCC011,2022,WYEANG,
BOB008,2021,YABMIC,
BOB013,2021,YABMIC,
CCC001,2021,YABMIC,
CCC012,2021,YABMIC,